{"type":"FeatureCollection","name":"mt_municipios","features":[{"type":"Feature","properties":{"code":"5100102","name":"Acorizal"},"geometry":{"type":"Polygon","coordinates":[[[-56.4505,-15.1436],[-56.4327,-15.161],[-56.4223,-15.157],[-56.4097,-15.1616],[-56.406,-15.1867],[-56.39,-15.2034],[-56.4066,-15.2218],[-56.4237,-15.2141],[-56.4434,-15.2395],[-56.4514,-15.2679],[-56.4355,-15.288],[-56.4314,-15.3187],[-56.4098,-15.3643],[-56.3902,-15.3933],[-56.3555,-15.4123],[-56.3479,-15.4004],[-56.33,-15.3915],[-56.3288,-15.3843],[-56.3098,-15.376],[-56.3045,-15.3602],[-56.2787,-15.3401],[-56.2859,-15.3168],[-56.2769,-15.2891],[-56.2828,-15.2711],[-56.302,-15.2539],[-56.3003,-15.2456],[-56.2779,-15.2278],[-56.2753,-15.2102],[-56.2174,-15.1894],[-56.1234,-15.1304],[-56.1148,-15.117],[-56.1049,-15.1161],[-56.1293,-15.097],[-56.1363,-15.1026],[-56.1466,-15.0987],[-56.174,-15.1037],[-56.1918,-15.0974],[-56.2014,-15.0851],[-56.2017,-15.0695],[-56.2113,-15.0629],[-56.1887,-15.0343],[-56.1917,-15.0082],[-56.2084,-14.9862],[-56.2423,-14.9765],[-56.2439,-14.9861],[-56.2693,-14.9972],[-56.272,-15.0073],[-56.3117,-15.0258],[-56.3209,-15.0389],[-56.3315,-15.0368],[-56.3462,-15.0454],[-56.3717,-15.0438],[-56.3917,-15.0737],[-56.4017,-15.0648],[-56.4133,-15.0648],[-56.4166,-15.0702],[-56.4316,-15.0708],[-56.4418,-15.087],[-56.4655,-15.0869],[-56.4661,-15.0965],[-56.4518,-15.1041],[-56.4546,-15.112],[-56.4646,-15.1135],[-56.4646,-15.1231],[-56.4517,-15.1331],[-56.4505,-15.1436]]]}},{"type":"Feature","properties":{"code":"5100201","name":"Água Boa"},"geometry":{"type":"Polygon","coordinates":[[[-52.3304,-14.5346],[-52.3182,-14.5414],[-52.3102,-14.5386],[-52.2445,-14.4193],[-52.1724,-14.386],[-52.169,-14.3174],[-52.1094,-14.3039],[-52.0878,-14.275],[-52.0736,-14.2686],[-52.0678,-14.2543],[-52.0203,-14.2266],[-52.01,-14.2284],[-51.9902,-14.2193],[-51.9828,-14.2241],[-51.9786,-14.2171],[-51.9559,-14.2257],[-51.9309,-14.2172],[-51.9253,-14.1891],[-51.9033,-14.1646],[-51.8901,-14.1589],[-51.8902,-14.1496],[-51.8738,-14.1247],[-51.8742,-14.1119],[-51.8578,-14.0998],[-51.8414,-14.0587],[-51.8235,-14.0469],[-51.8344,-14.0416],[-51.8433,-14.0215],[-51.8537,-14.014],[-51.8756,-14.0085],[-51.9122,-13.9867],[-51.9488,-13.9777],[-51.981,-13.9816],[-52.0093,-13.9769],[-52.0218,-13.9576],[-52.0655,-13.9399],[-52.0783,-13.956],[-52.0935,-13.9194],[-52.0609,-13.8833],[-52.0642,-13.8667],[-52.0384,-13.832],[-52.0418,-13.758],[-52.0733,-13.7515],[-52.1029,-13.7237],[-52.1265,-13.723],[-52.1633,-13.7016],[-52.1972,-13.7036],[-52.2115,-13.6979],[-52.2173,-13.7156],[-52.4183,-13.6669],[-53.101,-13.6351],[-53.0928,-13.655],[-53.1034,-13.6643],[-53.1144,-13.7304],[-53.0942,-13.7482],[-53.0999,-13.7678],[-53.0917,-13.7808],[-53.0662,-13.7935],[-53.0643,-13.8078],[-53.0531,-13.8145],[-53.0574,-13.8362],[-53.046,-13.8369],[-53.0342,-13.8877],[-53.0261,-13.8997],[-53.0169,-13.8988],[-53.0237,-13.9207],[-53.0001,-13.9444],[-53.0156,-13.9644],[-53.0099,-13.9668],[-53.0128,-13.9747],[-52.9956,-13.9763],[-52.9914,-13.9866],[-52.9928,-14.0105],[-53.0099,-14.0136],[-53.0083,-14.0218],[-53.0327,-14.0314],[-53.0212,-14.0493],[-53.0267,-14.0657],[-53.0159,-14.0741],[-53.0188,-14.0864],[-53.0392,-14.1041],[-53.0322,-14.112],[-53.0344,-14.1261],[-53.0138,-14.147],[-53.0129,-14.1698],[-52.9854,-14.1985],[-52.9889,-14.2068],[-52.9802,-14.2245],[-52.9721,-14.2321],[-52.9608,-14.2321],[-52.9549,-14.242],[-52.9365,-14.2461],[-52.9299,-14.2554],[-52.9102,-14.2494],[-52.8852,-14.2557],[-52.8468,-14.2472],[-52.8266,-14.2497],[-52.8203,-14.237],[-52.7955,-14.2289],[-52.7669,-14.2236],[-52.7543,-14.2307],[-52.7424,-14.2224],[-52.6859,-14.2115],[-52.6505,-14.1822],[-52.6221,-14.188],[-52.6245,-14.1949],[-52.6085,-14.2081],[-52.5875,-14.2065],[-52.567,-14.1943],[-52.559,-14.1996],[-52.5441,-14.196],[-52.5231,-14.1789],[-52.4809,-14.1926],[-52.4357,-14.1843],[-52.4281,-14.1779],[-52.3824,-14.1835],[-52.3744,-14.2303],[-52.3818,-14.231],[-52.3788,-14.2455],[-52.396,-14.2814],[-52.3943,-14.2888],[-52.3813,-14.3042],[-52.3686,-14.3016],[-52.3655,-14.3186],[-52.3549,-14.3192],[-52.3537,-14.3284],[-52.3242,-14.3505],[-52.3313,-14.3573],[-52.3348,-14.3773],[-52.3253,-14.3863],[-52.3338,-14.4038],[-52.3241,-14.4132],[-52.3226,-14.4346],[-52.3116,-14.4437],[-52.3093,-14.4603],[-52.3117,-14.4695],[-52.3222,-14.4684],[-52.3288,-14.5002],[-52.3188,-14.5256],[-52.3204,-14.5354],[-52.3304,-14.5346]]]}},{"type":"Feature","properties":{"code":"5100250","name":"Alta Floresta"},"geometry":{"type":"Polygon","coordinates":[[[-55.8672,-9.4343],[-56.2723,-9.4008],[-56.2773,-9.4156],[-56.2711,-9.4345],[-56.2585,-9.4444],[-56.2533,-9.472],[-56.2633,-9.4958],[-56.3077,-9.5478],[-56.34,-9.6314],[-56.3414,-9.6829],[-56.3563,-9.7241],[-56.3505,-9.7377],[-56.3562,-9.7644],[-56.3283,-9.8098],[-56.3308,-9.8285],[-56.3397,-9.8291],[-56.3479,-9.8689],[-56.3303,-9.9019],[-56.3793,-9.9195],[-56.4435,-9.9076],[-56.4893,-9.9312],[-56.5265,-9.9355],[-56.5921,-9.9186],[-56.6356,-9.9307],[-56.6526,-9.929],[-56.6583,-9.9361],[-56.8977,-9.9481],[-56.938,-9.9363],[-56.9413,-9.9493],[-56.9241,-9.9606],[-56.9308,-9.9771],[-56.9275,-10.0004],[-56.9055,-10.0329],[-56.9037,-10.0414],[-56.9108,-10.0491],[-56.8992,-10.0543],[-56.9377,-10.0694],[-56.9488,-10.0844],[-56.9496,-10.0982],[-56.9726,-10.1227],[-56.9577,-10.1247],[-56.9456,-10.1452],[-56.9327,-10.1421],[-56.929,-10.1488],[-56.9458,-10.1524],[-56.9418,-10.1657],[-56.9518,-10.1812],[-56.9432,-10.1935],[-56.944,-10.2219],[-56.9307,-10.2428],[-56.9373,-10.2577],[-56.9263,-10.2707],[-56.9311,-10.2761],[-56.9567,-10.2784],[-56.9677,-10.2907],[-56.9666,-10.3226],[-56.9876,-10.3268],[-56.981,-10.3341],[-56.9792,-10.3606],[-56.9625,-10.3604],[-56.946,-10.3684],[-56.9332,-10.3656],[-56.9283,-10.3717],[-56.8502,-10.373],[-56.8332,-10.3856],[-56.8164,-10.3841],[-56.8049,-10.3911],[-56.808,-10.411],[-56.7905,-10.4086],[-56.7896,-10.4228],[-56.7649,-10.4301],[-56.7628,-10.4486],[-56.7536,-10.4619],[-56.7337,-10.4764],[-56.7215,-10.4731],[-56.7135,-10.4842],[-56.7114,-10.5093],[-56.6897,-10.5337],[-56.6832,-10.5319],[-56.651,-10.5769],[-56.6515,-10.5846],[-56.6076,-10.6019],[-56.5822,-10.6016],[-56.4693,-10.6694],[-56.4337,-10.6827],[-56.4017,-10.6593],[-56.3931,-10.6374],[-56.401,-10.622],[-56.4111,-10.6193],[-56.405,-10.5908],[-56.409,-10.5796],[-56.3542,-10.5916],[-56.3379,-10.5778],[-56.3093,-10.5862],[-56.265,-10.5793],[-56.2559,-10.5484],[-56.2305,-10.531],[-56.2408,-10.5171],[-56.2365,-10.4969],[-56.2508,-10.49],[-56.2725,-10.4543],[-56.2848,-10.4482],[-56.2774,-10.4265],[-56.2957,-10.4163],[-56.2818,-10.406],[-56.2699,-10.4083],[-56.262,-10.3989],[-56.2548,-10.403],[-56.2431,-10.3915],[-56.2224,-10.3996],[-56.1759,-10.3901],[-56.1725,-10.3847],[-56.16,-10.3879],[-56.1408,-10.369],[-56.11,-10.3664],[-56.1024,-10.3523],[-56.0639,-10.3403],[-56.0603,-10.3331],[-56.0615,-10.3214],[-56.0965,-10.2863],[-56.132,-10.2757],[-56.1324,-10.2587],[-56.1451,-10.25],[-56.1744,-10.2507],[-56.1828,-10.261],[-56.2046,-10.2652],[-56.2164,-10.287],[-56.2396,-10.2842],[-56.1969,-10.202],[-56.1739,-10.173],[-56.1185,-10.1479],[-56.1044,-10.1336],[-56.097,-10.1074],[-56.0695,-10.1122],[-56.059,-10.1071],[-56.052,-10.1207],[-56.0028,-10.1243],[-55.9378,-10.0636],[-55.9076,-10.051],[-55.8958,-10.0373],[-55.9018,-9.9995],[-55.875,-9.9569],[-55.8614,-9.8681],[-55.8414,-9.8344],[-55.8395,-9.7929],[-55.8231,-9.7711],[-55.8322,-9.7365],[-55.8654,-9.721],[-55.8894,-9.6774],[-55.9195,-9.6523],[-55.9339,-9.6085],[-55.9315,-9.5868],[-55.9227,-9.5858],[-55.8942,-9.522],[-55.8916,-9.5088],[-55.9058,-9.4888],[-55.9029,-9.4566],[-55.8891,-9.4446],[-55.8695,-9.4474],[-55.8672,-9.4343]]]}},{"type":"Feature","properties":{"code":"5100300","name":"Alto Araguaia"},"geometry":{"type":"Polygon","coordinates":[[[-53.242,-17.5042],[-53.2236,-17.4583],[-53.2314,-17.4404],[-53.1972,-17.3783],[-53.2173,-17.2968],[-53.1946,-17.2753],[-53.1974,-17.2605],[-53.1867,-17.2588],[-53.166,-17.2214],[-53.1551,-17.1866],[-53.1569,-17.1712],[-53.1421,-17.1714],[-53.1394,-17.1618],[-53.1282,-17.1549],[-53.1107,-17.1081],[-53.0889,-17.1008],[-53.055,-17.0644],[-53.0613,-17.0462],[-53.069,-17.0414],[-53.0612,-17.0307],[-53.0638,-17.0165],[-53.052,-17.0047],[-53.0545,-16.9684],[-53.0468,-16.9636],[-53.0473,-16.9493],[-53.035,-16.9425],[-53.039,-16.9121],[-53.0192,-16.9002],[-53.0135,-16.8764],[-53.0177,-16.8596],[-53.0307,-16.8654],[-53.0533,-16.8627],[-53.0829,-16.8468],[-53.1067,-16.8444],[-53.1222,-16.826],[-53.1366,-16.8327],[-53.1542,-16.8254],[-53.1601,-16.8293],[-53.1733,-16.8151],[-53.2057,-16.8127],[-53.2251,-16.8186],[-53.2295,-16.8105],[-53.2427,-16.8081],[-53.3064,-16.8191],[-53.362,-16.8527],[-53.3556,-16.8702],[-53.3256,-16.8668],[-53.3218,-16.8814],[-53.3089,-16.8921],[-53.2888,-16.8927],[-53.2728,-16.904],[-53.2644,-16.9203],[-53.3093,-16.9527],[-53.3336,-16.9813],[-53.3533,-16.9905],[-53.538,-17.2204],[-53.5467,-17.2407],[-53.5621,-17.2501],[-53.6831,-17.2255],[-53.6801,-17.2541],[-53.7039,-17.6613],[-53.72,-17.6688],[-53.7278,-17.6636],[-53.7855,-17.6764],[-53.8063,-17.6724],[-53.8134,-17.6815],[-53.8559,-17.7027],[-53.8609,-17.7207],[-53.8884,-17.749],[-53.8955,-17.777],[-53.9132,-17.808],[-53.9412,-17.8402],[-53.9557,-17.883],[-53.9474,-17.9085],[-53.9517,-17.9158],[-53.9386,-17.9201],[-53.9324,-17.9132],[-53.9242,-17.92],[-53.8986,-17.9088],[-53.8788,-17.9228],[-53.8542,-17.9258],[-53.8236,-17.95],[-53.8216,-17.9589],[-53.8122,-17.9595],[-53.8117,-17.9684],[-53.7742,-18.0008],[-53.7367,-17.9949],[-53.7268,-18.0035],[-53.7193,-17.9981],[-53.7157,-18.0063],[-53.6927,-18.0069],[-53.6764,-17.9899],[-53.6625,-17.986],[-53.6612,-17.9775],[-53.6162,-17.9787],[-53.5901,-18.0097],[-53.575,-18.0127],[-53.565,-18.0046],[-53.5576,-18.0118],[-53.5179,-18.0206],[-53.4861,-18.0404],[-53.4679,-18.0349],[-53.4573,-17.9997],[-53.435,-17.9846],[-53.4179,-17.9948],[-53.4039,-17.9926],[-53.4046,-17.9648],[-53.3974,-17.9415],[-53.4134,-17.9309],[-53.4296,-17.8904],[-53.4642,-17.8979],[-53.4716,-17.873],[-53.4835,-17.8602],[-53.5016,-17.8601],[-53.5025,-17.8312],[-53.5232,-17.8184],[-53.5252,-17.8105],[-53.5472,-17.8078],[-53.5459,-17.7981],[-53.5339,-17.8013],[-53.5353,-17.7868],[-53.5279,-17.7845],[-53.543,-17.7671],[-53.5273,-17.7642],[-53.5147,-17.7489],[-53.5179,-17.7404],[-53.5366,-17.7391],[-53.5395,-17.7332],[-53.528,-17.7303],[-53.526,-17.7145],[-53.502,-17.7192],[-53.4951,-17.7146],[-53.4501,-17.7366],[-53.4006,-17.7249],[-53.3447,-17.5885],[-53.3339,-17.5744],[-53.2924,-17.552],[-53.2816,-17.5336],[-53.242,-17.5042]]]}},{"type":"Feature","properties":{"code":"5100359","name":"Alto Boa Vista"},"geometry":{"type":"Polygon","coordinates":[[[-51.3354,-11.8471],[-51.3376,-11.8191],[-51.3445,-11.8144],[-51.3561,-11.8216],[-51.3625,-11.8078],[-51.3722,-11.8032],[-51.3641,-11.7973],[-51.3694,-11.7439],[-51.3495,-11.7257],[-51.3214,-11.7168],[-51.2844,-11.7164],[-51.2805,-11.6946],[-51.2855,-11.669],[-51.2675,-11.6484],[-51.3244,-11.6526],[-51.2893,-11.6136],[-51.3489,-11.6258],[-51.3668,-11.6403],[-51.3896,-11.6088],[-51.3861,-11.5896],[-51.3955,-11.5769],[-51.4086,-11.5762],[-51.4135,-11.6046],[-51.4458,-11.6351],[-51.4534,-11.6769],[-51.5928,-11.6858],[-51.5931,-11.6927],[-51.6051,-11.6994],[-51.722,-11.7286],[-51.7619,-11.7153],[-51.9847,-11.7272],[-51.9898,-11.7646],[-51.9994,-11.7785],[-52.026,-11.79],[-52.0731,-11.7763],[-52.1066,-11.7517],[-52.1561,-11.7474],[-52.1818,-11.7597],[-52.2289,-11.8195],[-52.2503,-11.8288],[-52.2532,-11.854],[-52.238,-11.8631],[-52.2448,-11.8814],[-52.2208,-11.895],[-52.2108,-11.9198],[-52.1972,-11.9214],[-52.1924,-11.9463],[-52.1276,-11.9749],[-52.1211,-11.9882],[-52.0989,-12.0014],[-52.0608,-11.9946],[-51.9684,-11.9069],[-51.857,-11.8605],[-51.831,-11.8604],[-51.7289,-11.9513],[-51.7156,-11.9532],[-51.7062,-11.9641],[-51.6766,-11.9685],[-51.6594,-11.9661],[-51.6623,-11.9594],[-51.6515,-11.9259],[-51.6105,-11.9251],[-51.5895,-11.9157],[-51.5604,-11.9139],[-51.5514,-11.9043],[-51.5646,-11.8769],[-51.5638,-11.8662],[-51.476,-11.9227],[-51.4011,-11.8665],[-51.356,-11.866],[-51.3354,-11.8471]]]}},{"type":"Feature","properties":{"code":"5100409","name":"Alto Garças"},"geometry":{"type":"Polygon","coordinates":[[[-53.2109,-16.4559],[-53.2329,-16.461],[-53.2449,-16.477],[-53.2646,-16.4611],[-53.2717,-16.4339],[-53.2974,-16.4503],[-53.2972,-16.4728],[-53.3033,-16.479],[-53.3166,-16.4768],[-53.3264,-16.49],[-53.3366,-16.4817],[-53.3276,-16.4689],[-53.3451,-16.4703],[-53.369,-16.4856],[-53.3945,-16.534],[-53.4113,-16.5529],[-53.4284,-16.5597],[-53.4135,-16.5758],[-53.4099,-16.5903],[-53.4196,-16.6054],[-53.4096,-16.6421],[-53.4245,-16.658],[-53.4112,-16.6569],[-53.4104,-16.6693],[-53.4203,-16.6658],[-53.4156,-16.6795],[-53.4454,-16.6813],[-53.4566,-16.6743],[-53.4609,-16.6829],[-53.4739,-16.6711],[-53.4976,-16.6692],[-53.5095,-16.6827],[-53.5238,-16.6781],[-53.5531,-16.6966],[-53.5689,-16.6981],[-53.5825,-16.7202],[-53.61,-16.729],[-53.656,-16.7188],[-53.6974,-16.726],[-53.7157,-16.7322],[-53.7367,-16.7687],[-53.8212,-16.7992],[-53.8463,-16.7671],[-53.8624,-16.7575],[-53.883,-16.7691],[-53.8841,-16.7906],[-53.8916,-16.8033],[-53.9413,-16.8264],[-53.9763,-16.8633],[-54.0,-16.8768],[-54.0067,-16.8902],[-54.0014,-16.9165],[-54.0169,-16.9257],[-54.0169,-16.9335],[-53.9749,-16.9752],[-53.9814,-16.9814],[-53.982,-17.0015],[-53.9742,-17.0113],[-53.9779,-17.029],[-53.9693,-17.0274],[-53.944,-17.0558],[-53.929,-17.0945],[-53.9338,-17.1148],[-53.9512,-17.14],[-53.9492,-17.1518],[-53.9331,-17.159],[-53.9336,-17.151],[-53.9187,-17.1514],[-53.8853,-17.1206],[-53.8734,-17.1304],[-53.8491,-17.1333],[-53.8305,-17.1471],[-53.8085,-17.1473],[-53.7963,-17.1679],[-53.7776,-17.1808],[-53.7392,-17.1926],[-53.7214,-17.1893],[-53.6831,-17.2255],[-53.5621,-17.2501],[-53.5467,-17.2407],[-53.538,-17.2204],[-53.3533,-16.9905],[-53.3336,-16.9813],[-53.3093,-16.9527],[-53.2644,-16.9203],[-53.2728,-16.904],[-53.2888,-16.8927],[-53.3089,-16.8921],[-53.3218,-16.8814],[-53.3256,-16.8668],[-53.3556,-16.8702],[-53.362,-16.8527],[-53.1971,-16.6415],[-53.1867,-16.6357],[-53.1787,-16.6051],[-53.1495,-16.5928],[-53.1678,-16.5281],[-53.1787,-16.5284],[-53.1881,-16.5017],[-53.2045,-16.4933],[-53.203,-16.4815],[-53.2096,-16.4737],[-53.2028,-16.4676],[-53.2109,-16.4559]]]}},{"type":"Feature","properties":{"code":"5100508","name":"Alto Paraguai"},"geometry":{"type":"Polygon","coordinates":[[[-56.5525,-14.393],[-56.5403,-14.4452],[-56.5439,-14.4524],[-56.5724,-14.4721],[-56.5875,-14.471],[-56.6518,-14.5059],[-56.6544,-14.5156],[-56.6474,-14.522],[-56.6629,-14.5632],[-56.6616,-14.5853],[-56.6877,-14.6034],[-56.6836,-14.6123],[-56.7083,-14.6251],[-56.7259,-14.6491],[-56.734,-14.6672],[-56.7205,-14.6828],[-56.7446,-14.6786],[-56.7416,-14.6937],[-56.7585,-14.6978],[-56.7544,-14.7124],[-56.7616,-14.7153],[-56.7614,-14.7404],[-56.7823,-14.742],[-56.7797,-14.7495],[-56.7854,-14.7553],[-56.8023,-14.7611],[-56.7942,-14.7701],[-56.7969,-14.7746],[-56.8114,-14.7768],[-56.8202,-14.793],[-56.8356,-14.7862],[-56.8266,-14.8063],[-56.8443,-14.8086],[-56.8389,-14.8302],[-56.8566,-14.8273],[-56.8533,-14.8513],[-56.8646,-14.8521],[-56.8689,-14.8714],[-56.881,-14.8765],[-56.8792,-14.8913],[-56.8955,-14.9025],[-56.8898,-14.9118],[-56.9083,-14.928],[-56.9164,-14.925],[-56.9194,-14.93],[-56.9108,-14.9354],[-56.9127,-14.9402],[-56.927,-14.9366],[-56.9316,-14.9601],[-56.9593,-14.9717],[-56.9571,-14.9917],[-56.9629,-14.9974],[-56.9863,-14.9971],[-56.9863,-15.0064],[-56.9596,-15.0293],[-56.935,-15.0227],[-56.9239,-15.01],[-56.8978,-15.0156],[-56.8827,-14.9993],[-56.8589,-15.0133],[-56.8555,-15.043],[-56.8341,-15.0695],[-56.8288,-15.0896],[-56.8204,-15.0891],[-56.8064,-15.1054],[-56.8138,-15.1119],[-56.8195,-15.1451],[-56.7916,-15.1235],[-56.7078,-14.9813],[-56.6877,-14.9633],[-56.6605,-14.9218],[-56.5822,-14.8499],[-56.4982,-14.7895],[-56.4769,-14.7841],[-56.4431,-14.7636],[-56.4244,-14.7426],[-56.4507,-14.7366],[-56.4589,-14.718],[-56.4528,-14.7035],[-56.4568,-14.6824],[-56.4784,-14.6643],[-56.484,-14.6792],[-56.4944,-14.6826],[-56.5025,-14.6696],[-56.5269,-14.6689],[-56.4681,-14.5884],[-56.3988,-14.5357],[-56.3889,-14.5217],[-56.3884,-14.4864],[-56.4137,-14.4602],[-56.4424,-14.4624],[-56.4458,-14.4565],[-56.4882,-14.4701],[-56.4942,-14.466],[-56.4918,-14.4598],[-56.4758,-14.45],[-56.5055,-14.432],[-56.511,-14.4208],[-56.524,-14.418],[-56.5443,-14.3939],[-56.5525,-14.393]]]}},{"type":"Feature","properties":{"code":"5100607","name":"Alto Taquari"},"geometry":{"type":"Polygon","coordinates":[[[-53.0723,-18.034],[-53.0645,-17.9884],[-53.0713,-17.9659],[-53.1047,-17.9276],[-53.1251,-17.9175],[-53.1283,-17.8808],[-53.1381,-17.871],[-53.1337,-17.8326],[-53.1571,-17.7968],[-53.16,-17.7749],[-53.2019,-17.7261],[-53.2338,-17.713],[-53.2355,-17.6936],[-53.2421,-17.6907],[-53.2371,-17.6799],[-53.243,-17.6716],[-53.2485,-17.6273],[-53.2379,-17.568],[-53.245,-17.5629],[-53.2442,-17.5232],[-53.2384,-17.5162],[-53.242,-17.5042],[-53.2816,-17.5336],[-53.2924,-17.552],[-53.3339,-17.5744],[-53.3447,-17.5885],[-53.4006,-17.7249],[-53.4501,-17.7366],[-53.4951,-17.7146],[-53.502,-17.7192],[-53.526,-17.7145],[-53.528,-17.7303],[-53.5395,-17.7332],[-53.5366,-17.7391],[-53.5179,-17.7404],[-53.5147,-17.7489],[-53.5273,-17.7642],[-53.543,-17.7671],[-53.5279,-17.7845],[-53.5353,-17.7868],[-53.5339,-17.8013],[-53.5459,-17.7981],[-53.5472,-17.8078],[-53.5252,-17.8105],[-53.5232,-17.8184],[-53.5025,-17.8312],[-53.5016,-17.8601],[-53.4835,-17.8602],[-53.4716,-17.873],[-53.4642,-17.8979],[-53.4296,-17.8904],[-53.4134,-17.9309],[-53.3974,-17.9415],[-53.4046,-17.9648],[-53.4039,-17.9926],[-53.3808,-18.0088],[-53.3357,-18.0069],[-53.3323,-18.0016],[-53.2919,-17.9959],[-53.2415,-18.0047],[-53.1988,-18.0203],[-53.1905,-18.0363],[-53.1743,-18.0416],[-53.0723,-18.034]]]}},{"type":"Feature","properties":{"code":"5100805","name":"Apiacás"},"geometry":{"type":"Polygon","coordinates":[[[-57.6688,-9.7174],[-57.657,-9.7034],[-57.6483,-9.7026],[-57.6427,-9.7123],[-57.6288,-9.7087],[-57.6179,-9.7406],[-57.5943,-9.7479],[-57.5971,-9.7554],[-57.5628,-9.7786],[-57.5471,-9.763],[-57.5099,-9.7507],[-57.4969,-9.7361],[-57.4486,-9.7285],[-57.4264,-9.6918],[-57.4029,-9.6958],[-57.3729,-9.6822],[-57.3529,-9.6884],[-57.3402,-9.6856],[-57.332,-9.698],[-57.3221,-9.7442],[-57.3292,-9.7579],[-57.3242,-9.775],[-57.3185,-9.78],[-57.2919,-9.7796],[-57.2881,-9.7938],[-57.2938,-9.8081],[-57.2692,-9.8215],[-57.2718,-9.8022],[-57.2561,-9.7882],[-57.245,-9.794],[-57.2254,-9.7885],[-57.2228,-9.7967],[-57.2115,-9.7938],[-57.2085,-9.7867],[-57.1889,-9.791],[-57.1931,-9.7483],[-57.1725,-9.7203],[-57.1643,-9.6679],[-57.1444,-9.6622],[-57.1449,-9.6476],[-57.1313,-9.6261],[-57.1327,-9.6172],[-57.1089,-9.5925],[-57.114,-9.5839],[-57.1108,-9.5738],[-57.0742,-9.5587],[-57.0542,-9.537],[-57.0628,-9.5096],[-57.0449,-9.5004],[-57.0642,-9.4767],[-57.0549,-9.4712],[-57.0572,-9.4638],[-57.064,-9.4582],[-57.0901,-9.4598],[-57.1321,-9.4168],[-57.1246,-9.4026],[-57.0948,-9.405],[-57.0813,-9.3928],[-57.0863,-9.3375],[-57.0688,-9.3188],[-57.0682,-9.3081],[-57.0741,-9.2957],[-57.0874,-9.2872],[-57.087,-9.239],[-57.1005,-9.2165],[-57.0976,-9.2068],[-57.0784,-9.2062],[-57.0823,-9.1926],[-57.0614,-9.1916],[-57.0524,-9.1585],[-57.0604,-9.1371],[-57.0415,-9.1151],[-57.0392,-9.0983],[-57.0632,-9.0786],[-57.0596,-9.0643],[-57.09,-9.0382],[-57.0946,-9.0171],[-57.1383,-8.9946],[-57.2038,-8.9208],[-57.2455,-8.9061],[-57.2895,-8.9158],[-57.306,-8.9099],[-57.3179,-8.8857],[-57.3844,-8.8796],[-57.4199,-8.853],[-57.414,-8.8125],[-57.4175,-8.7926],[-57.4276,-8.7832],[-57.4635,-8.7847],[-57.5304,-8.7482],[-57.5624,-8.7613],[-57.5929,-8.7565],[-57.6011,-8.7412],[-57.5936,-8.7074],[-57.5982,-8.688],[-57.6053,-8.6628],[-57.6247,-8.6388],[-57.6222,-8.5912],[-57.6486,-8.5764],[-57.6505,-8.5534],[-57.6334,-8.5268],[-57.6376,-8.5136],[-57.6591,-8.5004],[-57.6518,-8.4788],[-57.654,-8.4651],[-57.6831,-8.4301],[-57.6869,-8.4163],[-57.6678,-8.3639],[-57.6802,-8.3269],[-57.6779,-8.3121],[-57.6638,-8.291],[-57.6631,-8.2685],[-57.6455,-8.2348],[-57.6456,-8.2063],[-57.6729,-8.1726],[-57.7046,-8.168],[-57.7151,-8.1579],[-57.7267,-8.098],[-57.7765,-8.0522],[-57.8288,-7.9729],[-57.835,-7.8814],[-57.8738,-7.8012],[-57.8967,-7.6779],[-57.9162,-7.6573],[-57.9396,-7.6531],[-57.9451,-7.6022],[-57.9726,-7.5346],[-58.0022,-7.4881],[-58.0351,-7.4541],[-58.0614,-7.3952],[-58.1134,-7.3566],[-58.1384,-7.349],[-58.1466,-7.3704],[-58.1734,-7.3944],[-58.2131,-7.4585],[-58.2131,-7.4933],[-58.2227,-7.524],[-58.2044,-7.5887],[-58.2022,-7.6209],[-58.2398,-7.6536],[-58.2518,-7.6768],[-58.276,-7.6997],[-58.2898,-7.7643],[-58.3004,-7.7775],[-58.3341,-7.8044],[-58.3782,-7.8274],[-58.3847,-7.844],[-58.3747,-7.8648],[-58.3732,-7.9072],[-58.355,-7.944],[-58.3315,-7.9688],[-58.3217,-8.025],[-58.2864,-8.0885],[-58.2921,-8.1041],[-58.2872,-8.1285],[-58.3174,-8.1545],[-58.3225,-8.17],[-58.3129,-8.2091],[-58.3222,-8.2321],[-58.3206,-8.2719],[-58.3281,-8.2858],[-58.3158,-8.3064],[-58.3149,-8.3231],[-58.3256,-8.3347],[-58.3448,-8.3407],[-58.3525,-8.3526],[-58.3546,-8.3928],[-58.3902,-8.439],[-58.397,-8.4604],[-58.4046,-8.4637],[-58.4178,-8.4895],[-58.4152,-8.5234],[-58.4051,-8.5376],[-58.4105,-8.5704],[-58.3895,-8.5948],[-58.4373,-8.7034],[-58.412,-8.7206],[-58.3759,-8.7037],[-58.351,-8.7016],[-58.3284,-8.7122],[-58.3262,-8.72],[-58.3484,-8.7326],[-58.388,-8.7748],[-58.4159,-8.7928],[-58.4301,-8.7899],[-58.4419,-8.7987],[-58.462,-8.8449],[-58.4937,-8.8716],[-58.498,-8.8879],[-58.5166,-8.9014],[-58.5247,-8.9029],[-58.5441,-8.8867],[-58.5604,-8.8889],[-58.5646,-8.899],[-58.555,-8.9144],[-58.568,-8.9241],[-58.5447,-8.9417],[-58.5446,-8.9497],[-58.5301,-8.9503],[-58.5205,-8.9666],[-58.5279,-8.9743],[-58.5238,-8.9786],[-58.4964,-8.9501],[-58.4717,-8.9448],[-58.4601,-8.9452],[-58.4612,-8.9549],[-58.4696,-8.9586],[-58.4671,-8.9733],[-58.458,-8.9771],[-58.4385,-8.9729],[-58.4345,-8.9664],[-58.4144,-8.9703],[-58.4077,-8.9637],[-58.3969,-8.9654],[-58.4023,-8.975],[-58.3938,-8.9803],[-58.3921,-8.9972],[-58.3803,-8.9896],[-58.3686,-9.0155],[-58.3579,-9.0223],[-58.3295,-9.0124],[-58.3197,-9.0198],[-58.3182,-9.0455],[-58.3002,-9.0341],[-58.2872,-9.0615],[-58.2924,-9.0819],[-58.2585,-9.1015],[-58.2591,-9.1108],[-58.2442,-9.1204],[-58.2324,-9.1149],[-58.2152,-9.1318],[-58.2057,-9.1293],[-58.1913,-9.1413],[-58.1703,-9.1444],[-58.1681,-9.1845],[-58.1656,-9.1901],[-58.1477,-9.1867],[-58.152,-9.1963],[-58.1357,-9.2139],[-58.1417,-9.2246],[-58.12,-9.2285],[-58.1174,-9.2386],[-58.0967,-9.2487],[-58.0886,-9.2596],[-58.0875,-9.2723],[-58.0747,-9.2718],[-58.0779,-9.299],[-58.0654,-9.3128],[-58.0762,-9.3198],[-58.0788,-9.3377],[-58.0715,-9.3449],[-58.0722,-9.3541],[-58.0533,-9.3503],[-58.0431,-9.3564],[-58.0394,-9.3521],[-58.0319,-9.3537],[-58.0298,-9.3623],[-58.0146,-9.364],[-58.017,-9.3792],[-58.001,-9.3852],[-57.9979,-9.4127],[-57.9739,-9.4158],[-57.9737,-9.4302],[-57.9654,-9.4309],[-57.9351,-9.4698],[-57.928,-9.4679],[-57.8988,-9.4832],[-57.8922,-9.4964],[-57.8848,-9.4874],[-57.8635,-9.4878],[-57.8514,-9.4788],[-57.8389,-9.4786],[-57.8245,-9.4918],[-57.8144,-9.4862],[-57.803,-9.4927],[-57.7915,-9.4904],[-57.7859,-9.4969],[-57.7706,-9.491],[-57.7445,-9.4985],[-57.7288,-9.5127],[-57.7273,-9.5303],[-57.7317,-9.5402],[-57.7245,-9.5686],[-57.7349,-9.6194],[-57.7259,-9.6372],[-57.7155,-9.6418],[-57.7276,-9.6736],[-57.7046,-9.7054],[-57.6843,-9.7032],[-57.6688,-9.7174]]]}},{"type":"Feature","properties":{"code":"5101001","name":"Araguaiana"},"geometry":{"type":"Polygon","coordinates":[[[-51.3499,-14.9903],[-51.6196,-14.9906],[-51.6056,-14.9749],[-51.5929,-14.9424],[-51.6007,-14.9115],[-51.5893,-14.8923],[-51.5877,-14.8763],[-51.5714,-14.8721],[-51.5497,-14.8411],[-51.5581,-14.831],[-51.5446,-14.7944],[-51.549,-14.7747],[-51.5377,-14.721],[-51.4766,-14.6643],[-51.4671,-14.6158],[-51.4393,-14.5931],[-51.4373,-14.5674],[-51.4216,-14.5414],[-51.3912,-14.5167],[-51.3891,-14.5039],[-51.3799,-14.4959],[-51.3866,-14.4833],[-51.3842,-14.4323],[-51.3926,-14.415],[-51.3904,-14.3983],[-51.4383,-14.3587],[-51.4736,-14.3548],[-51.4793,-14.3644],[-51.5027,-14.373],[-51.5065,-14.3827],[-51.5326,-14.3831],[-51.5433,-14.4104],[-51.5554,-14.4183],[-51.5629,-14.4371],[-51.5694,-14.4342],[-51.5931,-14.4544],[-51.6122,-14.4926],[-51.6236,-14.4991],[-51.6227,-14.5224],[-51.6914,-14.536],[-51.6945,-14.5763],[-51.7206,-14.6004],[-51.7601,-14.5985],[-51.7769,-14.6121],[-51.775,-14.641],[-51.7822,-14.6445],[-51.7858,-14.638],[-51.7972,-14.6365],[-51.8122,-14.6558],[-51.8047,-14.6648],[-51.8278,-14.6803],[-51.8216,-14.6956],[-51.8293,-14.701],[-51.8466,-14.6943],[-51.8605,-14.705],[-51.8555,-14.7124],[-51.8674,-14.7263],[-51.8627,-14.7438],[-51.8833,-14.7333],[-51.8951,-14.7359],[-51.8936,-14.7463],[-51.9081,-14.7613],[-51.9049,-14.7701],[-51.9382,-14.7641],[-51.9338,-14.7763],[-51.9385,-14.7854],[-51.9497,-14.7833],[-51.9561,-14.7611],[-51.964,-14.7632],[-51.9763,-14.7828],[-51.994,-14.7901],[-51.9921,-14.7982],[-52.0159,-14.802],[-52.0074,-14.8203],[-52.0129,-14.8359],[-52.0055,-14.8439],[-52.0085,-14.8617],[-52.0165,-14.8653],[-52.0047,-14.8937],[-52.0122,-14.9176],[-52.0069,-14.9289],[-52.0114,-14.9446],[-52.0175,-14.9442],[-52.025,-14.9561],[-52.0228,-14.9647],[-52.0518,-14.9793],[-52.0469,-14.9919],[-52.0531,-14.999],[-52.0521,-15.0175],[-52.0463,-15.0273],[-52.0579,-15.0375],[-52.05,-15.0593],[-52.0558,-15.0658],[-52.0471,-15.0774],[-52.0529,-15.0807],[-52.0512,-15.1014],[-52.0422,-15.1211],[-52.0422,-15.1698],[-52.0619,-15.2135],[-52.0438,-15.2319],[-52.0495,-15.239],[-52.0489,-15.2564],[-52.056,-15.2633],[-52.0443,-15.28],[-52.0589,-15.3576],[-52.0539,-15.3619],[-52.051,-15.4081],[-52.0584,-15.4277],[-52.0545,-15.4954],[-52.0667,-15.5033],[-52.0812,-15.5032],[-52.1248,-15.5338],[-52.1376,-15.5354],[-52.1475,-15.5453],[-52.1506,-15.5783],[-52.1765,-15.602],[-52.1673,-15.6104],[-52.161,-15.6332],[-52.168,-15.6625],[-52.1489,-15.6953],[-52.1601,-15.7186],[-52.1559,-15.7491],[-52.163,-15.7887],[-52.1816,-15.8054],[-52.1559,-15.8099],[-52.149,-15.8006],[-52.1334,-15.797],[-52.1053,-15.8106],[-52.0942,-15.8071],[-52.0318,-15.84],[-52.01,-15.8411],[-52.0047,-15.8493],[-51.9759,-15.8358],[-51.9565,-15.8399],[-51.955,-15.8159],[-51.9485,-15.8101],[-51.9129,-15.8132],[-51.8923,-15.8311],[-51.8803,-15.8243],[-51.8733,-15.7981],[-51.8592,-15.7875],[-51.8391,-15.7504],[-51.8233,-15.7314],[-51.8031,-15.7217],[-51.8007,-15.7007],[-51.7571,-15.6334],[-51.754,-15.615],[-51.7781,-15.5604],[-51.7773,-15.535],[-51.7609,-15.5301],[-51.7556,-15.5574],[-51.7393,-15.5593],[-51.7256,-15.5441],[-51.7372,-15.5268],[-51.7319,-15.504],[-51.7043,-15.4963],[-51.699,-15.4849],[-51.7093,-15.4616],[-51.6913,-15.4259],[-51.696,-15.4059],[-51.6695,-15.3744],[-51.6719,-15.3616],[-51.6874,-15.3469],[-51.6915,-15.3249],[-51.6772,-15.2876],[-51.6465,-15.2678],[-51.6458,-15.2588],[-51.6688,-15.2546],[-51.672,-15.2478],[-51.6497,-15.1998],[-51.6521,-15.1795],[-51.5927,-15.1524],[-51.583,-15.1284],[-51.5641,-15.1086],[-51.5469,-15.1005],[-51.5273,-15.0592],[-51.462,-15.048],[-51.4413,-15.0313],[-51.4305,-15.0098],[-51.4017,-15.0029],[-51.3682,-15.0096],[-51.3499,-14.9903]]]}},{"type":"Feature","properties":{"code":"5101209","name":"Araguainha"},"geometry":{"type":"Polygon","coordinates":[[[-53.362,-16.8527],[-53.3064,-16.8191],[-53.2427,-16.8081],[-53.2295,-16.8105],[-53.2251,-16.8186],[-53.2057,-16.8127],[-53.1733,-16.8151],[-53.1601,-16.8293],[-53.1542,-16.8254],[-53.1366,-16.8327],[-53.1222,-16.826],[-53.1067,-16.8444],[-53.0829,-16.8468],[-53.0533,-16.8627],[-53.0307,-16.8654],[-53.0177,-16.8596],[-52.9891,-16.867],[-52.9757,-16.864],[-52.9717,-16.8697],[-52.956,-16.8615],[-52.9484,-16.8446],[-52.9291,-16.8376],[-52.9291,-16.8271],[-52.9412,-16.8143],[-52.9328,-16.8031],[-52.9265,-16.8051],[-52.927,-16.8188],[-52.914,-16.8127],[-52.9325,-16.7923],[-52.9362,-16.7684],[-52.9583,-16.7701],[-52.9807,-16.757],[-52.9954,-16.7571],[-52.9939,-16.7371],[-53.0193,-16.7247],[-53.0272,-16.727],[-53.0318,-16.7157],[-53.0631,-16.695],[-53.0645,-16.6858],[-53.0902,-16.6664],[-53.0804,-16.6596],[-53.0896,-16.6413],[-53.0835,-16.6235],[-53.1164,-16.583],[-53.1473,-16.5859],[-53.1495,-16.5928],[-53.1787,-16.6051],[-53.1867,-16.6357],[-53.1971,-16.6415],[-53.362,-16.8527]]]}},{"type":"Feature","properties":{"code":"5101258","name":"Araputanga"},"geometry":{"type":"Polygon","coordinates":[[[-58.4843,-15.515],[-58.2882,-15.5254],[-58.2211,-15.3504],[-58.2426,-15.3335],[-58.2425,-15.3212],[-58.2615,-15.2918],[-58.274,-15.2927],[-58.2773,-15.2846],[-58.2715,-15.2581],[-58.284,-15.2478],[-58.2577,-15.2306],[-58.2796,-15.1843],[-58.3181,-15.179],[-58.326,-15.1562],[-58.3351,-15.1503],[-58.3328,-15.142],[-58.3478,-15.137],[-58.3613,-15.1417],[-58.3855,-15.1248],[-58.3915,-15.1284],[-58.406,-15.1201],[-58.4264,-15.1254],[-58.4814,-15.102],[-58.5092,-15.1102],[-58.5215,-15.0992],[-58.5289,-15.0497],[-58.5046,-15.0256],[-58.5092,-14.9999],[-58.7223,-15.0],[-58.7221,-15.0235],[-58.7529,-15.0472],[-58.7413,-15.0891],[-58.7352,-15.092],[-58.7406,-15.101],[-58.7348,-15.1071],[-58.7324,-15.1451],[-58.726,-15.1556],[-58.704,-15.1551],[-58.6868,-15.163],[-58.676,-15.1815],[-58.6488,-15.1793],[-58.631,-15.1923],[-58.6306,-15.2002],[-58.6103,-15.2072],[-58.6013,-15.2182],[-58.5522,-15.1615],[-58.5492,-15.1734],[-58.5572,-15.2071],[-58.5467,-15.23],[-58.551,-15.2703],[-58.5387,-15.2838],[-58.5357,-15.304],[-58.5393,-15.3573],[-58.4913,-15.3497],[-58.4843,-15.3935],[-58.4919,-15.4054],[-58.4806,-15.464],[-58.4656,-15.4626],[-58.4751,-15.4982],[-58.486,-15.506],[-58.4843,-15.515]]]}},{"type":"Feature","properties":{"code":"5101308","name":"Arenápolis"},"geometry":{"type":"Polygon","coordinates":[[[-56.9497,-14.503],[-56.9468,-14.5174],[-56.9369,-14.5172],[-56.9118,-14.5476],[-56.9207,-14.5596],[-56.9206,-14.5731],[-56.9067,-14.5918],[-56.7259,-14.6491],[-56.731,-14.6301],[-56.718,-14.6176],[-56.7475,-14.5978],[-56.7448,-14.5835],[-56.7535,-14.574],[-56.7632,-14.576],[-56.7558,-14.5601],[-56.7933,-14.5273],[-56.8089,-14.4859],[-56.8014,-14.4727],[-56.8159,-14.4442],[-56.8485,-14.4106],[-56.8541,-14.3779],[-56.8714,-14.3644],[-56.8873,-14.3609],[-56.8956,-14.37],[-56.9048,-14.3692],[-56.9229,-14.3899],[-56.9729,-14.4118],[-56.984,-14.4222],[-56.9488,-14.4764],[-56.9315,-14.4732],[-56.93,-14.4831],[-56.9497,-14.503]]]}},{"type":"Feature","properties":{"code":"5101407","name":"Aripuanã"},"geometry":{"type":"Polygon","coordinates":[[[-58.8823,-10.6184],[-58.9272,-10.5571],[-58.9063,-10.5484],[-58.8957,-10.4929],[-58.8699,-10.4319],[-58.8784,-10.4205],[-58.8752,-10.4074],[-58.8814,-10.3927],[-58.8429,-10.3562],[-58.8256,-10.3141],[-58.7965,-10.2813],[-58.8192,-10.2559],[-58.8276,-10.2322],[-58.8276,-10.204],[-58.8396,-10.1997],[-58.8432,-10.191],[-58.8423,-10.174],[-58.8331,-10.1626],[-58.8463,-10.143],[-58.8439,-10.1313],[-58.8383,-10.1106],[-58.8204,-10.1031],[-58.8182,-10.0832],[-58.8389,-10.0676],[-58.8462,-10.0714],[-58.8517,-10.0653],[-58.8668,-10.0668],[-58.8936,-10.0299],[-58.9049,-10.0305],[-58.9114,-10.0389],[-58.9324,-10.0155],[-58.9471,-10.0215],[-58.957,-10.0139],[-58.9555,-10.0],[-59.0015,-9.9999],[-59.0198,-9.9923],[-59.0232,-9.9799],[-59.0284,-9.9795],[-59.0305,-9.9893],[-59.0432,-9.9832],[-59.0886,-9.981],[-59.1018,-9.9717],[-59.1052,-9.9902],[-59.1215,-9.9992],[-59.1306,-9.9909],[-59.1358,-9.9981],[-59.1498,-9.9986],[-59.1607,-9.9851],[-59.1695,-9.9975],[-59.1757,-9.9889],[-59.1808,-9.9958],[-59.1998,-9.9808],[-59.2092,-9.9662],[-59.2075,-9.9434],[-59.1672,-9.9229],[-59.1596,-9.8681],[-59.1676,-9.8212],[-59.1538,-9.7867],[-59.1594,-9.7793],[-59.1776,-9.7881],[-59.2077,-9.7886],[-59.2186,-9.7825],[-59.2285,-9.7905],[-59.2536,-9.7753],[-59.3134,-9.7915],[-59.3324,-9.7908],[-59.3457,-9.8009],[-59.3758,-9.7717],[-59.3906,-9.7802],[-59.4264,-9.7752],[-59.4348,-9.7686],[-59.4524,-9.7768],[-59.4489,-9.7856],[-59.4575,-9.7906],[-59.4617,-9.7853],[-59.4824,-9.7884],[-59.4768,-9.7996],[-59.4869,-9.811],[-59.5025,-9.8177],[-59.5062,-9.8126],[-59.5208,-9.8141],[-59.5303,-9.8306],[-59.5353,-9.8148],[-59.5532,-9.8309],[-59.5516,-9.8372],[-59.573,-9.8422],[-59.5712,-9.853],[-59.5567,-9.8487],[-59.5623,-9.8633],[-59.5676,-9.8576],[-59.5734,-9.8604],[-59.5694,-9.8789],[-59.589,-9.8743],[-59.5947,-9.8802],[-59.6167,-9.8793],[-59.6471,-9.8665],[-59.6529,-9.8473],[-59.6632,-9.8438],[-59.663,-9.8261],[-59.6743,-9.8175],[-59.6978,-9.8095],[-59.7406,-9.7798],[-59.766,-9.7795],[-59.7852,-9.7531],[-59.8366,-9.6173],[-59.834,-9.6055],[-59.8105,-9.594],[-59.8041,-9.5785],[-59.7813,-9.566],[-59.7653,-9.5169],[-59.7727,-9.4826],[-59.8063,-9.484],[-59.8159,-9.4773],[-59.8283,-9.481],[-59.845,-9.4733],[-59.8569,-9.4591],[-59.8543,-9.4525],[-59.8702,-9.4473],[-59.8776,-9.4644],[-59.8912,-9.456],[-59.8918,-9.4428],[-59.9154,-9.4145],[-59.9426,-9.4104],[-59.947,-9.4148],[-59.9568,-9.4096],[-59.985,-9.4177],[-60.0099,-9.3801],[-60.0337,-9.3873],[-60.0344,-9.3969],[-60.0438,-9.397],[-60.0649,-9.4249],[-60.1666,-9.4009],[-60.1845,-9.3941],[-60.205,-9.3686],[-60.2596,-9.3395],[-60.2602,-9.3233],[-60.2695,-9.3213],[-60.4783,-9.3165],[-60.6831,-9.2883],[-60.6816,-9.307],[-60.6634,-9.3297],[-60.644,-9.3367],[-60.6235,-9.3652],[-60.6216,-9.3964],[-60.6039,-9.4332],[-60.5991,-9.4605],[-60.5872,-9.4774],[-60.5844,-9.5111],[-60.5843,-9.5224],[-60.5938,-9.5311],[-60.5909,-9.5531],[-60.597,-9.5613],[-60.6079,-9.5585],[-60.6565,-9.6016],[-60.6613,-9.6274],[-60.6373,-9.6375],[-60.6392,-9.6711],[-60.6528,-9.6888],[-60.6613,-9.7183],[-60.6815,-9.7367],[-60.6866,-9.7495],[-60.679,-9.7596],[-60.6723,-9.795],[-60.7051,-9.8233],[-60.6968,-9.834],[-60.6753,-9.8389],[-60.6584,-9.8902],[-60.6896,-9.9335],[-60.6923,-9.9591],[-60.6845,-9.9661],[-60.6471,-9.9564],[-60.6316,-9.959],[-60.6396,-9.9806],[-60.6108,-10.0112],[-60.6095,-10.0246],[-60.6169,-10.0364],[-60.6361,-10.0375],[-60.6387,-10.0429],[-60.6118,-10.0736],[-60.6168,-10.1064],[-60.6472,-10.1357],[-60.6478,-10.1519],[-60.6329,-10.171],[-60.6273,-10.1981],[-60.6379,-10.2436],[-60.6266,-10.2593],[-60.6374,-10.2932],[-60.6247,-10.3165],[-60.6024,-10.3326],[-60.6067,-10.351],[-60.5994,-10.412],[-60.5594,-10.4328],[-60.5239,-10.4707],[-60.5257,-10.4841],[-60.5358,-10.4906],[-60.5188,-10.5679],[-60.5375,-10.5934],[-60.5285,-10.6268],[-60.5178,-10.6405],[-60.5224,-10.6714],[-60.5054,-10.6901],[-60.4875,-10.6961],[-60.4836,-10.7145],[-60.4467,-10.714],[-60.4364,-10.7197],[-60.4265,-10.7413],[-60.4003,-10.7544],[-60.3964,-10.7642],[-60.4176,-10.7829],[-60.4298,-10.8155],[-60.4042,-10.8525],[-60.3619,-10.8758],[-60.3601,-10.8963],[-60.339,-10.901],[-60.3277,-10.9124],[-60.2613,-10.9191],[-60.162,-10.9045],[-60.134,-10.8811],[-60.0749,-10.8765],[-60.0338,-10.861],[-60.026,-10.8486],[-59.996,-10.8437],[-59.9886,-10.832],[-59.971,-10.8367],[-59.974,-10.8306],[-59.967,-10.8195],[-59.9495,-10.8273],[-59.9392,-10.8401],[-59.8834,-10.8578],[-59.8531,-10.8505],[-59.825,-10.825],[-59.7694,-10.8158],[-59.7649,-10.8053],[-59.7139,-10.8041],[-59.6931,-10.7949],[-59.6705,-10.7792],[-59.6736,-10.7585],[-59.6616,-10.7496],[-59.6612,-10.7418],[-59.5901,-10.7327],[-59.5586,-10.7357],[-59.5298,-10.7264],[-59.5155,-10.7311],[-59.5182,-10.7369],[-59.5074,-10.7427],[-59.4919,-10.7417],[-59.4731,-10.7204],[-59.4612,-10.7213],[-59.4264,-10.7486],[-59.4098,-10.7423],[-59.3932,-10.7451],[-59.3938,-10.7625],[-59.3847,-10.7793],[-59.3658,-10.79],[-59.3658,-10.8017],[-59.3508,-10.7944],[-59.3502,-10.8033],[-59.3261,-10.7989],[-59.3289,-10.8137],[-59.2519,-10.8156],[-59.2322,-10.7986],[-59.2275,-10.8013],[-59.204,-10.7895],[-59.1399,-10.8131],[-59.1143,-10.8122],[-59.0487,-10.7725],[-59.0031,-10.7861],[-58.9922,-10.7815],[-58.9944,-10.7751],[-58.9522,-10.7507],[-58.9482,-10.7333],[-58.9323,-10.7361],[-58.9194,-10.7215],[-58.9154,-10.7036],[-58.9207,-10.6739],[-58.9182,-10.6351],[-58.905,-10.621],[-58.8823,-10.6184]]]}},{"type":"Feature","properties":{"code":"5101605","name":"Barão de Melgaço"},"geometry":{"type":"Polygon","coordinates":[[[-56.7233,-17.3085],[-56.7161,-17.3166],[-56.6944,-17.3169],[-56.6909,-17.3245],[-56.6832,-17.3166],[-56.6725,-17.3346],[-56.6621,-17.3389],[-56.6552,-17.3318],[-56.6627,-17.3268],[-56.6567,-17.3214],[-56.6439,-17.3369],[-56.6408,-17.327],[-56.6304,-17.3342],[-56.6286,-17.3238],[-56.62,-17.322],[-56.6119,-17.3319],[-56.5959,-17.3325],[-56.5749,-17.3281],[-56.5794,-17.3203],[-56.5676,-17.3149],[-56.551,-17.3229],[-56.5324,-17.313],[-56.5139,-17.3128],[-56.514,-17.2982],[-56.4992,-17.2896],[-56.4991,-17.2977],[-56.465,-17.3048],[-56.4656,-17.3141],[-56.451,-17.3119],[-56.4509,-17.3264],[-56.4406,-17.3304],[-56.435,-17.3211],[-56.4173,-17.3116],[-56.4081,-17.3161],[-56.4029,-17.3063],[-56.3889,-17.3019],[-56.3831,-17.288],[-56.3607,-17.2808],[-56.3625,-17.2717],[-56.3544,-17.2666],[-56.343,-17.273],[-56.3503,-17.279],[-56.3359,-17.2899],[-56.3322,-17.2817],[-56.3233,-17.2857],[-56.3232,-17.2762],[-56.3135,-17.2694],[-56.2978,-17.2766],[-56.2817,-17.2634],[-56.2834,-17.2467],[-56.2735,-17.2484],[-56.2722,-17.2414],[-56.2517,-17.2323],[-56.2513,-17.219],[-56.2337,-17.2273],[-56.213,-17.2259],[-56.2122,-17.2095],[-56.2055,-17.2141],[-56.2004,-17.2063],[-56.1905,-17.2113],[-56.1845,-17.1946],[-56.1749,-17.1951],[-56.1708,-17.1887],[-56.1633,-17.1947],[-56.1572,-17.1871],[-56.1185,-17.1744],[-56.1123,-17.1663],[-56.0827,-17.1777],[-56.0601,-17.1717],[-56.0564,-17.1819],[-56.0472,-17.1848],[-56.0494,-17.1743],[-56.0441,-17.1714],[-56.0055,-17.2042],[-56.0171,-17.2086],[-56.0085,-17.2171],[-56.012,-17.2367],[-56.0038,-17.2337],[-56.0038,-17.2448],[-55.9921,-17.2399],[-55.9668,-17.2547],[-55.9602,-17.2502],[-55.9382,-17.2785],[-55.9263,-17.2579],[-55.9201,-17.2645],[-55.8895,-17.2632],[-55.9019,-17.2734],[-55.8866,-17.2848],[-55.8755,-17.2806],[-55.8799,-17.2733],[-55.8748,-17.2686],[-55.8582,-17.2835],[-55.8511,-17.2806],[-55.8452,-17.2986],[-55.8383,-17.3005],[-55.8351,-17.2914],[-55.8262,-17.292],[-55.8317,-17.3016],[-55.8248,-17.3055],[-55.821,-17.2977],[-55.8065,-17.298],[-55.805,-17.3094],[-55.7899,-17.3268],[-55.7807,-17.3214],[-55.774,-17.3315],[-55.7612,-17.3235],[-55.7197,-17.3489],[-55.7091,-17.3376],[-55.7044,-17.3517],[-55.6893,-17.3404],[-55.6752,-17.3403],[-55.6681,-17.3507],[-55.6581,-17.3391],[-55.6487,-17.3583],[-55.6359,-17.353],[-55.6263,-17.364],[-55.6039,-17.3667],[-55.4937,-16.3892],[-55.5078,-16.3744],[-55.5588,-16.364],[-55.5738,-16.35],[-55.5973,-16.3577],[-55.6366,-16.3246],[-55.6533,-16.3206],[-55.6648,-16.3009],[-55.6947,-16.298],[-55.8886,-16.1231],[-55.8995,-16.1228],[-55.9067,-16.1318],[-55.9148,-16.1256],[-55.9386,-16.1586],[-55.9574,-16.1741],[-55.9692,-16.1752],[-55.9649,-16.1817],[-55.9792,-16.202],[-56.0042,-16.1949],[-56.0182,-16.2352],[-56.0131,-16.2517],[-56.029,-16.2737],[-56.0546,-16.2745],[-56.0462,-16.2858],[-56.0515,-16.2981],[-56.065,-16.3022],[-56.0657,-16.3142],[-56.081,-16.3132],[-56.0816,-16.325],[-56.091,-16.3263],[-56.0937,-16.3151],[-56.1012,-16.3155],[-56.1028,-16.3257],[-56.1117,-16.3306],[-56.1542,-16.34],[-56.142,-16.3635],[-56.1576,-16.3657],[-56.1747,-16.3536],[-56.1745,-16.3688],[-56.1842,-16.3697],[-56.1818,-16.3582],[-56.1986,-16.3542],[-56.2142,-16.3811],[-56.2113,-16.3959],[-56.2175,-16.3996],[-56.2333,-16.3891],[-56.2526,-16.3967],[-56.2539,-16.4045],[-56.2652,-16.3945],[-56.2672,-16.4091],[-56.2773,-16.4019],[-56.2914,-16.4054],[-56.3011,-16.397],[-56.3135,-16.4069],[-56.313,-16.4181],[-56.3045,-16.4254],[-56.3059,-16.4368],[-56.3152,-16.4429],[-56.3277,-16.4404],[-56.3273,-16.4562],[-56.3188,-16.4612],[-56.3219,-16.475],[-56.3431,-16.4957],[-56.348,-16.4879],[-56.3597,-16.5016],[-56.3584,-16.51],[-56.3775,-16.5173],[-56.3776,-16.5269],[-56.3918,-16.5269],[-56.3978,-16.5331],[-56.4086,-16.5667],[-56.4405,-16.5813],[-56.4365,-16.5914],[-56.461,-16.6268],[-56.4523,-16.6314],[-56.4546,-16.6405],[-56.4651,-16.6393],[-56.4712,-16.6548],[-56.4671,-16.6603],[-56.4785,-16.6634],[-56.4657,-16.6785],[-56.4688,-16.6965],[-56.4783,-16.6913],[-56.4821,-16.7077],[-56.507,-16.7249],[-56.497,-16.7632],[-56.5039,-16.777],[-56.5135,-16.791],[-56.5435,-16.7924],[-56.564,-16.8115],[-56.5592,-16.8181],[-56.5728,-16.8221],[-56.5836,-16.8403],[-56.5981,-16.8366],[-56.6099,-16.8539],[-56.6042,-16.861],[-56.6189,-16.8718],[-56.6078,-16.883],[-56.6099,-16.9024],[-56.6149,-16.9],[-56.6346,-16.9329],[-56.6247,-16.9389],[-56.6205,-16.9674],[-56.6321,-16.9801],[-56.5874,-17.0163],[-56.5876,-17.0493],[-56.596,-17.0688],[-56.6039,-17.069],[-56.6108,-17.0912],[-56.6318,-17.1023],[-56.6494,-17.1517],[-56.6424,-17.1624],[-56.657,-17.1724],[-56.6557,-17.1946],[-56.6684,-17.2278],[-56.6789,-17.227],[-56.6975,-17.243],[-56.7035,-17.2398],[-56.708,-17.2457],[-56.7004,-17.2546],[-56.7069,-17.2596],[-56.7166,-17.2542],[-56.7237,-17.2609],[-56.7032,-17.2812],[-56.7121,-17.2837],[-56.7104,-17.2922],[-56.7202,-17.2953],[-56.7233,-17.3085]]]}},{"type":"Feature","properties":{"code":"5101704","name":"Barra do Bugres"},"geometry":{"type":"MultiPolygon","coordinates":[[[[-56.8195,-15.1451],[-56.8138,-15.1119],[-56.8064,-15.1054],[-56.8204,-15.0891],[-56.8288,-15.0896],[-56.8341,-15.0695],[-56.8555,-15.043],[-56.8589,-15.0133],[-56.8827,-14.9993],[-56.8978,-15.0156],[-56.9239,-15.01],[-56.935,-15.0227],[-56.9596,-15.0293],[-56.9863,-15.0064],[-56.9863,-14.9971],[-56.9629,-14.9974],[-56.9571,-14.9917],[-56.9593,-14.9717],[-56.9316,-14.9601],[-56.927,-14.9366],[-57.001,-14.8907],[-57.0271,-14.9116],[-57.032,-14.9069],[-57.0498,-14.9158],[-57.056,-14.9113],[-57.078,-14.9165],[-57.0873,-14.8361],[-57.1193,-14.8512],[-57.1339,-14.8453],[-57.13,-14.8201],[-57.1476,-14.8022],[-57.1752,-14.8034],[-57.1922,-14.7968],[-57.2332,-14.8193],[-57.236,-14.8595],[-57.2688,-14.8886],[-57.2703,-14.8977],[-57.2533,-14.9222],[-57.256,-14.9537],[-57.2836,-14.9499],[-57.3321,-14.9564],[-57.3809,-14.9292],[-57.4301,-14.922],[-57.42,-14.9061],[-57.4199,-14.8682],[-57.4515,-14.8729],[-57.461,-14.8687],[-57.479,-14.88],[-57.4952,-14.8777],[-57.5323,-14.8956],[-57.5864,-14.9085],[-57.6146,-14.9268],[-57.6481,-14.9156],[-57.7479,-14.9127],[-57.7328,-14.9331],[-57.7361,-14.9492],[-57.7261,-14.9583],[-57.736,-14.9828],[-57.7441,-14.9815],[-57.7444,-14.9694],[-57.7546,-14.9704],[-57.7579,-14.9604],[-57.7856,-14.9514],[-57.7951,-14.9408],[-57.8087,-14.9216],[-57.808,-14.907],[-57.822,-14.8801],[-57.8195,-14.8713],[-57.8267,-14.8682],[-57.8323,-14.8504],[-57.8428,-14.8517],[-57.86,-14.8332],[-57.8682,-14.8363],[-57.8697,-14.8282],[-57.8841,-14.823],[-57.8835,-14.8169],[-57.8981,-14.8155],[-57.9061,-14.8308],[-57.9127,-14.83],[-57.9695,-14.7902],[-57.9843,-14.7935],[-58.0096,-14.763],[-58.1025,-14.7459],[-58.104,-14.7385],[-58.1226,-14.7263],[-58.1541,-14.7151],[-58.1914,-14.7246],[-58.228,-14.77],[-58.2142,-14.8004],[-58.2215,-14.8229],[-58.2359,-14.8341],[-58.2456,-14.8733],[-58.2355,-14.9123],[-58.1279,-14.8898],[-58.0602,-14.9239],[-58.0532,-14.9362],[-58.0583,-14.9575],[-58.0506,-14.9682],[-58.0373,-14.9688],[-58.0177,-15.0002],[-57.7309,-15.0002],[-57.7352,-15.0064],[-57.7216,-15.011],[-57.7139,-15.0245],[-57.7009,-15.0275],[-57.689,-15.0818],[-57.6675,-15.1142],[-57.6694,-15.1318],[-57.6861,-15.1449],[-57.6639,-15.1492],[-57.6259,-15.1744],[-57.5992,-15.293],[-57.6041,-15.3269],[-57.5722,-15.4058],[-57.5196,-15.4634],[-57.5088,-15.4882],[-57.508,-15.51],[-57.4854,-15.5696],[-57.4987,-15.6276],[-57.494,-15.6331],[-57.497,-15.6472],[-57.4838,-15.6379],[-57.484,-15.6297],[-57.462,-15.6304],[-57.4499,-15.6124],[-57.4381,-15.6067],[-57.4481,-15.5816],[-57.4415,-15.575],[-57.449,-15.5718],[-57.4403,-15.5613],[-57.4429,-15.554],[-57.434,-15.5491],[-57.4389,-15.5414],[-57.4326,-15.5347],[-57.4191,-15.5427],[-57.4131,-15.5316],[-57.3784,-15.5355],[-57.3646,-15.5102],[-57.3673,-15.4852],[-57.3501,-15.4826],[-57.3334,-15.4657],[-57.3208,-15.4656],[-57.3202,-15.4527],[-57.3122,-15.4434],[-57.3228,-15.4221],[-57.3169,-15.4103],[-57.295,-15.4029],[-57.2924,-15.3929],[-57.3071,-15.3847],[-57.2981,-15.3735],[-57.3011,-15.3525],[-57.2963,-15.3363],[-57.2835,-15.3316],[-57.2681,-15.3348],[-57.265,-15.3295],[-57.244,-15.3326],[-57.2304,-15.3254],[-57.2332,-15.3052],[-57.2505,-15.2931],[-57.2504,-15.2803],[-57.2361,-15.2678],[-57.2216,-15.2704],[-57.1977,-15.2578],[-57.185,-15.26],[-57.1383,-15.2326],[-57.1295,-15.2344],[-57.1247,-15.2453],[-57.1082,-15.2536],[-57.0956,-15.2517],[-57.0551,-15.277],[-57.0245,-15.2269],[-57.0515,-15.2088],[-57.0528,-15.1998],[-57.0243,-15.2157],[-57.0088,-15.2133],[-56.9993,-15.2224],[-56.9711,-15.2271],[-56.9666,-15.2383],[-56.9769,-15.2482],[-56.9744,-15.2607],[-56.9805,-15.2716],[-56.9751,-15.2761],[-56.981,-15.2867],[-56.965,-15.288],[-56.9667,-15.2965],[-56.9879,-15.3093],[-56.988,-15.3245],[-57.0069,-15.3352],[-56.9853,-15.349],[-56.989,-15.376],[-56.9806,-15.3821],[-56.8705,-15.227],[-56.83,-15.1869],[-56.8345,-15.1761],[-56.8141,-15.1579],[-56.8195,-15.1451]]],[[[-58.619,-14.8281],[-58.6435,-14.8015],[-58.648,-14.7756],[-58.6689,-14.7567],[-58.6609,-14.7462],[-58.6846,-14.699],[-58.6958,-14.6918],[-58.7222,-14.6535],[-58.7525,-14.6341],[-58.7567,-14.5937],[-58.7618,-14.6574],[-58.7751,-14.674],[-58.7623,-14.7196],[-58.7763,-14.7488],[-58.7954,-14.7645],[-58.8003,-14.7801],[-58.7827,-14.8036],[-58.786,-14.8136],[-58.8283,-14.8756],[-58.8513,-14.9215],[-58.8596,-14.9648],[-58.8542,-15.0001],[-58.7223,-15.0],[-58.7113,-14.9762],[-58.6738,-14.9628],[-58.6691,-14.9444],[-58.6423,-14.9169],[-58.6418,-14.8778],[-58.6348,-14.8771],[-58.6242,-14.8599],[-58.6243,-14.8343],[-58.619,-14.8281]]]]}},{"type":"Feature","properties":{"code":"5101803","name":"Barra do Garças"},"geometry":{"type":"Polygon","coordinates":[[[-52.2543,-15.8937],[-52.2159,-15.8916],[-52.1949,-15.8809],[-52.1331,-15.8953],[-52.1112,-15.8829],[-52.1005,-15.889],[-52.0733,-15.8817],[-52.0467,-15.8882],[-52.0095,-15.8858],[-51.994,-15.8686],[-51.987,-15.849],[-51.9721,-15.8381],[-52.0047,-15.8493],[-52.01,-15.8411],[-52.0318,-15.84],[-52.0942,-15.8071],[-52.1053,-15.8106],[-52.1334,-15.797],[-52.149,-15.8006],[-52.1559,-15.8099],[-52.1816,-15.8054],[-52.163,-15.7887],[-52.1559,-15.7491],[-52.1601,-15.7186],[-52.1489,-15.6953],[-52.168,-15.6625],[-52.161,-15.6332],[-52.1673,-15.6104],[-52.1765,-15.602],[-52.1506,-15.5783],[-52.1475,-15.5453],[-52.1376,-15.5354],[-52.1248,-15.5338],[-52.0812,-15.5032],[-52.0667,-15.5033],[-52.0545,-15.4954],[-52.0584,-15.4277],[-52.051,-15.4081],[-52.0539,-15.3619],[-52.0589,-15.3576],[-52.0443,-15.28],[-52.056,-15.2633],[-52.0489,-15.2564],[-52.0495,-15.239],[-52.0438,-15.2319],[-52.0619,-15.2135],[-52.0422,-15.1698],[-52.0422,-15.1211],[-52.0512,-15.1014],[-52.0529,-15.0807],[-52.0471,-15.0774],[-52.0558,-15.0658],[-52.05,-15.0593],[-52.0579,-15.0375],[-52.0463,-15.0273],[-52.0521,-15.0175],[-52.0531,-14.999],[-52.0469,-14.9919],[-52.0518,-14.9793],[-52.0228,-14.9647],[-52.025,-14.9561],[-52.0175,-14.9442],[-52.0114,-14.9446],[-52.0069,-14.9289],[-52.0122,-14.9176],[-52.0047,-14.8937],[-52.0165,-14.8653],[-52.0085,-14.8617],[-52.0055,-14.8439],[-52.0129,-14.8359],[-52.0074,-14.8203],[-52.0159,-14.802],[-52.0213,-14.8129],[-52.0475,-14.8205],[-52.0691,-14.8461],[-52.0765,-14.8453],[-52.0904,-14.8599],[-52.1061,-14.8576],[-52.1263,-14.842],[-52.1367,-14.8515],[-52.1585,-14.8361],[-52.17,-14.8373],[-52.1832,-14.8183],[-52.1966,-14.8141],[-52.2055,-14.8306],[-52.2392,-14.822],[-52.2536,-14.838],[-52.2529,-14.8519],[-52.2614,-14.8651],[-52.2821,-14.871],[-52.3003,-14.8931],[-52.3149,-14.9005],[-52.326,-14.9221],[-52.3455,-14.9344],[-52.369,-14.9343],[-52.3806,-14.9443],[-52.4016,-14.9432],[-52.4475,-14.9275],[-52.4773,-14.8902],[-52.4909,-14.8961],[-52.5287,-15.1772],[-52.5501,-15.1557],[-52.5573,-15.1236],[-52.5928,-15.0467],[-52.5868,-15.0347],[-52.5953,-15.0022],[-52.6046,-14.991],[-52.6068,-14.9756],[-52.5992,-14.9519],[-52.6034,-14.9372],[-52.6364,-14.9215],[-52.6386,-14.8819],[-52.6463,-14.8732],[-52.6777,-14.8617],[-52.6917,-14.8873],[-52.6988,-14.9189],[-52.722,-14.9352],[-52.7294,-14.9526],[-52.7266,-14.9797],[-52.733,-15.006],[-52.743,-15.0174],[-52.7392,-15.0229],[-52.7805,-15.0787],[-52.8406,-15.1247],[-52.8799,-15.1979],[-52.8998,-15.216],[-52.8987,-15.2398],[-52.9218,-15.2443],[-52.9387,-15.269],[-52.9288,-15.2685],[-52.9205,-15.2944],[-52.9119,-15.3017],[-52.9062,-15.2987],[-52.8631,-15.3144],[-52.8446,-15.3348],[-52.8474,-15.3401],[-52.855,-15.3396],[-52.8639,-15.347],[-52.8635,-15.3544],[-52.8755,-15.3606],[-52.8941,-15.3576],[-52.9147,-15.38],[-52.9476,-15.3817],[-52.9521,-15.39],[-52.9622,-15.3856],[-52.9784,-15.3929],[-53.0219,-15.3944],[-53.0344,-15.405],[-53.0429,-15.4282],[-53.062,-15.44],[-53.107,-15.4466],[-53.1206,-15.4406],[-53.1492,-15.4526],[-53.0836,-15.5482],[-53.0523,-15.5612],[-53.0174,-15.538],[-53.0154,-15.5243],[-52.993,-15.5176],[-52.9836,-15.5241],[-52.9696,-15.5188],[-52.9242,-15.5191],[-52.9222,-15.5119],[-52.8842,-15.5071],[-52.8506,-15.4824],[-52.853,-15.4727],[-52.8437,-15.4732],[-52.8407,-15.4646],[-52.8087,-15.4519],[-52.7929,-15.454],[-52.7879,-15.4627],[-52.7598,-15.4648],[-52.7449,-15.4783],[-52.7272,-15.4788],[-52.7205,-15.4854],[-52.7032,-15.5559],[-52.7221,-15.5661],[-52.7202,-15.5753],[-52.7344,-15.5824],[-52.7398,-15.6011],[-52.7627,-15.6149],[-52.7595,-15.6386],[-52.7713,-15.6431],[-52.7722,-15.6555],[-52.76,-15.6768],[-52.7671,-15.6847],[-52.7442,-15.7055],[-52.7544,-15.7136],[-52.7509,-15.7214],[-52.7282,-15.7283],[-52.7261,-15.7399],[-52.7144,-15.7403],[-52.6891,-15.7202],[-52.6678,-15.7279],[-52.6056,-15.7756],[-52.6061,-15.8014],[-52.5948,-15.8133],[-52.5649,-15.8306],[-52.5462,-15.8304],[-52.5377,-15.8479],[-52.5039,-15.8633],[-52.4433,-15.8737],[-52.4314,-15.8685],[-52.4252,-15.8805],[-52.3679,-15.8878],[-52.3675,-15.9028],[-52.3541,-15.8964],[-52.3297,-15.9],[-52.3134,-15.9102],[-52.2833,-15.9081],[-52.2681,-15.8981],[-52.2595,-15.9035],[-52.2543,-15.8937]]]}},{"type":"Feature","properties":{"code":"5101852","name":"Bom Jesus do Araguaia"},"geometry":{"type":"Polygon","coordinates":[[[-51.273,-12.3398],[-51.287,-12.3523],[-51.3052,-12.3476],[-51.3161,-12.3288],[-51.3498,-12.3314],[-51.3616,-12.3237],[-51.3708,-12.2753],[-51.3894,-12.2387],[-51.4012,-12.2352],[-51.3968,-12.2129],[-51.3877,-12.2028],[-51.3962,-12.1865],[-51.4222,-12.1789],[-51.442,-12.1506],[-51.4725,-12.1359],[-51.5423,-12.0596],[-51.5491,-12.0352],[-51.5626,-12.0221],[-51.5879,-12.018],[-51.5942,-11.9923],[-51.6032,-11.9814],[-51.6594,-11.9661],[-51.7062,-11.9641],[-51.7156,-11.9532],[-51.7289,-11.9513],[-51.831,-11.8604],[-51.857,-11.8605],[-51.9684,-11.9069],[-52.0608,-11.9946],[-52.0989,-12.0014],[-52.1402,-11.9802],[-52.1526,-11.9797],[-52.1407,-11.9932],[-52.1336,-11.9926],[-52.1277,-12.0082],[-52.1078,-12.0259],[-52.1143,-12.0353],[-52.1115,-12.0566],[-52.1203,-12.0579],[-52.1199,-12.0942],[-52.1382,-12.0922],[-52.1358,-12.1124],[-52.1453,-12.1124],[-52.1564,-12.122],[-52.1468,-12.1282],[-52.1487,-12.1393],[-52.16,-12.1448],[-52.1628,-12.1722],[-52.1745,-12.1817],[-52.164,-12.1864],[-52.1676,-12.2032],[-52.1594,-12.2207],[-52.1619,-12.23],[-52.1504,-12.2361],[-52.1495,-12.2514],[-52.1385,-12.2531],[-52.1346,-12.262],[-52.1037,-12.2802],[-52.08,-12.2779],[-52.0661,-12.2884],[-52.0435,-12.2729],[-52.0343,-12.2736],[-52.0041,-12.309],[-51.9853,-12.3135],[-51.9818,-12.2754],[-51.9575,-12.2474],[-51.9412,-12.2469],[-51.947,-12.2568],[-51.9264,-12.2766],[-51.9328,-12.2931],[-51.928,-12.3154],[-51.9086,-12.3495],[-51.9155,-12.3686],[-51.9078,-12.3844],[-51.9158,-12.3923],[-51.9104,-12.4233],[-51.9143,-12.4436],[-51.9003,-12.4725],[-51.9023,-12.5018],[-51.8934,-12.5156],[-51.8714,-12.5163],[-51.8342,-12.5419],[-51.8174,-12.5473],[-51.7757,-12.536],[-51.7431,-12.5451],[-51.7026,-12.5364],[-51.6571,-12.5129],[-51.6475,-12.5004],[-51.6499,-12.4714],[-51.5385,-12.4437],[-51.4244,-12.4572],[-51.4269,-12.4632],[-51.4147,-12.4656],[-51.3831,-12.4614],[-51.3303,-12.4238],[-51.2749,-12.3977],[-51.2511,-12.4139],[-51.2204,-12.4197],[-51.196,-12.4339],[-51.1773,-12.4282],[-51.1296,-12.4349],[-51.1257,-12.4275],[-51.1396,-12.4273],[-51.1491,-12.4097],[-51.1609,-12.4059],[-51.1627,-12.3948],[-51.217,-12.3671],[-51.2229,-12.3711],[-51.2402,-12.3545],[-51.2413,-12.3462],[-51.2654,-12.3459],[-51.273,-12.3398]]]}},{"type":"Feature","properties":{"code":"5101902","name":"Brasnorte"},"geometry":{"type":"Polygon","coordinates":[[[-58.2978,-12.9292],[-58.2776,-12.934],[-58.2672,-12.9515],[-58.2362,-12.9712],[-58.2122,-12.9731],[-58.2043,-12.9816],[-58.1993,-13.0075],[-58.1851,-13.025],[-58.1862,-13.0435],[-58.1749,-13.0462],[-58.1751,-13.0567],[-58.1828,-13.0615],[-58.1765,-13.1397],[-58.1835,-13.1608],[-58.1802,-13.1855],[-58.1733,-13.1808],[-58.1617,-13.1865],[-58.1562,-13.2119],[-58.1325,-13.2384],[-58.0885,-13.2343],[-58.0716,-13.2365],[-58.0625,-13.2443],[-57.9212,-13.2073],[-57.7491,-13.2696],[-57.7207,-13.2109],[-57.67,-13.1621],[-57.5894,-13.1521],[-57.5723,-13.1613],[-57.5486,-13.1519],[-57.4867,-13.1549],[-57.4718,-13.1496],[-57.4655,-13.1398],[-57.4513,-13.1381],[-57.4315,-13.1196],[-57.4106,-13.1152],[-57.4062,-13.1031],[-57.3668,-13.0737],[-57.3467,-13.0485],[-57.3271,-13.0443],[-57.324,-13.026],[-57.3195,-13.0283],[-57.3102,-13.0121],[-57.3131,-12.9882],[-57.3078,-12.9644],[-57.3005,-12.9608],[-57.3032,-12.9387],[-57.2927,-12.9259],[-57.3061,-12.9177],[-57.3171,-12.8959],[-57.3491,-12.8747],[-57.3704,-12.8513],[-57.4105,-12.7671],[-57.4062,-12.7322],[-57.3963,-12.7117],[-57.4121,-12.6818],[-57.4171,-12.6278],[-57.4304,-12.6141],[-57.4415,-12.5784],[-57.4326,-12.5181],[-57.4391,-12.5076],[-57.4344,-12.4817],[-57.4413,-12.4662],[-57.4723,-12.4442],[-57.4681,-12.4375],[-57.4788,-12.4246],[-57.4944,-12.4217],[-57.4944,-12.4128],[-57.5201,-12.4034],[-57.5297,-12.4057],[-57.5362,-12.3992],[-57.5365,-12.3856],[-57.5639,-12.3812],[-57.5894,-12.3538],[-57.6259,-12.3409],[-57.6124,-12.3277],[-57.6234,-12.3224],[-57.6325,-12.2932],[-57.6516,-12.2884],[-57.6412,-12.2595],[-57.6588,-12.2464],[-57.6696,-12.2464],[-57.6849,-12.2241],[-57.7208,-12.2194],[-57.7341,-12.2093],[-57.7407,-12.1847],[-57.7505,-12.1735],[-57.7846,-12.168],[-57.8041,-12.1416],[-57.8297,-12.1463],[-57.8344,-12.1406],[-57.8301,-12.126],[-57.8374,-12.1265],[-57.8425,-12.1162],[-57.8707,-12.1144],[-57.8798,-12.0949],[-57.8707,-12.0803],[-57.8705,-12.0322],[-57.8645,-12.0225],[-57.8715,-12.0054],[-57.8631,-11.9866],[-57.8746,-11.979],[-57.8901,-11.9825],[-57.8966,-11.9509],[-57.8876,-11.9376],[-57.9236,-11.9232],[-57.9084,-11.9156],[-57.9298,-11.9041],[-57.9287,-11.8793],[-57.9494,-11.8663],[-57.9656,-11.8463],[-57.9642,-11.8284],[-57.9752,-11.8076],[-58.0,-11.7888],[-58.0162,-11.7851],[-58.0525,-11.7373],[-58.0458,-11.7116],[-58.0766,-11.6897],[-58.0662,-11.6329],[-58.0819,-11.6245],[-58.0763,-11.5989],[-58.0929,-11.5794],[-58.1229,-11.5694],[-58.1406,-11.5142],[-58.172,-11.5123],[-58.1801,-11.4977],[-58.1779,-11.4884],[-58.1398,-11.4548],[-58.1562,-11.4146],[-58.1334,-11.3564],[-58.1292,-11.2781],[-58.1525,-11.2676],[-58.1841,-11.2891],[-58.1938,-11.2864],[-58.2011,-11.2754],[-58.1952,-11.2668],[-58.1987,-11.2578],[-58.2232,-11.2492],[-58.2447,-11.2045],[-58.2599,-11.1889],[-58.2747,-11.1881],[-58.2763,-11.1637],[-58.2487,-11.1282],[-58.2542,-11.0989],[-58.2489,-11.0901],[-58.2547,-11.076],[-58.2513,-11.0516],[-58.2708,-11.0331],[-58.2775,-11.0087],[-58.2875,-11.001],[-58.3015,-11.0093],[-58.3123,-11.0041],[-58.3181,-10.9723],[-58.3432,-10.9509],[-58.3628,-10.9606],[-58.3854,-10.9937],[-58.3794,-11.0103],[-58.3836,-11.0223],[-58.3565,-11.0588],[-58.3447,-11.0967],[-58.3582,-11.1265],[-58.3492,-11.1323],[-58.3384,-11.1585],[-58.3399,-11.1755],[-58.3644,-11.1919],[-58.3619,-11.2098],[-58.3768,-11.2245],[-58.3713,-11.2471],[-58.3771,-11.2614],[-58.3334,-11.2694],[-58.3324,-11.2824],[-58.3457,-11.2963],[-58.3301,-11.3268],[-58.3412,-11.3589],[-58.3399,-11.4068],[-58.3309,-11.4274],[-58.3165,-11.4402],[-58.3333,-11.4735],[-58.3354,-11.502],[-58.3793,-11.5303],[-58.3865,-11.6],[-58.4186,-11.6181],[-58.4201,-11.628],[-58.4031,-11.6576],[-58.3908,-11.7133],[-58.3894,-11.7739],[-58.3936,-11.7923],[-58.402,-11.7983],[-58.4017,-11.8123],[-58.4241,-11.8299],[-58.4335,-11.857],[-58.4331,-11.9108],[-58.4481,-11.9222],[-58.4512,-11.9357],[-58.4581,-11.9354],[-58.4661,-11.9581],[-58.4622,-11.9886],[-58.4753,-12.0208],[-58.4846,-12.0237],[-58.4867,-12.0337],[-58.4769,-12.0446],[-58.4865,-12.0515],[-58.4915,-12.1236],[-58.4763,-12.1437],[-58.4749,-12.1678],[-58.4855,-12.1753],[-58.4916,-12.2022],[-58.4994,-12.2047],[-58.5117,-12.2403],[-58.5268,-12.2527],[-58.5277,-12.2752],[-58.5137,-12.2819],[-58.5063,-12.3023],[-58.489,-12.3008],[-58.4847,-12.3127],[-58.4939,-12.327],[-58.4907,-12.3535],[-58.4706,-12.3615],[-58.4664,-12.3975],[-58.4445,-12.4273],[-58.4441,-12.4383],[-58.4587,-12.4615],[-58.4438,-12.4965],[-58.4258,-12.5035],[-58.4231,-12.5126],[-58.4471,-12.5412],[-58.4488,-12.552],[-58.4346,-12.5734],[-58.4277,-12.6103],[-58.4144,-12.6259],[-58.4139,-12.659],[-58.4,-12.6769],[-58.411,-12.6978],[-58.4047,-12.7098],[-58.4057,-12.7364],[-58.3967,-12.7476],[-58.403,-12.7736],[-58.3946,-12.7787],[-58.3976,-12.7988],[-58.3834,-12.8228],[-58.3665,-12.8194],[-58.3554,-12.8239],[-58.3513,-12.8605],[-58.3412,-12.8793],[-58.3279,-12.8848],[-58.3121,-12.9095],[-58.3018,-12.9067],[-58.2946,-12.9145],[-58.2978,-12.9292]]]}},{"type":"Feature","properties":{"code":"5102504","name":"Cáceres"},"geometry":{"type":"Polygon","coordinates":[[[-57.7523,-17.5645],[-57.7401,-17.5363],[-57.7281,-17.5297],[-57.7121,-17.5431],[-57.7109,-17.5661],[-57.7016,-17.5778],[-57.7021,-17.6012],[-57.6927,-17.627],[-57.6778,-17.605],[-57.6488,-17.6127],[-57.6439,-17.6082],[-57.6313,-17.6183],[-57.6267,-17.6118],[-57.6323,-17.6041],[-57.6188,-17.6017],[-57.6071,-17.583],[-57.5625,-17.5696],[-57.558,-17.563],[-57.5449,-17.5635],[-57.5354,-17.5466],[-57.5008,-17.5356],[-57.4909,-17.524],[-57.4814,-17.5252],[-57.4856,-17.5116],[-57.477,-17.5038],[-57.4797,-17.4797],[-57.4682,-17.467],[-57.458,-17.4712],[-57.4451,-17.4487],[-57.4354,-17.4464],[-57.4264,-17.4187],[-57.3841,-17.3926],[-57.3813,-17.3774],[-57.3683,-17.3838],[-57.3635,-17.3769],[-57.3664,-17.3526],[-57.3376,-17.3587],[-57.3356,-17.3422],[-57.3432,-17.3313],[-57.328,-17.327],[-57.3392,-17.3155],[-57.3282,-17.3152],[-57.3354,-17.3051],[-57.3313,-17.2842],[-57.3491,-17.2834],[-57.3396,-17.2732],[-57.3489,-17.2463],[-57.3339,-17.2222],[-57.3346,-17.2072],[-57.3542,-17.1976],[-57.3496,-17.1923],[-57.355,-17.1872],[-57.3528,-17.1782],[-57.368,-17.1539],[-57.3597,-17.1443],[-57.3666,-17.1404],[-57.3651,-17.1285],[-57.3727,-17.1204],[-57.3682,-17.1134],[-57.3781,-17.1057],[-57.3893,-17.08],[-57.3854,-17.0723],[-57.3982,-17.0603],[-57.4001,-17.0475],[-57.392,-17.0307],[-57.3782,-17.0208],[-57.3776,-17.0145],[-57.3919,-17.0045],[-57.3778,-17.0033],[-57.4058,-16.9622],[-57.4116,-16.972],[-57.4193,-16.967],[-57.4094,-16.9592],[-57.4105,-16.9505],[-57.4177,-16.9521],[-57.4205,-16.9412],[-57.4342,-16.9339],[-57.4237,-16.9305],[-57.4323,-16.9206],[-57.4057,-16.8751],[-57.384,-16.8783],[-57.3723,-16.8601],[-57.374,-16.8356],[-57.3634,-16.823],[-57.3773,-16.8052],[-57.3739,-16.7857],[-57.386,-16.7864],[-57.3981,-16.7739],[-57.3889,-16.7649],[-57.405,-16.7371],[-57.4058,-16.7231],[-57.3956,-16.679],[-57.409,-16.6783],[-57.4104,-16.6675],[-57.3985,-16.6638],[-57.4029,-16.6382],[-57.3558,-16.617],[-57.331,-16.6152],[-57.3131,-16.5952],[-57.3,-16.5982],[-57.2651,-16.5778],[-57.2649,-16.5704],[-57.2397,-16.5459],[-57.188,-16.5278],[-57.1865,-16.4744],[-57.1716,-16.4423],[-57.0756,-16.4194],[-57.0845,-16.3374],[-57.0717,-16.2679],[-57.0827,-16.2273],[-57.081,-16.2135],[-57.0908,-16.2006],[-57.0958,-16.1742],[-57.1257,-16.1404],[-57.118,-16.1074],[-57.1099,-16.099],[-57.1123,-16.0793],[-57.1211,-16.0697],[-57.1166,-16.0575],[-57.1288,-16.0406],[-57.1455,-16.039],[-57.1494,-16.033],[-57.1445,-16.0215],[-57.1535,-16.0008],[-57.1311,-15.9823],[-57.1334,-15.9648],[-57.1279,-15.9548],[-57.1179,-15.959],[-57.111,-15.9518],[-57.1031,-15.9285],[-57.0905,-15.9183],[-57.0784,-15.8808],[-57.0526,-15.8641],[-57.0487,-15.851],[-57.0412,-15.8492],[-57.0075,-15.8037],[-57.0142,-15.7672],[-57.0087,-15.7415],[-57.2248,-15.8509],[-57.2337,-15.823],[-57.2311,-15.8088],[-57.22,-15.7972],[-57.225,-15.7906],[-57.2512,-15.7948],[-57.2783,-15.8578],[-57.286,-15.8601],[-57.2793,-15.8332],[-57.3122,-15.81],[-57.3155,-15.7915],[-57.3074,-15.7778],[-57.3218,-15.7628],[-57.3205,-15.7535],[-57.3494,-15.7252],[-57.3787,-15.7139],[-57.3827,-15.7188],[-57.4062,-15.7195],[-57.4275,-15.7443],[-57.4461,-15.7472],[-57.4508,-15.7548],[-57.4682,-15.7488],[-57.4829,-15.7542],[-57.4884,-15.7455],[-57.514,-15.7495],[-57.519,-15.7411],[-57.5172,-15.7168],[-57.5016,-15.6853],[-57.4909,-15.6809],[-57.4849,-15.6587],[-57.4979,-15.6557],[-57.4992,-15.6412],[-57.4854,-15.5696],[-57.508,-15.51],[-57.7122,-15.4545],[-57.7009,-15.479],[-57.7003,-15.5048],[-57.7078,-15.5191],[-57.6958,-15.547],[-57.6948,-15.5666],[-57.7022,-15.5751],[-57.6969,-15.5992],[-57.7128,-15.6469],[-57.7036,-15.7001],[-57.7093,-15.7192],[-57.7192,-15.7273],[-57.7425,-15.7096],[-57.7487,-15.6884],[-57.7604,-15.6802],[-57.7991,-15.7737],[-57.807,-15.7748],[-57.8328,-15.762],[-57.8899,-15.7502],[-57.9356,-15.716],[-57.966,-15.7143],[-57.9769,-15.7739],[-57.9592,-15.7744],[-57.9505,-15.79],[-57.9357,-15.7973],[-57.9437,-15.821],[-57.9768,-15.8128],[-58.0037,-15.8236],[-58.0393,-15.821],[-58.0533,-15.8285],[-58.0712,-15.8287],[-58.0823,-15.8173],[-58.0912,-15.8197],[-58.1097,-15.8441],[-58.1321,-15.8473],[-58.1408,-15.8609],[-58.1551,-15.8645],[-58.1576,-15.8836],[-58.172,-15.9064],[-58.1663,-15.9141],[-58.1732,-15.9305],[-58.1661,-15.9672],[-58.1595,-15.9739],[-58.1623,-16.002],[-58.1521,-16.0252],[-58.1519,-16.0446],[-58.202,-16.0424],[-58.2257,-16.0255],[-58.2421,-16.0338],[-58.2571,-16.0258],[-58.2928,-15.9959],[-58.2994,-15.9622],[-58.2886,-15.9514],[-58.2943,-15.9394],[-58.3106,-15.9234],[-58.3319,-15.9139],[-58.3418,-15.9174],[-58.3796,-15.8851],[-58.4073,-15.889],[-58.4502,-15.9201],[-58.4882,-15.9314],[-58.5084,-15.9449],[-58.5616,-15.9494],[-58.5833,-15.9434],[-58.597,-15.9636],[-58.631,-15.981],[-58.6382,-16.0021],[-58.6529,-16.0143],[-58.6751,-16.0147],[-58.6948,-16.0323],[-58.6861,-16.0714],[-58.7038,-16.0925],[-58.7036,-16.1114],[-58.7149,-16.1417],[-58.7611,-16.1732],[-58.7702,-16.1903],[-58.772,-16.2155],[-58.7961,-16.2506],[-58.7884,-16.2866],[-58.7944,-16.2923],[-58.7857,-16.308],[-58.4306,-16.3227],[-58.3943,-16.2961],[-58.3887,-16.2614],[-58.3659,-16.2737],[-58.3222,-16.2664],[-58.3176,-16.2923],[-58.304,-16.3091],[-58.3073,-16.3707],[-58.346,-16.393],[-58.3564,-16.426],[-58.3342,-16.4903],[-58.3441,-16.5184],[-58.3695,-16.544],[-58.3879,-16.5527],[-58.4014,-16.5685],[-58.4216,-16.5746],[-58.4362,-16.5929],[-58.4631,-16.6532],[-58.4717,-16.7082],[-58.4668,-16.7172],[-58.4728,-16.7489],[-58.4595,-16.7864],[-58.4618,-16.7943],[-58.4722,-16.7931],[-58.4786,-16.8142],[-58.4756,-16.8221],[-58.4582,-16.8266],[-58.4645,-16.8354],[-58.4687,-16.8863],[-58.4605,-16.9014],[-58.4656,-16.9113],[-58.4768,-16.9132],[-58.472,-16.921],[-58.4768,-16.9367],[-58.4689,-16.9429],[-58.4588,-16.9382],[-58.4631,-16.962],[-58.4447,-16.9838],[-58.4319,-16.9917],[-58.417,-16.9818],[-58.4005,-16.9978],[-58.394,-17.015],[-58.3989,-17.184],[-58.3677,-17.1991],[-58.3466,-17.2341],[-58.2933,-17.288],[-58.3003,-17.298],[-58.2783,-17.2998],[-58.2805,-17.3191],[-58.2633,-17.3316],[-58.2645,-17.3451],[-58.2544,-17.3538],[-58.2416,-17.349],[-58.2201,-17.3602],[-58.2022,-17.357],[-58.1951,-17.369],[-58.1981,-17.3861],[-58.1854,-17.3915],[-58.1532,-17.3836],[-58.1455,-17.4137],[-58.1229,-17.4147],[-58.1207,-17.4476],[-58.0914,-17.4609],[-58.0601,-17.4507],[-58.0495,-17.463],[-58.0434,-17.4927],[-58.0103,-17.4998],[-57.9964,-17.5156],[-57.8834,-17.4495],[-57.7523,-17.5645]]]}},{"type":"Feature","properties":{"code":"5102603","name":"Campinápolis"},"geometry":{"type":"Polygon","coordinates":[[[-52.8141,-14.779],[-52.793,-14.7534],[-52.7981,-14.7308],[-52.7771,-14.6976],[-52.7778,-14.6786],[-52.7849,-14.6775],[-52.7825,-14.6619],[-52.7735,-14.6561],[-52.7553,-14.6596],[-52.7475,-14.6103],[-52.6865,-14.5514],[-52.8178,-14.3918],[-52.8043,-14.3794],[-52.7998,-14.3568],[-52.8465,-14.3392],[-52.864,-14.3477],[-52.8985,-14.3251],[-52.9105,-14.3056],[-52.9059,-14.2948],[-52.9316,-14.2613],[-52.9299,-14.2554],[-52.9365,-14.2461],[-52.9549,-14.242],[-52.9608,-14.2321],[-52.9721,-14.2321],[-52.9802,-14.2245],[-52.9889,-14.2068],[-52.9854,-14.1985],[-53.0129,-14.1698],[-53.0138,-14.147],[-53.0344,-14.1261],[-53.0322,-14.112],[-53.0392,-14.1041],[-53.0188,-14.0864],[-53.0159,-14.0741],[-53.0267,-14.0657],[-53.0212,-14.0493],[-53.0327,-14.0314],[-53.0083,-14.0218],[-53.0099,-14.0136],[-52.9928,-14.0105],[-52.9914,-13.9866],[-52.9956,-13.9763],[-53.0128,-13.9747],[-53.0099,-13.9668],[-53.0156,-13.9644],[-53.0001,-13.9444],[-53.0237,-13.9207],[-53.0169,-13.8988],[-53.0261,-13.8997],[-53.0342,-13.8877],[-53.046,-13.8369],[-53.0574,-13.8362],[-53.0531,-13.8145],[-53.0643,-13.8078],[-53.0662,-13.7935],[-53.0917,-13.7808],[-53.0999,-13.7678],[-53.0942,-13.7482],[-53.1144,-13.7304],[-53.1034,-13.6643],[-53.0928,-13.655],[-53.101,-13.6351],[-53.111,-13.6355],[-53.1392,-13.6557],[-53.1373,-13.6632],[-53.1462,-13.6689],[-53.143,-13.6756],[-53.1539,-13.6823],[-53.1506,-13.6898],[-53.1644,-13.6959],[-53.1685,-13.7124],[-53.1996,-13.7308],[-53.1958,-13.7391],[-53.2176,-13.7569],[-53.2265,-13.7859],[-53.2491,-13.8001],[-53.2516,-13.83],[-53.2615,-13.8341],[-53.2553,-13.8594],[-53.2622,-13.8645],[-53.2579,-13.8823],[-53.2821,-13.9057],[-53.2995,-13.9577],[-53.3162,-13.9601],[-53.3272,-14.0034],[-53.3461,-14.002],[-53.3451,-14.021],[-53.3592,-14.0242],[-53.3545,-14.0311],[-53.3637,-14.044],[-53.3569,-14.0442],[-53.3554,-14.0539],[-53.3654,-14.066],[-53.3618,-14.0712],[-53.3674,-14.081],[-53.3622,-14.0873],[-53.3618,-14.1246],[-53.3767,-14.1659],[-53.4004,-14.1838],[-53.3976,-14.1926],[-53.4074,-14.1992],[-53.4038,-14.208],[-53.4154,-14.2107],[-53.4195,-14.2299],[-53.4552,-14.2647],[-53.4541,-14.289],[-53.4633,-14.3146],[-53.4523,-14.3667],[-53.455,-14.3903],[-53.4672,-14.4035],[-53.454,-14.4114],[-53.4542,-14.4282],[-53.4385,-14.4545],[-53.4435,-14.4782],[-53.4071,-14.4822],[-53.3978,-14.4958],[-53.3951,-14.5167],[-53.3659,-14.5465],[-53.3509,-14.5786],[-53.3524,-14.6124],[-53.3677,-14.6385],[-53.3783,-14.6935],[-53.3963,-14.7011],[-53.4012,-14.7257],[-53.3712,-14.7358],[-53.354,-14.7514],[-53.3595,-14.7882],[-53.2943,-14.8515],[-53.2917,-14.8628],[-53.2585,-14.8754],[-53.2396,-14.8763],[-53.2252,-14.8693],[-53.2071,-14.8766],[-53.1796,-14.8642],[-53.1358,-14.8734],[-53.12,-14.867],[-53.0983,-14.8793],[-53.0842,-14.8647],[-53.0867,-14.8538],[-53.0414,-14.8089],[-53.0239,-14.7386],[-52.9799,-14.743],[-52.9544,-14.7256],[-52.9172,-14.7408],[-52.9174,-14.7478],[-52.908,-14.7545],[-52.8898,-14.7446],[-52.8824,-14.7539],[-52.8702,-14.7504],[-52.8527,-14.7759],[-52.8237,-14.7688],[-52.8141,-14.779]]]}},{"type":"Feature","properties":{"code":"5102637","name":"Campo Novo do Parecis"},"geometry":{"type":"Polygon","coordinates":[[[-57.3682,-13.5932],[-57.348,-13.5566],[-57.3574,-13.552],[-57.4517,-13.58],[-57.5432,-13.582],[-57.5383,-13.5609],[-57.5418,-13.5333],[-57.5584,-13.5027],[-57.5557,-13.4908],[-57.5679,-13.452],[-57.5953,-13.4362],[-57.6089,-13.4167],[-57.63,-13.4118],[-57.6221,-13.3937],[-57.6216,-13.3621],[-57.6133,-13.3512],[-57.6188,-13.3408],[-57.576,-13.2857],[-57.5563,-13.2735],[-57.5385,-13.2378],[-57.5245,-13.2299],[-57.5149,-13.209],[-57.5052,-13.2039],[-57.5086,-13.1956],[-57.4978,-13.1788],[-57.4851,-13.1766],[-57.4867,-13.1549],[-57.5486,-13.1519],[-57.5723,-13.1613],[-57.5894,-13.1521],[-57.67,-13.1621],[-57.7207,-13.2109],[-57.7491,-13.2696],[-57.9212,-13.2073],[-58.0625,-13.2443],[-58.0716,-13.2365],[-58.0885,-13.2343],[-58.1325,-13.2384],[-58.1562,-13.2119],[-58.1617,-13.1865],[-58.1733,-13.1808],[-58.1802,-13.1855],[-58.1835,-13.1608],[-58.1765,-13.1397],[-58.1828,-13.0615],[-58.1751,-13.0567],[-58.1749,-13.0462],[-58.1862,-13.0435],[-58.1851,-13.025],[-58.1993,-13.0075],[-58.2043,-12.9816],[-58.2122,-12.9731],[-58.2362,-12.9712],[-58.2672,-12.9515],[-58.2776,-12.934],[-58.2923,-12.9304],[-58.2786,-12.9479],[-58.2851,-12.9759],[-58.2801,-12.9821],[-58.283,-13.0051],[-58.2727,-13.0174],[-58.2812,-13.027],[-58.2817,-13.0854],[-58.2692,-13.1088],[-58.2695,-13.1261],[-58.2828,-13.1869],[-58.3038,-13.2305],[-58.2974,-13.2392],[-58.3044,-13.241],[-58.3084,-13.2605],[-58.3135,-13.2598],[-58.3223,-13.2768],[-58.3141,-13.2849],[-58.3358,-13.3236],[-58.3452,-13.3648],[-58.3406,-13.3801],[-58.3478,-13.3892],[-58.3424,-13.4011],[-58.35,-13.462],[-58.3572,-13.4796],[-58.3625,-13.4785],[-58.3772,-13.5006],[-58.3722,-13.5185],[-58.3838,-13.5263],[-58.3843,-13.5385],[-58.397,-13.5407],[-58.4081,-13.5577],[-58.386,-13.5852],[-58.3169,-13.7464],[-58.3024,-13.849],[-58.2543,-13.9089],[-58.2367,-13.9263],[-58.2022,-13.9387],[-58.1689,-13.9606],[-58.0774,-13.9693],[-58.0888,-14.006],[-58.0816,-14.0124],[-58.0898,-14.027],[-58.0849,-14.0305],[-58.0921,-14.0398],[-58.0893,-14.0516],[-58.0991,-14.0629],[-58.0921,-14.0787],[-58.0978,-14.0903],[-58.0875,-14.1076],[-58.0927,-14.135],[-58.1015,-14.1375],[-58.1032,-14.1495],[-58.097,-14.1577],[-58.1083,-14.1624],[-58.1169,-14.1751],[-58.1125,-14.1804],[-58.1274,-14.1963],[-58.1441,-14.2035],[-58.1599,-14.2293],[-58.1688,-14.2315],[-58.1701,-14.2427],[-58.1797,-14.2456],[-58.1771,-14.2564],[-58.2087,-14.2808],[-58.224,-14.3237],[-58.2229,-14.3365],[-58.2299,-14.3435],[-58.232,-14.3858],[-57.8352,-14.2985],[-57.8138,-14.3026],[-57.7347,-14.2916],[-57.7034,-14.2477],[-57.6722,-14.1736],[-57.6803,-14.1591],[-57.6769,-14.0974],[-57.6926,-14.0798],[-57.6816,-14.0587],[-57.6679,-14.0499],[-57.6503,-14.0096],[-57.633,-13.9892],[-57.6281,-13.9634],[-57.5842,-13.9253],[-57.5712,-13.9045],[-57.5666,-13.8667],[-57.5025,-13.7889],[-57.4983,-13.7667],[-57.4882,-13.7663],[-57.4954,-13.7566],[-57.4526,-13.7133],[-57.4401,-13.693],[-57.4406,-13.6801],[-57.4282,-13.6735],[-57.4294,-13.6663],[-57.4077,-13.6429],[-57.4008,-13.6425],[-57.3946,-13.6072],[-57.3682,-13.5932]]]}},{"type":"Feature","properties":{"code":"5102678","name":"Campo Verde"},"geometry":{"type":"Polygon","coordinates":[[[-54.9767,-15.6272],[-54.9651,-15.6201],[-54.9744,-15.5542],[-54.9671,-15.5336],[-54.9561,-15.5309],[-54.9523,-15.4865],[-54.9297,-15.4823],[-54.9028,-15.4965],[-54.7886,-15.4386],[-54.7539,-15.4288],[-54.7365,-15.4103],[-54.7085,-15.394],[-54.6922,-15.4001],[-54.6829,-15.3914],[-54.6369,-15.3861],[-54.6253,-15.3751],[-54.5988,-15.3682],[-54.5931,-15.3728],[-54.5733,-15.3611],[-54.5524,-15.3655],[-54.5555,-15.3578],[-54.5448,-15.3221],[-54.531,-15.3085],[-54.5211,-15.2845],[-54.4956,-15.2722],[-54.4868,-15.2561],[-54.5351,-15.2458],[-54.4565,-15.2057],[-54.4722,-15.1699],[-54.4875,-15.1592],[-54.4945,-15.1372],[-54.4793,-15.1196],[-54.4385,-15.1104],[-54.4414,-15.0652],[-54.4549,-15.0457],[-54.4807,-15.0368],[-54.4849,-15.0283],[-54.5036,-15.0359],[-54.5666,-14.9684],[-54.6199,-14.9813],[-54.6323,-14.9788],[-54.6541,-14.9592],[-54.6968,-14.964],[-54.697,-14.9528],[-54.7368,-14.9711],[-54.8438,-15.0665],[-54.9458,-15.0708],[-55.0019,-15.0869],[-55.0173,-15.0837],[-55.0575,-15.099],[-55.0785,-15.0956],[-55.0986,-15.1061],[-55.1692,-15.2055],[-55.3338,-15.3531],[-55.3181,-15.3503],[-55.2965,-15.359],[-55.2858,-15.3793],[-55.2746,-15.3804],[-55.266,-15.4036],[-55.2745,-15.4211],[-55.291,-15.4321],[-55.288,-15.4756],[-55.2951,-15.4811],[-55.3061,-15.5158],[-55.3439,-15.4859],[-55.372,-15.491],[-55.4035,-15.5092],[-55.4001,-15.5293],[-55.4173,-15.5461],[-55.4356,-15.5826],[-55.4425,-15.6132],[-55.4241,-15.6227],[-55.3621,-15.6045],[-55.3557,-15.6096],[-55.4254,-15.6628],[-55.4142,-15.6782],[-55.4051,-15.6771],[-55.3968,-15.6924],[-55.421,-15.715],[-55.412,-15.7376],[-55.4212,-15.7541],[-55.394,-15.7715],[-55.3862,-15.7705],[-55.4105,-15.8199],[-55.3796,-15.8114],[-55.3622,-15.8137],[-55.3142,-15.8414],[-55.3026,-15.8538],[-55.3094,-15.8879],[-55.3031,-15.8975],[-55.2484,-15.776],[-55.2421,-15.7406],[-55.1932,-15.7065],[-55.1301,-15.6883],[-55.0969,-15.6664],[-55.0904,-15.6587],[-55.0843,-15.6101],[-55.0673,-15.6021],[-55.048,-15.61],[-55.0285,-15.6046],[-55.0194,-15.6191],[-54.9852,-15.6128],[-54.9767,-15.6272]]]}},{"type":"Feature","properties":{"code":"5102686","name":"Campos de Júlio"},"geometry":{"type":"Polygon","coordinates":[[[-58.9311,-12.6415],[-58.9685,-12.6677],[-58.9766,-12.6859],[-59.0322,-12.7046],[-59.0447,-12.7239],[-59.0435,-12.7436],[-59.0535,-12.7684],[-59.0984,-12.8218],[-59.1102,-12.8281],[-59.1095,-12.8378],[-59.1441,-12.842],[-59.1607,-12.8561],[-59.1855,-12.8931],[-59.2289,-12.9207],[-59.2406,-12.9443],[-59.2394,-12.9636],[-59.2461,-12.9773],[-59.2318,-12.9946],[-59.239,-13.0044],[-59.2477,-13.0053],[-59.2473,-13.0447],[-59.2697,-13.064],[-59.2857,-13.0613],[-59.2967,-13.0851],[-59.3093,-13.0832],[-59.3172,-13.0928],[-59.3171,-13.1048],[-59.3429,-13.1127],[-59.381,-13.1743],[-59.379,-13.1986],[-59.3876,-13.2084],[-59.3897,-13.2347],[-59.4009,-13.2436],[-59.407,-13.2413],[-59.4267,-13.2744],[-59.4277,-13.2903],[-59.4156,-13.2961],[-59.4127,-13.3232],[-59.3952,-13.3474],[-59.3936,-13.357],[-59.4017,-13.364],[-59.3938,-13.3814],[-59.3967,-13.4186],[-59.4073,-13.4321],[-59.3881,-13.4706],[-59.3977,-13.4853],[-59.4062,-13.4866],[-59.4033,-13.4938],[-59.4093,-13.5026],[-59.4181,-13.5029],[-59.4229,-13.5138],[-59.4129,-13.5288],[-59.4287,-13.5692],[-59.4205,-13.5704],[-59.4281,-13.5795],[-59.4196,-13.5907],[-59.4244,-13.6048],[-59.4206,-13.6142],[-59.4236,-13.6348],[-59.4567,-13.6957],[-59.4508,-13.7333],[-59.457,-13.7428],[-59.4575,-13.7892],[-59.4448,-13.8307],[-59.4361,-13.8337],[-59.4393,-13.849],[-59.4338,-13.8569],[-59.4264,-13.8592],[-59.4123,-13.8513],[-59.3974,-13.8622],[-59.3917,-13.8782],[-59.3837,-13.8758],[-59.3767,-13.8941],[-59.3868,-13.8935],[-59.3877,-13.9018],[-59.3699,-13.9146],[-59.3844,-13.9284],[-59.3719,-13.9956],[-59.3615,-14.0058],[-59.3605,-14.0235],[-59.3521,-14.0254],[-59.3443,-14.0524],[-59.3665,-14.0981],[-59.3747,-14.13],[-59.3871,-14.1268],[-59.4071,-14.1527],[-59.4224,-14.2067],[-59.4219,-14.2249],[-59.3872,-14.328],[-59.3674,-14.3436],[-59.3674,-14.3578],[-59.3435,-14.4007],[-59.3442,-14.4181],[-59.3118,-14.5101],[-59.2994,-14.4579],[-59.3069,-14.4332],[-59.2864,-14.3854],[-59.2741,-14.3738],[-59.2271,-14.3577],[-59.2217,-14.3509],[-59.1442,-14.3431],[-59.1365,-14.325],[-59.097,-14.2987],[-59.0875,-14.2559],[-59.0952,-14.2545],[-59.1041,-14.2305],[-59.0922,-14.1927],[-59.0696,-14.1733],[-59.0678,-14.1545],[-59.0789,-14.145],[-59.064,-14.0953],[-59.0554,-14.0921],[-59.0599,-14.0857],[-59.045,-14.0707],[-59.0457,-14.0588],[-59.0378,-14.0573],[-59.0418,-14.0446],[-59.0365,-14.0421],[-59.0404,-14.0276],[-59.0356,-14.0163],[-59.0456,-14.0],[-59.0436,-13.9842],[-59.0274,-13.9802],[-59.0241,-13.9723],[-59.0316,-13.9677],[-59.0317,-13.9595],[-59.0253,-13.9575],[-59.019,-13.94],[-59.0205,-13.9039],[-59.0111,-13.9002],[-59.0008,-13.8669],[-58.9832,-13.8558],[-58.9785,-13.8362],[-58.9955,-13.7978],[-59.0095,-13.744],[-59.0054,-13.7391],[-59.0174,-13.7121],[-59.0093,-13.7044],[-59.014,-13.6987],[-59.0087,-13.6901],[-59.0,-13.6862],[-59.0166,-13.671],[-59.0211,-13.6524],[-59.0062,-13.632],[-59.0065,-13.6207],[-59.018,-13.6033],[-59.036,-13.5921],[-59.03,-13.5878],[-59.0344,-13.5677],[-59.0263,-13.5573],[-59.0359,-13.5534],[-59.0147,-13.5115],[-59.0303,-13.5009],[-59.0291,-13.4948],[-59.0139,-13.4783],[-59.0171,-13.4613],[-59.005,-13.4602],[-58.9983,-13.4445],[-59.0058,-13.3954],[-59.0168,-13.3876],[-59.0134,-13.37],[-59.0252,-13.3602],[-59.0189,-13.3546],[-59.021,-13.3466],[-59.0298,-13.3476],[-59.0285,-13.3387],[-59.0199,-13.3362],[-59.0357,-13.3114],[-59.0284,-13.3031],[-59.0261,-13.2739],[-59.0132,-13.2538],[-59.015,-13.2455],[-59.0254,-13.2501],[-59.0374,-13.2429],[-59.0214,-13.2094],[-58.9951,-13.2187],[-58.9836,-13.2013],[-58.9817,-13.1925],[-59.0034,-13.1804],[-58.9994,-13.1685],[-58.9735,-13.15],[-58.96,-13.1264],[-58.9655,-13.1044],[-58.9609,-13.1021],[-58.9627,-13.0838],[-58.9759,-13.0796],[-58.9773,-13.0702],[-58.967,-13.0617],[-58.9764,-13.0526],[-58.9703,-13.0505],[-58.9673,-13.0219],[-58.957,-13.0047],[-58.9588,-12.9902],[-58.9417,-12.9807],[-58.9292,-12.964],[-58.925,-12.9195],[-58.9152,-12.9173],[-58.9133,-12.8996],[-58.9197,-12.8942],[-58.9297,-12.853],[-58.9267,-12.834],[-58.9349,-12.8282],[-58.9309,-12.8105],[-58.9483,-12.7564],[-58.9522,-12.7095],[-58.9479,-12.6914],[-58.9294,-12.6681],[-58.9311,-12.6415]]]}},{"type":"Feature","properties":{"code":"5102694","name":"Canabrava do Norte"},"geometry":{"type":"Polygon","coordinates":[[[-51.5192,-11.1784],[-51.5089,-11.1344],[-51.4992,-11.1328],[-51.4911,-11.1127],[-51.4641,-11.081],[-51.4568,-11.0845],[-51.4417,-11.0573],[-51.421,-11.0534],[-51.4179,-11.0454],[-51.4116,-11.0496],[-51.3974,-11.024],[-51.4087,-11.03],[-51.4202,-11.0261],[-51.4284,-11.0313],[-51.4323,-11.0236],[-51.4577,-11.0339],[-51.466,-11.0293],[-51.4846,-11.0358],[-51.5247,-11.0333],[-51.5266,-11.0405],[-51.5446,-11.0357],[-51.5541,-11.0394],[-51.5698,-11.0275],[-51.5663,-11.0121],[-51.5708,-11.003],[-51.5866,-10.9961],[-51.5878,-11.0016],[-51.6009,-10.9986],[-51.6081,-11.0039],[-51.6223,-11.0004],[-51.6296,-10.9904],[-51.642,-10.9982],[-51.6657,-10.9952],[-51.7018,-10.9687],[-51.7316,-10.9666],[-51.7439,-10.9408],[-51.7685,-10.9367],[-51.8081,-10.9462],[-51.8229,-10.9405],[-51.8328,-10.9523],[-51.8575,-10.9472],[-51.8779,-10.9534],[-51.8908,-10.9695],[-51.9904,-11.0213],[-52.0309,-11.0147],[-52.0503,-10.9953],[-52.0604,-11.0067],[-52.0696,-10.995],[-52.1123,-10.9938],[-52.1409,-10.9828],[-52.1545,-10.9644],[-52.1944,-10.9368],[-52.2294,-10.9876],[-52.215,-10.9876],[-52.2216,-10.9946],[-52.2113,-11.0059],[-52.2175,-11.0223],[-52.2137,-11.0273],[-52.2182,-11.0364],[-52.2231,-11.0324],[-52.2006,-11.0653],[-52.1953,-11.0806],[-52.1996,-11.0869],[-52.1733,-11.0935],[-52.1721,-11.1058],[-52.1651,-11.1097],[-52.1696,-11.1179],[-52.1252,-11.1444],[-52.1248,-11.152],[-52.1098,-11.161],[-52.1179,-11.1853],[-52.1147,-11.1953],[-52.1214,-11.1999],[-52.106,-11.2486],[-52.0756,-11.2726],[-52.0452,-11.2804],[-52.0428,-11.2904],[-52.0317,-11.2959],[-52.0254,-11.3131],[-52.037,-11.3304],[-52.0322,-11.3323],[-52.0339,-11.3637],[-52.0229,-11.3752],[-52.0286,-11.381],[-52.021,-11.3849],[-52.0205,-11.4021],[-51.9975,-11.4429],[-51.9887,-11.4447],[-51.9747,-11.4698],[-51.9657,-11.4717],[-51.9565,-11.495],[-51.9403,-11.5123],[-51.938,-11.5264],[-51.9242,-11.5187],[-51.8519,-11.5068],[-51.7776,-11.5171],[-51.7628,-11.5058],[-51.7528,-11.4862],[-51.7299,-11.4814],[-51.7147,-11.4659],[-51.6608,-11.4612],[-51.6315,-11.4208],[-51.6342,-11.3807],[-51.627,-11.3672],[-51.5816,-11.3565],[-51.5604,-11.3279],[-51.5612,-11.3119],[-51.5309,-11.2897],[-51.5128,-11.2644],[-51.487,-11.252],[-51.4843,-11.2106],[-51.4893,-11.1994],[-51.5192,-11.1784]]]}},{"type":"Feature","properties":{"code":"5102702","name":"Canarana"},"geometry":{"type":"Polygon","coordinates":[[[-53.101,-13.6351],[-52.4183,-13.6669],[-52.2173,-13.7156],[-52.2115,-13.6979],[-52.1972,-13.7036],[-52.1633,-13.7016],[-52.1265,-13.723],[-52.1029,-13.7237],[-52.0733,-13.7515],[-52.0418,-13.758],[-52.0207,-13.7746],[-51.9714,-13.7734],[-51.9599,-13.7603],[-51.9369,-13.7491],[-51.8955,-13.7779],[-51.8686,-13.7672],[-51.8418,-13.74],[-51.8176,-13.7345],[-51.7813,-13.7013],[-51.7351,-13.6763],[-51.727,-13.6789],[-51.6993,-13.6662],[-51.6846,-13.6671],[-51.6744,-13.6495],[-51.6471,-13.627],[-51.6257,-13.6256],[-51.6044,-13.6107],[-51.558,-13.6173],[-51.5465,-13.6071],[-51.5169,-13.6078],[-51.5039,-13.6245],[-51.4807,-13.6351],[-51.4685,-13.6174],[-51.475,-13.6108],[-51.4719,-13.582],[-51.4803,-13.5799],[-51.48,-13.5709],[-51.4628,-13.5596],[-51.4623,-13.5458],[-51.456,-13.5417],[-51.4416,-13.555],[-51.4402,-13.567],[-51.4465,-13.5766],[-51.4409,-13.5834],[-51.4347,-13.5812],[-51.4258,-13.5508],[-51.4134,-13.5444],[-51.4169,-13.5004],[-51.4116,-13.4851],[-51.3808,-13.4527],[-51.4945,-13.4076],[-51.506,-13.4059],[-51.5099,-13.4116],[-51.5235,-13.4041],[-51.5448,-13.3641],[-51.5759,-13.355],[-51.5917,-13.3567],[-51.62,-13.3703],[-51.624,-13.3801],[-51.6463,-13.383],[-51.6612,-13.402],[-51.6831,-13.4114],[-51.6971,-13.4265],[-51.7151,-13.4281],[-51.7276,-13.4181],[-51.7402,-13.4177],[-51.7896,-13.4296],[-51.8025,-13.4216],[-51.8171,-13.424],[-51.8435,-13.4472],[-51.8778,-13.5153],[-51.8724,-13.4882],[-51.8813,-13.4812],[-51.8915,-13.4828],[-51.9017,-13.4725],[-51.9112,-13.4378],[-51.9118,-13.427],[-51.8881,-13.3906],[-51.8894,-13.3784],[-51.905,-13.3709],[-51.9089,-13.3593],[-51.9024,-13.3228],[-51.9152,-13.3024],[-51.9143,-13.2626],[-51.9313,-13.2496],[-51.9302,-13.2162],[-51.9402,-13.2068],[-51.9558,-13.2047],[-51.9652,-13.181],[-51.9841,-13.1749],[-51.9973,-13.1551],[-52.0164,-13.1411],[-52.0593,-13.1228],[-52.062,-13.1135],[-52.1028,-13.109],[-52.1191,-13.1143],[-52.1247,-13.1071],[-52.1369,-13.1145],[-52.1424,-13.1249],[-52.1403,-13.1505],[-52.1522,-13.1593],[-52.1647,-13.1826],[-52.1906,-13.1815],[-52.2803,-13.2408],[-52.2916,-13.2138],[-52.3278,-13.2099],[-52.3354,-13.1914],[-52.3492,-13.1864],[-52.3481,-13.1637],[-52.3578,-13.1538],[-52.3827,-13.1521],[-52.4032,-13.1136],[-52.4102,-13.1116],[-52.4182,-13.0711],[-52.4318,-13.0528],[-52.4494,-13.0519],[-52.4623,-13.0191],[-52.4648,-13.0004],[-52.4597,-12.9874],[-52.4743,-12.9634],[-52.4677,-12.9206],[-52.4845,-12.9034],[-52.4795,-12.8736],[-52.4634,-12.8655],[-52.4628,-12.8514],[-52.4685,-12.8394],[-52.4931,-12.8237],[-52.496,-12.8061],[-52.5059,-12.7927],[-52.4943,-12.7609],[-52.4997,-12.7295],[-52.5318,-12.7128],[-52.5399,-12.72],[-52.5574,-12.7179],[-52.57,-12.7283],[-52.5943,-12.7226],[-52.6198,-12.6847],[-52.6334,-12.6774],[-52.6345,-12.6678],[-52.6719,-12.6663],[-52.7035,-12.6511],[-52.7128,-12.6579],[-52.7515,-12.639],[-52.7666,-12.6517],[-52.7769,-12.6448],[-52.7851,-12.6501],[-52.8118,-12.6287],[-52.8241,-12.6288],[-52.8562,-12.6137],[-52.8748,-12.6228],[-52.8996,-12.6061],[-52.918,-12.6097],[-52.9249,-12.6028],[-52.9275,-12.6117],[-52.9202,-12.6215],[-52.9389,-12.6281],[-52.9373,-12.637],[-52.9498,-12.6368],[-52.9484,-12.6556],[-52.9629,-12.6628],[-52.959,-12.6703],[-52.9528,-12.6637],[-52.9476,-12.6663],[-52.9457,-12.6754],[-52.9341,-12.6825],[-52.9391,-12.7059],[-52.9275,-12.7175],[-52.9249,-12.7444],[-52.9012,-12.7292],[-52.8902,-12.7314],[-52.8885,-12.738],[-52.9174,-12.7568],[-52.8912,-12.7737],[-52.8941,-12.7875],[-52.8882,-12.7931],[-52.8498,-12.8094],[-52.845,-12.8221],[-52.8359,-12.8234],[-52.8318,-12.831],[-52.8346,-12.8383],[-52.8135,-12.8491],[-52.8145,-12.8837],[-52.8248,-12.878],[-52.832,-12.8988],[-52.8261,-12.9256],[-52.8417,-12.9379],[-52.8423,-12.949],[-52.8521,-12.9491],[-52.8542,-12.9673],[-52.8691,-12.9675],[-52.868,-12.9791],[-52.8789,-12.9858],[-52.8778,-13.0011],[-52.8679,-13.0049],[-52.8734,-13.0178],[-52.8646,-13.0265],[-52.8657,-13.0342],[-52.8811,-13.0395],[-52.8747,-13.0474],[-52.8902,-13.0566],[-52.8931,-13.066],[-52.8825,-13.0823],[-52.8882,-13.0919],[-52.899,-13.093],[-52.8962,-13.1111],[-52.9006,-13.1042],[-52.911,-13.1039],[-52.911,-13.1296],[-52.905,-13.1321],[-52.9014,-13.125],[-52.8946,-13.132],[-52.9013,-13.1355],[-52.8969,-13.1431],[-52.9046,-13.1569],[-52.9152,-13.164],[-52.9064,-13.1796],[-52.9155,-13.1778],[-52.9216,-13.2039],[-52.9278,-13.201],[-52.9411,-13.2134],[-52.9628,-13.2172],[-52.9645,-13.2522],[-52.9732,-13.2528],[-52.9724,-13.2622],[-52.9643,-13.2674],[-52.9793,-13.2786],[-52.9777,-13.2866],[-52.989,-13.2936],[-52.9914,-13.306],[-53.0049,-13.3088],[-53.0013,-13.3143],[-53.0143,-13.3294],[-53.0072,-13.3315],[-53.0059,-13.341],[-53.0191,-13.3419],[-53.0113,-13.3518],[-53.0263,-13.362],[-53.0191,-13.3669],[-53.0401,-13.3927],[-53.036,-13.4032],[-53.0445,-13.4096],[-53.05,-13.4389],[-53.0691,-13.4469],[-53.0626,-13.4506],[-53.0743,-13.4578],[-53.0692,-13.471],[-53.0835,-13.495],[-53.0741,-13.4995],[-53.0749,-13.5088],[-53.0945,-13.5176],[-53.0873,-13.5235],[-53.0884,-13.5363],[-53.079,-13.5405],[-53.0746,-13.5603],[-53.0828,-13.5782],[-53.0943,-13.5795],[-53.096,-13.5864],[-53.0882,-13.5905],[-53.08,-13.6212],[-53.101,-13.6351]]]}},{"type":"Feature","properties":{"code":"5102793","name":"Carlinda"},"geometry":{"type":"Polygon","coordinates":[[[-55.5576,-10.057],[-55.5612,-9.9881],[-55.5763,-9.967],[-55.5749,-9.9513],[-55.5846,-9.933],[-55.6296,-9.8821],[-55.6447,-9.8822],[-55.6527,-9.8946],[-55.6709,-9.8987],[-55.7333,-9.788],[-55.7527,-9.7718],[-55.7815,-9.7618],[-55.8048,-9.7351],[-55.8322,-9.7365],[-55.8231,-9.7711],[-55.8395,-9.7929],[-55.8414,-9.8344],[-55.8614,-9.8681],[-55.875,-9.9569],[-55.9018,-9.9995],[-55.8958,-10.0373],[-55.9076,-10.051],[-55.9378,-10.0636],[-56.0028,-10.1243],[-56.052,-10.1207],[-56.059,-10.1071],[-56.0695,-10.1122],[-56.097,-10.1074],[-56.1044,-10.1336],[-56.1185,-10.1479],[-56.1739,-10.173],[-56.1872,-10.1894],[-56.2396,-10.2842],[-56.2164,-10.287],[-56.2046,-10.2652],[-56.1828,-10.261],[-56.1744,-10.2507],[-56.1451,-10.25],[-56.1324,-10.2587],[-56.132,-10.2757],[-56.0965,-10.2863],[-56.0615,-10.3214],[-56.0639,-10.3403],[-56.0558,-10.3641],[-56.0319,-10.3701],[-56.0211,-10.3924],[-55.9932,-10.394],[-55.9419,-10.3822],[-55.925,-10.3892],[-55.9067,-10.3589],[-55.8738,-10.3282],[-55.859,-10.2965],[-55.8282,-10.2746],[-55.808,-10.2403],[-55.733,-10.232],[-55.704,-10.2484],[-55.6672,-10.2564],[-55.6598,-10.2499],[-55.6392,-10.2486],[-55.5918,-10.2209],[-55.5735,-10.1825],[-55.5803,-10.1704],[-55.5679,-10.14],[-55.5725,-10.123],[-55.5576,-10.057]]]}},{"type":"Feature","properties":{"code":"5102850","name":"Castanheira"},"geometry":{"type":"Polygon","coordinates":[[[-58.9086,-10.7907],[-58.8627,-10.7973],[-58.8432,-10.7941],[-58.829,-10.8106],[-58.8612,-10.8126],[-58.868,-10.8364],[-58.9392,-10.8657],[-58.9412,-10.8825],[-58.9523,-10.8786],[-58.9565,-10.8682],[-58.9706,-10.8674],[-58.9928,-10.8727],[-58.9986,-10.8807],[-58.9838,-10.8929],[-58.9562,-10.8991],[-58.9433,-10.9151],[-58.9369,-10.902],[-58.9228,-10.9147],[-58.9311,-10.9252],[-58.9275,-10.9303],[-58.9371,-10.9451],[-58.948,-10.9932],[-58.9379,-10.9952],[-58.9272,-11.0105],[-58.8991,-11.0047],[-58.8864,-11.0148],[-58.8606,-11.0187],[-58.8594,-11.0334],[-58.8349,-11.0345],[-58.8022,-11.055],[-58.8157,-11.0692],[-58.8163,-11.0812],[-58.8372,-11.088],[-58.8328,-11.0961],[-58.839,-11.1001],[-58.8324,-11.1191],[-58.7979,-11.1659],[-58.8005,-11.1763],[-58.6486,-11.2475],[-58.5865,-11.2947],[-58.5679,-11.3014],[-58.5431,-11.29],[-58.5298,-11.297],[-58.5089,-11.2906],[-58.4914,-11.2802],[-58.4901,-11.2655],[-58.4586,-11.2541],[-58.3805,-11.2502],[-58.3768,-11.2245],[-58.3596,-11.2029],[-58.3644,-11.1919],[-58.3399,-11.1755],[-58.3384,-11.1585],[-58.3492,-11.1323],[-58.3582,-11.1265],[-58.3447,-11.0967],[-58.3565,-11.0588],[-58.3836,-11.0223],[-58.3794,-11.0103],[-58.3854,-10.9937],[-58.3628,-10.9606],[-58.3432,-10.9509],[-58.3491,-10.936],[-58.3368,-10.9132],[-58.3528,-10.8713],[-58.3309,-10.8016],[-58.3703,-10.7269],[-58.3694,-10.6963],[-58.391,-10.6545],[-58.3814,-10.6253],[-58.4191,-10.5665],[-58.455,-10.5821],[-58.4587,-10.5975],[-58.4841,-10.6126],[-58.4963,-10.6311],[-58.5037,-10.6265],[-58.5343,-10.6365],[-58.5489,-10.6212],[-58.5616,-10.621],[-58.5709,-10.6291],[-58.5814,-10.6254],[-58.6089,-10.6422],[-58.6236,-10.6368],[-58.6484,-10.6523],[-58.6499,-10.6644],[-58.7269,-10.6696],[-58.7447,-10.6943],[-58.7723,-10.6948],[-58.7828,-10.7058],[-58.7959,-10.7035],[-58.7964,-10.7096],[-58.8351,-10.7164],[-58.8428,-10.7345],[-58.8672,-10.735],[-58.8939,-10.7504],[-58.8968,-10.7737],[-58.9086,-10.7907]]]}},{"type":"Feature","properties":{"code":"5103007","name":"Chapada dos Guimarães"},"geometry":{"type":"Polygon","coordinates":[[[-56.1363,-15.1026],[-56.111,-15.0824],[-56.0909,-15.0874],[-56.0726,-15.0809],[-56.0233,-15.0964],[-56.0031,-15.0969],[-55.9434,-15.0842],[-55.9278,-15.0713],[-55.9186,-15.074],[-55.9227,-15.1028],[-55.9067,-15.1766],[-55.9115,-15.1851],[-55.9019,-15.1932],[-55.9213,-15.2266],[-55.9279,-15.2282],[-55.928,-15.237],[-55.9402,-15.2455],[-55.9462,-15.2346],[-55.9627,-15.2385],[-55.9616,-15.2468],[-55.9548,-15.2473],[-55.9535,-15.2643],[-55.9463,-15.2681],[-55.9494,-15.2751],[-55.9445,-15.2788],[-55.9343,-15.2769],[-55.9238,-15.2834],[-55.9211,-15.2775],[-55.8886,-15.2722],[-55.8876,-15.2813],[-55.8726,-15.2828],[-55.8713,-15.2927],[-55.8642,-15.2892],[-55.8572,-15.3002],[-55.8187,-15.3114],[-55.8234,-15.3262],[-55.8142,-15.3211],[-55.8009,-15.3291],[-55.7998,-15.3377],[-55.8093,-15.3434],[-55.8138,-15.3594],[-55.8498,-15.3719],[-55.8414,-15.3875],[-55.8486,-15.3965],[-55.831,-15.4072],[-55.8444,-15.414],[-55.8568,-15.406],[-55.8707,-15.4188],[-55.8565,-15.4449],[-55.8432,-15.4506],[-55.8409,-15.4623],[-55.8332,-15.4627],[-55.8286,-15.4778],[-55.8112,-15.4843],[-55.7979,-15.4756],[-55.7722,-15.4846],[-55.7677,-15.4753],[-55.7319,-15.4877],[-55.6827,-15.4809],[-55.6744,-15.491],[-55.6705,-15.4829],[-55.6641,-15.4886],[-55.6507,-15.482],[-55.6351,-15.4843],[-55.6285,-15.4977],[-55.6084,-15.4951],[-55.6113,-15.5097],[-55.5984,-15.5024],[-55.5932,-15.5137],[-55.5999,-15.5236],[-55.5914,-15.5266],[-55.5883,-15.5523],[-55.5667,-15.5369],[-55.5623,-15.5425],[-55.5798,-15.5612],[-55.5667,-15.5671],[-55.5712,-15.5751],[-55.5665,-15.5805],[-55.5394,-15.5641],[-55.5278,-15.5881],[-55.5165,-15.5896],[-55.5152,-15.5985],[-55.4873,-15.5892],[-55.515,-15.625],[-55.4798,-15.6165],[-55.4604,-15.618],[-55.4479,-15.6318],[-55.382,-15.6337],[-55.3557,-15.6096],[-55.3621,-15.6045],[-55.4241,-15.6227],[-55.4425,-15.6132],[-55.4356,-15.5826],[-55.4173,-15.5461],[-55.4001,-15.5293],[-55.4035,-15.5092],[-55.372,-15.491],[-55.3439,-15.4859],[-55.3061,-15.5158],[-55.2951,-15.4811],[-55.288,-15.4756],[-55.291,-15.4321],[-55.2745,-15.4211],[-55.266,-15.4036],[-55.2746,-15.3804],[-55.2858,-15.3793],[-55.2965,-15.359],[-55.3181,-15.3503],[-55.3338,-15.3531],[-55.1692,-15.2055],[-55.0986,-15.1061],[-55.0785,-15.0956],[-55.0575,-15.099],[-55.0173,-15.0837],[-55.0019,-15.0869],[-54.9458,-15.0708],[-54.8752,-15.0635],[-54.9002,-15.0442],[-54.9753,-15.0543],[-54.9925,-15.0499],[-54.9977,-15.0446],[-54.9932,-15.0201],[-55.0166,-15.0022],[-55.0763,-14.9966],[-55.1097,-14.9998],[-55.1386,-14.9877],[-55.1415,-14.9831],[-55.1309,-14.969],[-55.1079,-14.966],[-55.106,-14.9555],[-55.1153,-14.934],[-55.1432,-14.9011],[-55.1519,-14.8378],[-55.143,-14.8157],[-55.1473,-14.8017],[-55.1555,-14.8032],[-55.1591,-14.793],[-55.1829,-14.801],[-55.1979,-14.8258],[-55.2187,-14.8293],[-55.2537,-14.8108],[-55.2692,-14.816],[-55.278,-14.8111],[-55.2901,-14.8175],[-55.3097,-14.81],[-55.3179,-14.8155],[-55.3161,-14.8273],[-55.3267,-14.8312],[-55.3275,-14.8416],[-55.3343,-14.8455],[-55.3537,-14.821],[-55.3688,-14.8239],[-55.3636,-14.8296],[-55.4242,-14.8467],[-55.4229,-14.8535],[-55.4592,-14.8698],[-55.4795,-14.8688],[-55.4936,-14.8784],[-55.514,-14.8719],[-55.5375,-14.8751],[-55.5341,-14.8662],[-55.5406,-14.857],[-55.5473,-14.8644],[-55.5529,-14.8567],[-55.5769,-14.872],[-55.588,-14.8602],[-55.5774,-14.8477],[-55.5797,-14.8406],[-55.6407,-14.8347],[-55.6516,-14.8263],[-55.6508,-14.8172],[-55.643,-14.8203],[-55.6412,-14.8091],[-55.6295,-14.7986],[-55.5649,-14.7714],[-55.5331,-14.7656],[-55.5127,-14.7496],[-55.4925,-14.7083],[-55.4849,-14.7083],[-55.4778,-14.6948],[-55.4749,-14.6739],[-55.4633,-14.6629],[-55.4397,-14.6594],[-55.4249,-14.6353],[-55.4014,-14.6301],[-55.3935,-14.6164],[-55.3936,-14.6004],[-55.4063,-14.5897],[-55.3967,-14.5678],[-55.6807,-14.7381],[-55.7138,-14.7504],[-55.7444,-14.7799],[-55.7682,-14.7873],[-55.7619,-14.8073],[-55.7705,-14.8277],[-55.7848,-14.8377],[-55.8026,-14.8402],[-55.8303,-14.86],[-55.8435,-14.8565],[-55.8602,-14.8379],[-55.8755,-14.842],[-55.9118,-14.8657],[-55.952,-14.8791],[-55.9707,-14.8736],[-56.0009,-14.8931],[-56.0039,-14.9019],[-56.0153,-14.9047],[-56.0048,-14.9268],[-55.9581,-14.9857],[-55.948,-15.0178],[-55.9401,-15.0209],[-55.9426,-15.0347],[-56.2423,-14.9765],[-56.2084,-14.9862],[-56.1917,-15.0082],[-56.1887,-15.0343],[-56.2113,-15.0629],[-56.2017,-15.0695],[-56.2014,-15.0851],[-56.1918,-15.0974],[-56.174,-15.1037],[-56.1466,-15.0987],[-56.1363,-15.1026]]]}},{"type":"Feature","properties":{"code":"5103056","name":"Cláudia"},"geometry":{"type":"Polygon","coordinates":[[[-55.0671,-11.6969],[-55.0276,-11.6834],[-55.008,-11.6693],[-55.002,-11.6532],[-54.9397,-11.7059],[-54.924,-11.7057],[-54.8759,-11.7388],[-54.8729,-11.754],[-54.8475,-11.7358],[-54.8177,-11.7673],[-54.8083,-11.7944],[-54.8125,-11.8019],[-54.8023,-11.8105],[-54.7822,-11.8145],[-54.7561,-11.8071],[-54.7573,-11.7878],[-54.7705,-11.7741],[-54.7737,-11.7501],[-54.7665,-11.7376],[-54.7671,-11.7151],[-54.7467,-11.6719],[-54.7279,-11.6492],[-54.7192,-11.6215],[-54.7129,-11.5698],[-54.7203,-11.5483],[-54.731,-11.539],[-54.7125,-11.5022],[-54.7215,-11.4976],[-54.7092,-11.4857],[-54.7169,-11.4712],[-54.7017,-11.4525],[-54.7076,-11.4439],[-54.7013,-11.4332],[-54.7085,-11.4234],[-54.6983,-11.4011],[-54.7037,-11.3944],[-54.6918,-11.3833],[-54.6988,-11.3492],[-54.6864,-11.345],[-54.6936,-11.3317],[-54.6819,-11.3094],[-54.6932,-11.3037],[-54.6904,-11.2946],[-54.6984,-11.2863],[-54.6998,-11.2493],[-54.7091,-11.2545],[-54.7302,-11.2493],[-54.7348,-11.2575],[-54.7429,-11.2499],[-54.7541,-11.2606],[-54.7688,-11.2525],[-54.7937,-11.2672],[-54.8143,-11.2698],[-54.8239,-11.2792],[-54.8332,-11.2758],[-54.864,-11.2873],[-54.9143,-11.2291],[-54.9217,-11.1759],[-54.9327,-11.1713],[-54.9838,-11.174],[-55.0206,-11.1861],[-55.0569,-11.2096],[-55.0777,-11.2065],[-55.1057,-11.2124],[-55.1499,-11.188],[-55.1724,-11.2365],[-55.1776,-11.2754],[-55.1946,-11.2846],[-55.2043,-11.303],[-55.2279,-11.3097],[-55.2282,-11.2805],[-55.2834,-11.2782],[-55.3225,-11.2485],[-55.3227,-11.2109],[-55.3288,-11.1948],[-55.3818,-11.1461],[-55.438,-11.1994],[-55.4535,-11.233],[-55.4491,-11.2573],[-55.453,-11.2743],[-55.4458,-11.2781],[-55.4676,-11.3186],[-55.4628,-11.3553],[-55.437,-11.3725],[-55.4282,-11.386],[-55.4232,-11.4365],[-55.4297,-11.4548],[-55.4247,-11.4759],[-55.4005,-11.4972],[-55.3507,-11.4932],[-55.3494,-11.5097],[-55.3233,-11.5249],[-55.3143,-11.5223],[-55.2932,-11.5903],[-55.2855,-11.6662],[-55.1658,-11.6705],[-55.1518,-11.6783],[-55.1476,-11.6911],[-55.1299,-11.6958],[-55.1093,-11.6832],[-55.0886,-11.6826],[-55.0671,-11.6969]]]}},{"type":"Feature","properties":{"code":"5103106","name":"Cocalinho"},"geometry":{"type":"Polygon","coordinates":[[[-51.093,-14.8879],[-51.0896,-14.8402],[-51.0707,-14.81],[-51.0448,-14.7928],[-51.0451,-14.7771],[-51.0582,-14.7517],[-51.0301,-14.7097],[-51.0267,-14.6594],[-50.9999,-14.63],[-50.9928,-14.6125],[-50.9976,-14.5818],[-50.9937,-14.5701],[-50.9642,-14.5283],[-50.9635,-14.5179],[-50.9723,-14.509],[-50.968,-14.482],[-50.989,-14.4536],[-50.9862,-14.429],[-50.9979,-14.4138],[-50.9845,-14.3764],[-50.9873,-14.3577],[-50.9661,-14.3271],[-50.977,-14.2935],[-50.9541,-14.2317],[-50.9423,-14.2211],[-50.9215,-14.1734],[-50.9146,-14.1699],[-50.91,-14.1484],[-50.9195,-14.1186],[-50.9037,-14.1102],[-50.8951,-14.1309],[-50.8865,-14.1321],[-50.8739,-14.1198],[-50.8605,-14.1217],[-50.8415,-14.1043],[-50.8313,-14.0828],[-50.855,-14.0259],[-50.8472,-13.9998],[-50.8647,-13.984],[-50.8673,-13.9683],[-50.8402,-13.9237],[-50.8406,-13.8638],[-50.8591,-13.8287],[-50.8553,-13.7574],[-50.8739,-13.7345],[-50.8613,-13.7186],[-50.8297,-13.7098],[-50.8042,-13.6902],[-50.7866,-13.6466],[-50.7836,-13.6204],[-50.7716,-13.6045],[-50.759,-13.5203],[-50.7148,-13.4915],[-50.694,-13.4696],[-50.6835,-13.4452],[-50.6639,-13.435],[-50.6695,-13.3952],[-50.6645,-13.3744],[-50.6465,-13.362],[-50.6111,-13.3202],[-50.6056,-13.2751],[-50.5962,-13.2688],[-50.5845,-13.2225],[-50.6047,-13.1915],[-50.5934,-13.1613],[-50.5997,-13.1422],[-50.5916,-13.108],[-50.6103,-13.0648],[-50.6065,-13.054],[-50.5798,-13.0549],[-50.569,-13.0425],[-50.5929,-13.0035],[-50.5488,-12.9928],[-50.5398,-12.9795],[-50.5237,-12.9712],[-50.5264,-12.9339],[-50.5135,-12.9129],[-50.511,-12.8868],[-50.4996,-12.8795],[-50.4999,-12.8678],[-50.511,-12.8609],[-50.5131,-12.8446],[-50.5225,-12.8372],[-50.532,-12.8436],[-50.567,-12.8434],[-50.6005,-12.8244],[-50.5995,-12.8175],[-50.58,-12.8048],[-50.5819,-12.7994],[-50.6033,-12.8005],[-50.612,-12.8167],[-50.6227,-12.8197],[-50.6254,-12.8],[-50.6118,-12.7759],[-50.6361,-12.7711],[-50.6272,-12.7609],[-50.623,-12.7346],[-50.6347,-12.7254],[-50.6366,-12.7152],[-50.63,-12.7065],[-50.6451,-12.7022],[-50.6548,-12.6792],[-50.6463,-12.6638],[-50.6469,-12.6511],[-50.6562,-12.646],[-50.6839,-12.6481],[-50.6838,-12.6584],[-50.693,-12.6706],[-50.6981,-12.669],[-50.6992,-12.6825],[-50.7088,-12.6904],[-50.7107,-12.7231],[-50.726,-12.7245],[-50.7345,-12.733],[-50.7409,-12.7607],[-50.7389,-12.7688],[-50.7309,-12.7712],[-50.7303,-12.7845],[-50.7517,-12.7975],[-50.7523,-12.811],[-50.7628,-12.815],[-50.7757,-12.8081],[-50.7791,-12.8142],[-50.7714,-12.8357],[-50.7725,-12.8447],[-50.7831,-12.8477],[-50.7815,-12.866],[-50.8054,-12.8611],[-50.8264,-12.8719],[-50.8323,-12.8865],[-50.8428,-12.892],[-50.8969,-12.8492],[-50.9455,-12.6928],[-50.9493,-12.7034],[-50.9657,-12.7157],[-50.9938,-12.7251],[-50.9953,-12.7345],[-50.9751,-12.7501],[-50.9743,-12.7591],[-50.9787,-12.7675],[-50.997,-12.7638],[-51.004,-12.7706],[-50.9904,-12.7812],[-51.0055,-12.7862],[-51.0235,-12.8127],[-51.0122,-12.8261],[-51.0075,-12.8541],[-50.9971,-12.8624],[-50.9996,-12.8717],[-51.0169,-12.8681],[-51.0321,-12.889],[-51.0345,-12.9065],[-51.027,-12.9182],[-51.0374,-12.9281],[-51.067,-12.9292],[-51.0853,-12.956],[-51.1161,-12.9678],[-51.1109,-12.9768],[-51.1186,-12.9879],[-51.1132,-13.0037],[-51.1252,-13.0168],[-51.1216,-13.0285],[-51.1052,-13.0369],[-51.1178,-13.048],[-51.1002,-13.0787],[-51.1069,-13.0876],[-51.1175,-13.0863],[-51.142,-13.1],[-51.1429,-13.1137],[-51.1348,-13.1238],[-51.1391,-13.1341],[-51.1729,-13.1494],[-51.1788,-13.1674],[-51.1972,-13.1684],[-51.2003,-13.1745],[-51.1879,-13.1974],[-51.1902,-13.2092],[-51.2072,-13.2218],[-51.2005,-13.2407],[-51.2098,-13.2452],[-51.2235,-13.2401],[-51.2408,-13.2499],[-51.2715,-13.2455],[-51.2746,-13.2555],[-51.2618,-13.27],[-51.2695,-13.2998],[-51.3021,-13.3242],[-51.3421,-13.3413],[-51.3409,-13.3535],[-51.3335,-13.3558],[-51.3124,-13.3465],[-51.3065,-13.3496],[-51.3084,-13.3656],[-51.3473,-13.3969],[-51.35,-13.4274],[-51.3665,-13.435],[-51.3945,-13.4729],[-51.4116,-13.4851],[-51.4169,-13.5004],[-51.4134,-13.5444],[-51.4258,-13.5508],[-51.4347,-13.5812],[-51.4409,-13.5834],[-51.4465,-13.5766],[-51.4402,-13.567],[-51.4416,-13.555],[-51.456,-13.5417],[-51.4623,-13.5458],[-51.4628,-13.5596],[-51.48,-13.5709],[-51.4803,-13.5799],[-51.4719,-13.582],[-51.475,-13.6108],[-51.4639,-13.6255],[-51.4649,-13.6394],[-51.5147,-13.6626],[-51.5553,-13.7136],[-51.5567,-13.7748],[-51.5962,-13.8097],[-51.597,-13.8295],[-51.6172,-13.8617],[-51.6145,-13.8838],[-51.6277,-13.9032],[-51.6325,-13.936],[-51.6442,-13.9436],[-51.6638,-13.9853],[-51.6822,-13.9944],[-51.7011,-14.0319],[-51.6975,-14.106],[-51.7059,-14.1435],[-51.7315,-14.1766],[-51.7245,-14.2],[-51.7313,-14.2173],[-51.7285,-14.2266],[-51.7143,-14.2355],[-51.7022,-14.261],[-51.7063,-14.2717],[-51.689,-14.3158],[-51.7007,-14.3329],[-51.6966,-14.3572],[-51.7195,-14.3722],[-51.7081,-14.3787],[-51.7154,-14.3951],[-51.7049,-14.4123],[-51.7041,-14.4284],[-51.719,-14.4371],[-51.7091,-14.4547],[-51.7254,-14.4599],[-51.7101,-14.4723],[-51.7142,-14.4781],[-51.7084,-14.4942],[-51.6997,-14.4975],[-51.6914,-14.536],[-51.6227,-14.5224],[-51.6236,-14.4991],[-51.6122,-14.4926],[-51.5931,-14.4544],[-51.5694,-14.4342],[-51.5629,-14.4371],[-51.5554,-14.4183],[-51.5433,-14.4104],[-51.5326,-14.3831],[-51.5065,-14.3827],[-51.5027,-14.373],[-51.4793,-14.3644],[-51.4736,-14.3548],[-51.4383,-14.3587],[-51.3904,-14.3983],[-51.3926,-14.415],[-51.385,-14.4248],[-51.389,-14.4574],[-51.3799,-14.4959],[-51.3891,-14.5039],[-51.3912,-14.5167],[-51.4216,-14.5414],[-51.4373,-14.5674],[-51.4393,-14.5931],[-51.4671,-14.6158],[-51.4766,-14.6643],[-51.5377,-14.721],[-51.549,-14.7747],[-51.5446,-14.7944],[-51.5581,-14.831],[-51.5497,-14.8411],[-51.5714,-14.8721],[-51.5877,-14.8763],[-51.5893,-14.8923],[-51.6007,-14.9115],[-51.5929,-14.9424],[-51.6056,-14.9749],[-51.6196,-14.9906],[-51.3499,-14.9903],[-51.3331,-14.9701],[-51.3248,-14.9704],[-51.3022,-14.9886],[-51.295,-15.0302],[-51.2676,-15.0444],[-51.216,-15.022],[-51.2084,-15.0093],[-51.157,-14.9856],[-51.1449,-14.9434],[-51.0871,-14.9213],[-51.0855,-14.9036],[-51.093,-14.8879]]]}},{"type":"Feature","properties":{"code":"5103205","name":"Colíder"},"geometry":{"type":"Polygon","coordinates":[[[-55.3936,-10.9236],[-55.2538,-10.8633],[-55.2522,-10.848],[-55.2342,-10.8256],[-55.1687,-10.7795],[-55.1724,-10.7594],[-55.1638,-10.7402],[-55.1642,-10.7062],[-55.1581,-10.7007],[-55.1766,-10.6727],[-55.191,-10.6651],[-55.1925,-10.6465],[-55.2151,-10.6243],[-55.216,-10.6106],[-55.2302,-10.6005],[-55.2398,-10.566],[-55.2585,-10.5528],[-55.2724,-10.5518],[-55.2825,-10.5412],[-55.3079,-10.5363],[-55.3342,-10.5075],[-55.3303,-10.5016],[-55.3403,-10.4858],[-55.3497,-10.4849],[-55.3559,-10.4744],[-55.3875,-10.4577],[-55.3995,-10.4601],[-55.4163,-10.4531],[-55.4305,-10.4402],[-55.438,-10.3924],[-55.4469,-10.3841],[-55.4734,-10.2888],[-55.4753,-10.2352],[-55.4657,-10.2288],[-55.4749,-10.2128],[-55.5079,-10.1894],[-55.517,-10.1608],[-55.5476,-10.1324],[-55.57,-10.1266],[-55.5679,-10.14],[-55.5803,-10.1704],[-55.5735,-10.1825],[-55.5918,-10.2209],[-55.6392,-10.2486],[-55.6598,-10.2499],[-55.6672,-10.2564],[-55.6903,-10.2494],[-55.6945,-10.2846],[-55.707,-10.2961],[-55.6925,-10.3151],[-55.6849,-10.3165],[-55.6767,-10.3334],[-55.6503,-10.3535],[-55.6628,-10.3884],[-55.6446,-10.4342],[-55.6461,-10.4504],[-55.6362,-10.4652],[-55.6428,-10.4801],[-55.6348,-10.4912],[-55.6423,-10.508],[-55.6238,-10.5265],[-55.6361,-10.554],[-55.642,-10.5934],[-55.6415,-10.5992],[-55.6205,-10.6123],[-55.6261,-10.6286],[-55.6476,-10.6426],[-55.657,-10.6725],[-55.6533,-10.681],[-55.6625,-10.6983],[-55.6636,-10.7393],[-55.6527,-10.7528],[-55.6602,-10.7674],[-55.6558,-10.7875],[-55.6748,-10.8167],[-55.6489,-10.9042],[-55.6328,-10.9238],[-55.5981,-10.9365],[-55.599,-10.9513],[-55.6167,-10.9613],[-55.6045,-10.9586],[-55.5943,-10.9655],[-55.5489,-10.9592],[-55.5315,-10.9807],[-55.5227,-11.0154],[-55.5058,-11.016],[-55.4821,-10.9996],[-55.4459,-11.0135],[-55.4306,-10.9714],[-55.4109,-10.9552],[-55.3936,-10.9236]]]}},{"type":"Feature","properties":{"code":"5103254","name":"Colniza"},"geometry":{"type":"Polygon","coordinates":[[[-59.0284,-9.9795],[-59.0013,-9.9796],[-58.9656,-9.9439],[-58.9628,-9.9245],[-58.9677,-9.9139],[-58.9624,-9.9091],[-58.9661,-9.8902],[-58.9772,-9.8828],[-58.988,-9.8607],[-58.9984,-9.8528],[-59.0103,-9.8537],[-58.9969,-9.7914],[-59.0106,-9.7572],[-59.019,-9.7553],[-59.0237,-9.7357],[-59.016,-9.7187],[-59.0166,-9.7004],[-59.0247,-9.7001],[-59.0299,-9.6813],[-59.0394,-9.6726],[-59.043,-9.6351],[-59.0323,-9.6124],[-59.0407,-9.5917],[-59.037,-9.5708],[-59.0199,-9.5605],[-59.0152,-9.5648],[-58.9933,-9.5591],[-58.9826,-9.5628],[-58.978,-9.5435],[-58.9921,-9.5323],[-58.9988,-9.5111],[-58.9926,-9.5048],[-58.9945,-9.4759],[-58.9384,-9.4394],[-58.9776,-9.3755],[-58.9899,-9.3781],[-59.0126,-9.3704],[-59.0074,-9.3559],[-58.9909,-9.3609],[-58.981,-9.3424],[-58.9673,-9.3368],[-58.9607,-9.3407],[-58.9486,-9.3305],[-58.9489,-9.3132],[-58.974,-9.3],[-58.99,-9.2671],[-59.0419,-9.2448],[-59.0454,-9.228],[-59.0353,-9.2312],[-59.0199,-9.2254],[-58.9989,-9.232],[-58.9851,-9.225],[-58.9869,-9.2114],[-58.9965,-9.2131],[-59.002,-9.2045],[-59.0216,-9.1995],[-59.031,-9.1863],[-59.0257,-9.1754],[-59.03,-9.1605],[-59.02,-9.152],[-59.0174,-9.1373],[-58.9961,-9.1293],[-58.9861,-9.1176],[-58.9805,-9.0857],[-58.9706,-9.0693],[-58.9752,-9.0498],[-59.0088,-9.0471],[-59.0209,-9.0251],[-59.019,-9.0122],[-59.0357,-9.0036],[-59.045,-8.9844],[-59.0453,-8.9769],[-59.0112,-8.9428],[-59.0079,-8.9319],[-58.996,-8.9317],[-58.9903,-8.9211],[-59.0224,-8.9044],[-59.0106,-8.8972],[-59.021,-8.8842],[-59.0179,-8.8717],[-59.0297,-8.8586],[-59.053,-8.8505],[-59.0671,-8.8297],[-59.0762,-8.8359],[-59.0908,-8.8343],[-59.1046,-8.8172],[-59.1274,-8.8033],[-60.4202,-8.7966],[-61.5831,-8.7987],[-61.5684,-8.8011],[-61.5431,-8.8191],[-61.5208,-8.8216],[-61.5125,-8.8606],[-61.4921,-8.8848],[-61.4846,-8.9059],[-61.4692,-8.9201],[-61.4895,-8.9373],[-61.5057,-8.9662],[-61.528,-9.0194],[-61.5299,-9.0394],[-61.5416,-9.054],[-61.5558,-9.0924],[-61.5554,-9.1315],[-61.5236,-9.179],[-61.5196,-9.1973],[-61.5274,-9.2265],[-61.5249,-9.2429],[-61.5293,-9.2487],[-61.577,-9.2375],[-61.5996,-9.256],[-61.6283,-9.2571],[-61.6334,-9.2743],[-61.6253,-9.2841],[-61.612,-9.2807],[-61.6113,-9.3157],[-61.6237,-9.3345],[-61.6259,-9.363],[-61.6148,-9.3563],[-61.5946,-9.3687],[-61.5794,-9.3684],[-61.5589,-9.3855],[-61.5603,-9.4035],[-61.5505,-9.4147],[-61.5567,-9.4356],[-61.5817,-9.4591],[-61.5725,-9.4636],[-61.5785,-9.4695],[-61.5627,-9.4858],[-61.5265,-9.5011],[-61.5491,-9.5125],[-61.5271,-9.5333],[-61.5134,-9.5285],[-61.5141,-9.5392],[-61.508,-9.5405],[-61.5104,-9.5651],[-61.4965,-9.5744],[-61.4949,-9.5849],[-61.5037,-9.6126],[-61.4969,-9.6241],[-61.4786,-9.6243],[-61.477,-9.6299],[-61.495,-9.6599],[-61.5069,-9.662],[-61.5053,-9.6914],[-61.5197,-9.697],[-61.5324,-9.7118],[-61.5461,-9.7154],[-61.5531,-9.7072],[-61.5746,-9.7178],[-61.5668,-9.7294],[-61.5315,-9.7399],[-61.5326,-9.758],[-61.5462,-9.7848],[-61.5384,-9.7934],[-61.5249,-9.7957],[-61.5313,-9.8216],[-61.5197,-9.8215],[-61.5079,-9.8611],[-61.5084,-9.8888],[-61.525,-9.9066],[-61.5231,-9.928],[-61.5287,-9.9361],[-61.5228,-9.9467],[-61.5394,-9.9641],[-61.528,-9.9704],[-61.5312,-9.9899],[-61.5402,-10.0002],[-61.4298,-10.0],[-61.4151,-10.0143],[-61.391,-10.0146],[-61.3641,-10.0389],[-61.354,-10.0369],[-61.3511,-10.0284],[-61.3443,-10.0324],[-61.3159,-10.0241],[-61.3074,-10.0274],[-61.3006,-10.0126],[-61.2521,-10.0231],[-61.2791,-10.0039],[-61.2789,-9.9665],[-61.2896,-9.9507],[-61.2797,-9.942],[-61.2306,-9.9576],[-61.2133,-9.9717],[-61.2119,-9.9938],[-61.1809,-10.0059],[-61.1751,-10.0214],[-61.1279,-10.0495],[-61.1358,-10.0294],[-61.1206,-10.0214],[-61.1147,-9.989],[-61.1068,-9.9932],[-61.0929,-9.9893],[-61.0613,-9.9713],[-61.0584,-9.9785],[-61.0371,-9.9735],[-61.0336,-9.9619],[-61.0211,-9.961],[-60.9948,-9.9262],[-60.9853,-9.9241],[-60.9637,-9.8897],[-60.9086,-9.8463],[-60.9104,-9.8403],[-60.9254,-9.8377],[-60.9258,-9.8309],[-60.8768,-9.7724],[-60.8422,-9.7645],[-60.8228,-9.7493],[-60.7877,-9.7374],[-60.787,-9.7272],[-60.7671,-9.717],[-60.7725,-9.7064],[-60.7594,-9.6974],[-60.7466,-9.6935],[-60.7414,-9.7021],[-60.7273,-9.7037],[-60.7155,-9.7139],[-60.7158,-9.6999],[-60.7023,-9.7021],[-60.6985,-9.689],[-60.6779,-9.6718],[-60.678,-9.6434],[-60.669,-9.6399],[-60.6553,-9.6479],[-60.6473,-9.6366],[-60.6613,-9.6274],[-60.6565,-9.6016],[-60.6079,-9.5585],[-60.597,-9.5613],[-60.5909,-9.5531],[-60.5938,-9.5311],[-60.5843,-9.5224],[-60.5872,-9.4774],[-60.6164,-9.4154],[-60.6235,-9.3652],[-60.644,-9.3367],[-60.6634,-9.3297],[-60.6816,-9.307],[-60.6831,-9.2883],[-60.4783,-9.3165],[-60.2695,-9.3213],[-60.2602,-9.3233],[-60.2596,-9.3395],[-60.205,-9.3686],[-60.1845,-9.3941],[-60.1168,-9.4086],[-60.1035,-9.4176],[-60.0928,-9.4148],[-60.0886,-9.4207],[-60.0649,-9.4249],[-60.0438,-9.397],[-60.0344,-9.3969],[-60.0337,-9.3873],[-60.0099,-9.3801],[-59.985,-9.4177],[-59.9568,-9.4096],[-59.947,-9.4148],[-59.9426,-9.4104],[-59.9154,-9.4145],[-59.8918,-9.4428],[-59.8912,-9.456],[-59.8776,-9.4644],[-59.8702,-9.4473],[-59.8543,-9.4525],[-59.8569,-9.4591],[-59.845,-9.4733],[-59.8283,-9.481],[-59.8159,-9.4773],[-59.8063,-9.484],[-59.7727,-9.4826],[-59.7687,-9.4888],[-59.7653,-9.5169],[-59.7813,-9.566],[-59.8041,-9.5785],[-59.8105,-9.594],[-59.834,-9.6055],[-59.8366,-9.6173],[-59.7852,-9.7531],[-59.766,-9.7795],[-59.7406,-9.7798],[-59.6978,-9.8095],[-59.6743,-9.8175],[-59.663,-9.8261],[-59.6632,-9.8438],[-59.6529,-9.8473],[-59.6471,-9.8665],[-59.6167,-9.8793],[-59.5947,-9.8802],[-59.589,-9.8743],[-59.5694,-9.8789],[-59.5734,-9.8604],[-59.5676,-9.8576],[-59.5623,-9.8633],[-59.5567,-9.8487],[-59.5712,-9.853],[-59.573,-9.8422],[-59.5516,-9.8372],[-59.5532,-9.8309],[-59.5353,-9.8148],[-59.5303,-9.8306],[-59.5208,-9.8141],[-59.5062,-9.8126],[-59.5025,-9.8177],[-59.4869,-9.811],[-59.4768,-9.7996],[-59.4824,-9.7884],[-59.4617,-9.7853],[-59.4575,-9.7906],[-59.4489,-9.7856],[-59.4524,-9.7768],[-59.4348,-9.7686],[-59.4264,-9.7752],[-59.3906,-9.7802],[-59.3758,-9.7717],[-59.3457,-9.8009],[-59.3324,-9.7908],[-59.3134,-9.7915],[-59.2536,-9.7753],[-59.2285,-9.7905],[-59.2186,-9.7825],[-59.2077,-9.7886],[-59.1776,-9.7881],[-59.1594,-9.7793],[-59.1538,-9.7867],[-59.1676,-9.8212],[-59.1596,-9.8681],[-59.1672,-9.9229],[-59.2075,-9.9434],[-59.2092,-9.9662],[-59.1998,-9.9808],[-59.1808,-9.9958],[-59.1757,-9.9889],[-59.1695,-9.9975],[-59.1607,-9.9851],[-59.1498,-9.9986],[-59.1358,-9.9981],[-59.1306,-9.9909],[-59.1215,-9.9992],[-59.1052,-9.9902],[-59.1018,-9.9717],[-59.0886,-9.981],[-59.0432,-9.9832],[-59.0305,-9.9893],[-59.0284,-9.9795]]]}},{"type":"Feature","properties":{"code":"5103304","name":"Comodoro"},"geometry":{"type":"Polygon","coordinates":[[[-58.8692,-12.2134],[-58.9185,-12.2159],[-58.9312,-12.2247],[-58.952,-12.2273],[-58.9636,-12.2235],[-58.9757,-12.235],[-59.0167,-12.2422],[-59.0553,-12.2591],[-59.0629,-12.2759],[-59.0704,-12.2735],[-59.0928,-12.3037],[-59.1051,-12.3061],[-59.1262,-12.3367],[-59.1284,-12.3539],[-59.1708,-12.3675],[-59.1816,-12.3559],[-59.188,-12.3583],[-59.191,-12.3373],[-59.2286,-12.3049],[-59.2365,-12.3111],[-59.2477,-12.3097],[-59.2615,-12.3041],[-59.273,-12.2901],[-59.2995,-12.2849],[-59.3124,-12.2888],[-59.334,-12.2807],[-59.3511,-12.2806],[-59.3656,-12.2917],[-59.3804,-12.2859],[-59.4022,-12.2911],[-59.4153,-12.2862],[-59.4839,-12.2873],[-59.4979,-12.2997],[-59.5575,-12.2975],[-59.568,-12.3071],[-59.5921,-12.3028],[-59.5977,-12.3136],[-59.6393,-12.3049],[-59.654,-12.3155],[-59.6612,-12.3085],[-59.6883,-12.3192],[-59.7087,-12.31],[-59.7294,-12.3265],[-59.7929,-12.3458],[-59.8055,-12.3686],[-59.8193,-12.3787],[-59.8188,-12.3899],[-59.8325,-12.4014],[-59.8425,-12.4248],[-59.8442,-12.4672],[-59.8982,-12.5016],[-59.8927,-12.5237],[-59.8961,-12.5364],[-59.9284,-12.5782],[-59.9477,-12.5993],[-59.9727,-12.6099],[-59.9816,-12.5921],[-60.0033,-12.5923],[-60.004,-12.6017],[-60.0289,-12.6186],[-60.0454,-12.6417],[-60.0458,-12.6615],[-60.0598,-12.6642],[-60.067,-12.6775],[-60.0658,-12.6938],[-60.056,-12.7049],[-60.0748,-12.7345],[-60.0625,-12.7574],[-60.0669,-12.7674],[-60.0592,-12.7869],[-60.0685,-12.7899],[-60.0656,-12.8107],[-60.0828,-12.8526],[-60.0791,-12.8811],[-60.0881,-12.9024],[-60.1015,-12.9134],[-60.1172,-12.9596],[-60.1398,-12.9702],[-60.1506,-12.9641],[-60.1893,-12.9711],[-60.2137,-13.0071],[-60.2153,-13.027],[-60.2413,-13.0385],[-60.2562,-13.0638],[-60.2844,-13.0848],[-60.2771,-13.1127],[-60.2806,-13.1356],[-60.2685,-13.145],[-60.2893,-13.1704],[-60.3038,-13.1784],[-60.3082,-13.1995],[-60.3298,-13.2355],[-60.3248,-13.2505],[-60.339,-13.2723],[-60.3518,-13.273],[-60.3518,-13.2917],[-60.3716,-13.3186],[-60.3661,-13.3322],[-60.3713,-13.3675],[-60.3796,-13.3752],[-60.3732,-13.4123],[-60.3793,-13.4153],[-60.3879,-13.4547],[-60.4115,-13.4617],[-60.4387,-13.4881],[-60.4512,-13.4928],[-60.4656,-13.4891],[-60.5109,-13.5036],[-60.5317,-13.5181],[-60.5358,-13.5373],[-60.544,-13.5365],[-60.5484,-13.5484],[-60.5777,-13.5652],[-60.6348,-13.5745],[-60.6455,-13.5928],[-60.686,-13.6252],[-60.6864,-13.6392],[-60.7021,-13.6603],[-60.6986,-13.6688],[-60.7139,-13.676],[-60.7147,-13.6873],[-60.6972,-13.715],[-60.6956,-13.7015],[-60.6866,-13.7032],[-60.6808,-13.7199],[-60.6462,-13.7387],[-60.6235,-13.7195],[-60.6117,-13.7253],[-60.6067,-13.7463],[-60.5748,-13.7474],[-60.5789,-13.7557],[-60.5664,-13.7579],[-60.5694,-13.7687],[-60.5577,-13.7709],[-60.5502,-13.7817],[-60.5482,-13.7703],[-60.523,-13.7689],[-60.5174,-13.7779],[-60.5285,-13.7918],[-60.4727,-13.7937],[-60.4707,-13.8001],[-60.479,-13.8055],[-60.4664,-13.8117],[-60.4692,-13.8222],[-60.4869,-13.819],[-60.4888,-13.8265],[-60.4791,-13.8393],[-60.4854,-13.8496],[-60.4554,-13.8571],[-60.476,-13.8863],[-60.4686,-13.8917],[-60.4656,-13.8827],[-60.4533,-13.8814],[-60.4509,-13.9268],[-60.4294,-13.9423],[-60.4188,-13.9372],[-60.4217,-13.9664],[-60.4155,-13.9804],[-60.3946,-13.9772],[-60.382,-13.9867],[-60.3774,-14.0137],[-60.3639,-14.01],[-60.3571,-14.0155],[-60.3491,-14.0102],[-60.3456,-14.0211],[-60.3381,-14.021],[-60.3392,-14.0299],[-60.3309,-14.0323],[-60.3187,-14.0629],[-60.3036,-14.0548],[-60.2549,-14.0481],[-60.2144,-14.0267],[-60.1674,-14.0123],[-60.1271,-14.0268],[-60.0974,-14.0245],[-60.0311,-14.0354],[-60.0005,-14.0516],[-59.9933,-14.0403],[-59.9731,-14.0415],[-59.9509,-14.0563],[-59.9498,-14.0779],[-59.9194,-14.0828],[-59.9031,-14.1218],[-59.8392,-14.1782],[-59.8417,-14.1528],[-59.8256,-14.1216],[-59.8274,-14.0828],[-59.8069,-14.0432],[-59.7938,-14.0378],[-59.7497,-14.0332],[-59.7367,-14.0944],[-59.7137,-14.1213],[-59.688,-14.0992],[-59.6511,-14.0887],[-59.6363,-14.0902],[-59.6226,-14.0768],[-59.5961,-14.069],[-59.5352,-14.0097],[-59.4814,-14.0195],[-59.4567,-14.0419],[-59.4346,-14.0372],[-59.4341,-14.0275],[-59.4225,-14.0174],[-59.3707,-13.9817],[-59.3844,-13.9284],[-59.3699,-13.9146],[-59.3877,-13.9018],[-59.3868,-13.8935],[-59.3767,-13.8941],[-59.3837,-13.8758],[-59.3917,-13.8782],[-59.3974,-13.8622],[-59.4123,-13.8513],[-59.4264,-13.8592],[-59.4338,-13.8569],[-59.4393,-13.849],[-59.4361,-13.8337],[-59.4448,-13.8307],[-59.4575,-13.7892],[-59.457,-13.7428],[-59.4508,-13.7333],[-59.4567,-13.6957],[-59.4236,-13.6348],[-59.4206,-13.6142],[-59.4244,-13.6048],[-59.4196,-13.5907],[-59.4281,-13.5795],[-59.4205,-13.5704],[-59.4287,-13.5692],[-59.4129,-13.5288],[-59.4229,-13.5138],[-59.4181,-13.5029],[-59.4093,-13.5026],[-59.4033,-13.4938],[-59.4062,-13.4866],[-59.3977,-13.4853],[-59.3881,-13.4706],[-59.4073,-13.4321],[-59.3967,-13.4186],[-59.3938,-13.3814],[-59.4017,-13.364],[-59.3936,-13.357],[-59.3952,-13.3474],[-59.4127,-13.3232],[-59.4156,-13.2961],[-59.4277,-13.2903],[-59.4267,-13.2744],[-59.407,-13.2413],[-59.4009,-13.2436],[-59.3897,-13.2347],[-59.3876,-13.2084],[-59.379,-13.1986],[-59.381,-13.1743],[-59.3429,-13.1127],[-59.3171,-13.1048],[-59.3172,-13.0928],[-59.3093,-13.0832],[-59.2967,-13.0851],[-59.2857,-13.0613],[-59.2697,-13.064],[-59.2473,-13.0447],[-59.2477,-13.0053],[-59.239,-13.0044],[-59.2318,-12.9946],[-59.2461,-12.9773],[-59.2394,-12.9636],[-59.2406,-12.9443],[-59.2289,-12.9207],[-59.1855,-12.8931],[-59.1607,-12.8561],[-59.1441,-12.842],[-59.1095,-12.8378],[-59.1102,-12.8281],[-59.0984,-12.8218],[-59.0535,-12.7684],[-59.0435,-12.7436],[-59.0447,-12.7239],[-59.0322,-12.7046],[-58.9766,-12.6859],[-58.9685,-12.6677],[-58.9311,-12.6415],[-58.9379,-12.6354],[-58.9257,-12.6255],[-58.9292,-12.5665],[-58.9209,-12.5611],[-58.9084,-12.5306],[-58.9118,-12.5009],[-58.8632,-12.4613],[-58.8538,-12.4368],[-58.8586,-12.4107],[-58.8509,-12.3956],[-58.8558,-12.3801],[-58.8462,-12.3355],[-58.876,-12.2583],[-58.8692,-12.2134]]]}},{"type":"Feature","properties":{"code":"5103353","name":"Confresa"},"geometry":{"type":"Polygon","coordinates":[[[-52.1916,-10.4747],[-52.1552,-10.508],[-52.1318,-10.5158],[-52.1231,-10.5292],[-52.1266,-10.5471],[-52.0748,-10.5381],[-52.0558,-10.5499],[-52.028,-10.5389],[-51.9659,-10.5502],[-51.9624,-10.5598],[-51.9697,-10.5668],[-51.9707,-10.585],[-51.9671,-10.6119],[-51.9537,-10.6308],[-51.9487,-10.6508],[-51.9405,-10.6593],[-51.9255,-10.6581],[-51.9018,-10.6466],[-51.8651,-10.6692],[-51.8364,-10.6654],[-51.837,-10.6728],[-51.8198,-10.6957],[-51.8265,-10.7057],[-51.8137,-10.7134],[-51.8174,-10.7271],[-51.3546,-10.7486],[-51.3472,-10.7193],[-51.3617,-10.7006],[-51.3568,-10.668],[-51.3718,-10.6443],[-51.3679,-10.6334],[-51.3381,-10.6208],[-51.3261,-10.6326],[-51.3048,-10.6293],[-51.3254,-10.5812],[-51.2941,-10.5714],[-51.2854,-10.5592],[-51.2863,-10.5265],[-51.2631,-10.501],[-51.273,-10.4935],[-51.2734,-10.477],[-51.2845,-10.4641],[-51.3339,-10.4281],[-51.3067,-10.414],[-51.2909,-10.4133],[-51.2759,-10.3999],[-51.2253,-10.286],[-51.1903,-10.2732],[-51.1732,-10.2744],[-51.1531,-10.2541],[-51.1621,-10.2447],[-51.1968,-10.2362],[-51.2032,-10.2405],[-51.2424,-10.2234],[-51.2824,-10.2359],[-51.2996,-10.2513],[-51.3107,-10.2499],[-51.3378,-10.236],[-51.3653,-10.2065],[-51.3694,-10.193],[-51.3609,-10.1904],[-51.3593,-10.1778],[-51.366,-10.168],[-51.4027,-10.1736],[-51.4263,-10.1607],[-51.4627,-10.1223],[-51.4694,-10.1287],[-51.5226,-10.1215],[-51.5419,-10.1294],[-51.564,-10.1513],[-51.5871,-10.15],[-51.6039,-10.1392],[-51.6247,-10.1077],[-51.6536,-10.0993],[-51.6688,-10.1013],[-51.6729,-10.0756],[-51.701,-10.0733],[-51.7096,-10.0788],[-51.7182,-10.0679],[-51.729,-10.0702],[-51.7484,-10.0915],[-51.7428,-10.1038],[-51.7527,-10.1176],[-51.7912,-10.1098],[-51.7962,-10.1034],[-51.8575,-10.1094],[-51.8966,-10.0964],[-51.9064,-10.1029],[-51.9136,-10.0968],[-51.9161,-10.1045],[-51.9497,-10.0959],[-51.9779,-10.0752],[-52.007,-10.0918],[-52.0224,-10.0769],[-52.0661,-10.0981],[-52.0616,-10.1063],[-52.0718,-10.1198],[-52.0618,-10.1235],[-52.0735,-10.1464],[-52.0709,-10.1589],[-52.0937,-10.1722],[-52.0786,-10.1827],[-52.0651,-10.2064],[-52.0719,-10.2135],[-52.0921,-10.2145],[-52.1027,-10.2302],[-52.1187,-10.2338],[-52.1145,-10.2498],[-52.1228,-10.2638],[-52.1553,-10.2782],[-52.1583,-10.2968],[-52.165,-10.2987],[-52.1597,-10.3088],[-52.1682,-10.3212],[-52.1632,-10.3313],[-52.165,-10.3603],[-52.1804,-10.3587],[-52.1889,-10.3663],[-52.1751,-10.3751],[-52.175,-10.3832],[-52.1852,-10.3825],[-52.2049,-10.4021],[-52.1919,-10.4056],[-52.1963,-10.4165],[-52.2049,-10.4132],[-52.2108,-10.4186],[-52.2065,-10.4247],[-52.1907,-10.4249],[-52.1914,-10.4295],[-52.2168,-10.44],[-52.2164,-10.4493],[-52.1917,-10.4596],[-52.1916,-10.4747]]]}},{"type":"Feature","properties":{"code":"5103361","name":"Conquista D'Oeste"},"geometry":{"type":"Polygon","coordinates":[[[-59.3118,-14.5101],[-59.3349,-14.5452],[-59.3434,-14.534],[-59.3661,-14.5245],[-59.4078,-14.515],[-59.435,-14.4818],[-59.4432,-14.4786],[-59.4476,-14.4919],[-59.4569,-14.4929],[-59.4727,-14.4737],[-59.5092,-14.4575],[-59.5281,-14.4558],[-59.5426,-14.4576],[-59.5465,-14.4642],[-59.5619,-14.4634],[-59.5658,-14.4741],[-59.6094,-14.4869],[-59.6282,-14.4988],[-59.6445,-14.5246],[-59.6369,-14.5344],[-59.6167,-14.5377],[-59.6026,-14.5477],[-59.5869,-14.5816],[-59.5875,-14.621],[-59.6039,-14.6519],[-59.5998,-14.6736],[-59.6088,-14.6849],[-59.6126,-14.7393],[-59.6094,-14.7558],[-59.5954,-14.7631],[-59.5665,-14.7964],[-59.5843,-14.8198],[-59.4468,-14.9591],[-59.4024,-14.9625],[-59.3668,-14.9528],[-59.3703,-14.9293],[-59.3481,-14.9121],[-59.3351,-14.8773],[-59.3146,-14.8761],[-59.3111,-14.867],[-59.2863,-14.86],[-59.2705,-14.837],[-59.2555,-14.832],[-59.2399,-14.8385],[-59.2278,-14.8254],[-59.2033,-14.8258],[-59.1758,-14.7867],[-59.1418,-14.7621],[-59.1423,-14.7539],[-59.16,-14.7535],[-59.1668,-14.7349],[-59.1622,-14.6983],[-59.1473,-14.6694],[-59.1174,-14.6656],[-59.105,-14.6544],[-59.0767,-14.6585],[-59.06,-14.6439],[-59.0487,-14.6444],[-59.0372,-14.6309],[-59.037,-14.6099],[-59.051,-14.5901],[-59.0457,-14.5624],[-59.0495,-14.5339],[-59.0603,-14.5226],[-59.0723,-14.5252],[-59.0749,-14.5164],[-59.0691,-14.5133],[-59.0744,-14.4934],[-59.0691,-14.4915],[-59.0721,-14.4797],[-59.0669,-14.4729],[-59.0724,-14.4493],[-59.0601,-14.4282],[-59.0667,-14.4229],[-59.0642,-14.3825],[-59.0532,-14.3623],[-59.0558,-14.3353],[-59.062,-14.3278],[-59.0577,-14.3078],[-59.0668,-14.2933],[-59.0906,-14.2764],[-59.097,-14.2987],[-59.1365,-14.325],[-59.1442,-14.3431],[-59.2217,-14.3509],[-59.2271,-14.3577],[-59.2741,-14.3738],[-59.2927,-14.3937],[-59.2903,-14.4009],[-59.3069,-14.4332],[-59.2994,-14.4579],[-59.3118,-14.5101]]]}},{"type":"Feature","properties":{"code":"5103379","name":"Cotriguaçu"},"geometry":{"type":"Polygon","coordinates":[[[-58.3231,-10.1281],[-58.3205,-10.1191],[-58.294,-10.1042],[-58.2732,-10.0582],[-58.2303,-9.9975],[-58.2338,-9.9517],[-58.2165,-9.9353],[-58.2272,-9.8945],[-58.2231,-9.8753],[-58.2089,-9.8545],[-58.1972,-9.8488],[-58.1946,-9.8385],[-58.1955,-9.8033],[-58.208,-9.7908],[-58.2161,-9.7244],[-58.26,-9.6527],[-58.2641,-9.6007],[-58.2526,-9.56],[-58.2595,-9.5004],[-58.2757,-9.4669],[-58.2947,-9.4452],[-58.3275,-9.4453],[-58.3456,-9.458],[-58.3953,-9.452],[-58.4212,-9.4574],[-58.4899,-9.4077],[-58.5271,-9.4033],[-58.5399,-9.3911],[-58.5487,-9.3689],[-58.5998,-9.3342],[-58.6052,-9.309],[-58.6192,-9.2882],[-58.6401,-9.2092],[-58.6488,-9.2066],[-58.6557,-9.1894],[-58.6504,-9.1743],[-58.6558,-9.144],[-58.6421,-9.1339],[-58.6274,-9.0971],[-58.6,-9.0898],[-58.5924,-9.048],[-58.5984,-9.0435],[-58.6046,-9.0126],[-58.6004,-9.0004],[-58.5684,-8.97],[-58.5618,-8.9487],[-58.5505,-8.9403],[-58.568,-8.9241],[-58.555,-8.9144],[-58.5646,-8.899],[-58.5604,-8.8889],[-58.5441,-8.8867],[-58.5247,-8.9029],[-58.498,-8.8879],[-58.4937,-8.8716],[-58.462,-8.8449],[-58.4419,-8.7987],[-59.1274,-8.8033],[-59.1046,-8.8172],[-59.0908,-8.8343],[-59.0762,-8.8359],[-59.0671,-8.8297],[-59.053,-8.8505],[-59.0297,-8.8586],[-59.0179,-8.8717],[-59.021,-8.8842],[-59.0106,-8.8972],[-59.0224,-8.9044],[-58.9903,-8.9211],[-58.996,-8.9317],[-59.0079,-8.9319],[-59.0112,-8.9428],[-59.0453,-8.9769],[-59.0357,-9.0036],[-59.019,-9.0122],[-59.0209,-9.0251],[-59.0088,-9.0471],[-58.9752,-9.0498],[-58.9706,-9.0693],[-58.9805,-9.0857],[-58.9861,-9.1176],[-58.9961,-9.1293],[-59.0174,-9.1373],[-59.02,-9.152],[-59.03,-9.1605],[-59.0257,-9.1754],[-59.031,-9.1863],[-59.0216,-9.1995],[-59.002,-9.2045],[-58.9965,-9.2131],[-58.9869,-9.2114],[-58.9851,-9.225],[-58.9989,-9.232],[-59.0199,-9.2254],[-59.0353,-9.2312],[-59.0454,-9.228],[-59.037,-9.2504],[-58.99,-9.2671],[-58.974,-9.3],[-58.9489,-9.3132],[-58.9465,-9.3236],[-58.9607,-9.3407],[-58.9673,-9.3368],[-58.981,-9.3424],[-58.9909,-9.3609],[-59.0074,-9.3559],[-59.0126,-9.3704],[-58.9899,-9.3781],[-58.9776,-9.3755],[-58.9384,-9.4394],[-58.9945,-9.4759],[-58.9926,-9.5048],[-58.9988,-9.5111],[-58.9921,-9.5323],[-58.978,-9.5435],[-58.9826,-9.5628],[-58.9933,-9.5591],[-59.0152,-9.5648],[-59.0199,-9.5605],[-59.037,-9.5708],[-59.0407,-9.5917],[-59.0323,-9.6124],[-59.043,-9.6351],[-59.0394,-9.6726],[-59.0299,-9.6813],[-59.0247,-9.7001],[-59.0166,-9.7004],[-59.016,-9.7187],[-59.0237,-9.7357],[-59.019,-9.7553],[-59.0106,-9.7572],[-58.9969,-9.7914],[-59.0103,-9.8537],[-58.9984,-9.8528],[-58.988,-9.8607],[-58.9772,-9.8828],[-58.9661,-9.8902],[-58.9624,-9.9091],[-58.9677,-9.9139],[-58.9628,-9.9245],[-58.9656,-9.9439],[-59.0013,-9.9796],[-59.0232,-9.9799],[-59.0198,-9.9923],[-58.9915,-10.0012],[-58.9555,-10.0],[-58.957,-10.0139],[-58.9471,-10.0215],[-58.9324,-10.0155],[-58.9114,-10.0389],[-58.9049,-10.0305],[-58.8936,-10.0299],[-58.8668,-10.0668],[-58.8517,-10.0653],[-58.8462,-10.0714],[-58.8389,-10.0676],[-58.8223,-10.0779],[-58.8204,-10.1031],[-58.8383,-10.1106],[-58.8439,-10.1313],[-58.3231,-10.1281]]]}},{"type":"Feature","properties":{"code":"5103403","name":"Cuiabá"},"geometry":{"type":"MultiPolygon","coordinates":[[[[-56.1459,-15.7697],[-56.096,-15.7683],[-55.893,-15.6987],[-55.7088,-15.7051],[-55.6708,-15.7268],[-55.6509,-15.7151],[-55.6333,-15.7154],[-55.6191,-15.7374],[-55.5387,-15.7371],[-55.5341,-15.759],[-55.5702,-15.7764],[-55.5726,-15.7906],[-55.5574,-15.8043],[-55.5649,-15.8085],[-55.5409,-15.8517],[-55.5508,-15.8508],[-55.5476,-15.8615],[-55.5719,-15.8714],[-55.571,-15.8958],[-55.5811,-15.9092],[-55.5674,-15.9206],[-55.5533,-15.9217],[-55.5416,-15.9068],[-55.5333,-15.9138],[-55.5316,-15.9033],[-55.5183,-15.907],[-55.5038,-15.8908],[-55.4853,-15.9008],[-55.4841,-15.8874],[-55.474,-15.8784],[-55.4721,-15.9125],[-55.516,-15.975],[-55.5074,-15.9879],[-55.4991,-15.9795],[-55.4924,-15.9828],[-55.4866,-15.9706],[-55.4592,-15.9468],[-55.4358,-15.9434],[-55.4349,-15.9317],[-55.4233,-15.934],[-55.4055,-15.9199],[-55.4082,-15.9155],[-55.3892,-15.9008],[-55.3828,-15.883],[-55.3277,-15.8814],[-55.3191,-15.8732],[-55.3094,-15.8879],[-55.305,-15.8752],[-55.3026,-15.8538],[-55.3622,-15.8137],[-55.3796,-15.8114],[-55.4105,-15.8199],[-55.3862,-15.7705],[-55.394,-15.7715],[-55.4212,-15.7541],[-55.412,-15.7376],[-55.421,-15.715],[-55.3968,-15.6924],[-55.4051,-15.6771],[-55.4142,-15.6782],[-55.4254,-15.6628],[-55.4143,-15.6494],[-55.382,-15.6337],[-55.4479,-15.6318],[-55.4604,-15.618],[-55.4798,-15.6165],[-55.515,-15.625],[-55.4873,-15.5892],[-55.5152,-15.5985],[-55.5165,-15.5896],[-55.5278,-15.5881],[-55.5394,-15.5641],[-55.5665,-15.5805],[-55.5712,-15.5751],[-55.5667,-15.5671],[-55.5798,-15.5612],[-55.5623,-15.5425],[-55.5667,-15.5369],[-55.5883,-15.5523],[-55.5914,-15.5266],[-55.5999,-15.5236],[-55.5932,-15.5137],[-55.5984,-15.5024],[-55.6113,-15.5097],[-55.6084,-15.4951],[-55.6285,-15.4977],[-55.6351,-15.4843],[-55.6507,-15.482],[-55.6641,-15.4886],[-55.6705,-15.4829],[-55.6744,-15.491],[-55.6827,-15.4809],[-55.7037,-15.4812],[-55.7319,-15.4877],[-55.7677,-15.4753],[-55.7722,-15.4846],[-55.7979,-15.4756],[-55.8112,-15.4843],[-55.8286,-15.4778],[-55.8332,-15.4627],[-55.8457,-15.4554],[-55.8432,-15.4506],[-55.8565,-15.4449],[-55.8707,-15.4188],[-55.8568,-15.406],[-55.8444,-15.414],[-55.831,-15.4072],[-55.8486,-15.3965],[-55.8414,-15.3875],[-55.8498,-15.3719],[-55.8138,-15.3594],[-55.8093,-15.3434],[-55.7998,-15.3377],[-55.8009,-15.3291],[-55.8142,-15.3211],[-55.8234,-15.3262],[-55.8187,-15.3114],[-55.8572,-15.3002],[-55.8642,-15.2892],[-55.8713,-15.2927],[-55.8726,-15.2828],[-55.8876,-15.2813],[-55.8886,-15.2722],[-55.9211,-15.2775],[-55.9238,-15.2834],[-55.9494,-15.2751],[-55.9463,-15.2681],[-55.9535,-15.2643],[-55.9548,-15.2473],[-55.9616,-15.2468],[-55.9627,-15.2385],[-55.9462,-15.2346],[-55.9402,-15.2455],[-55.928,-15.237],[-55.9279,-15.2282],[-55.9213,-15.2266],[-55.9019,-15.1932],[-55.9115,-15.1851],[-55.9067,-15.1766],[-55.9227,-15.1028],[-55.9186,-15.074],[-55.9278,-15.0713],[-55.9434,-15.0842],[-56.0031,-15.0969],[-56.0233,-15.0964],[-56.0726,-15.0809],[-56.0909,-15.0874],[-56.111,-15.0824],[-56.1293,-15.097],[-56.1049,-15.1161],[-56.1148,-15.117],[-56.1234,-15.1304],[-56.2174,-15.1894],[-56.2753,-15.2102],[-56.2779,-15.2278],[-56.3003,-15.2456],[-56.302,-15.2539],[-56.2828,-15.2711],[-56.2769,-15.2891],[-56.2859,-15.3168],[-56.2787,-15.3401],[-56.2469,-15.3624],[-56.2416,-15.3723],[-56.2326,-15.4113],[-56.2452,-15.4314],[-56.2451,-15.4603],[-56.2174,-15.472],[-56.2008,-15.4987],[-56.1841,-15.5086],[-56.1926,-15.5206],[-56.1734,-15.5338],[-56.1724,-15.5501],[-56.1638,-15.5589],[-56.1421,-15.5613],[-56.1344,-15.5818],[-56.144,-15.5917],[-56.1433,-15.5998],[-56.1298,-15.6281],[-56.1042,-15.6159],[-56.0702,-15.6443],[-56.0696,-15.6776],[-56.1115,-15.6916],[-56.1136,-15.6987],[-56.1031,-15.7189],[-56.1113,-15.7424],[-56.1244,-15.7557],[-56.1439,-15.7576],[-56.1459,-15.7697]]],[[[-55.1576,-16.4425],[-55.2001,-16.4535],[-55.2553,-16.1726],[-55.2728,-16.1871],[-55.2702,-16.1963],[-55.285,-16.2176],[-55.2926,-16.262],[-55.3239,-16.2999],[-55.3374,-16.3016],[-55.3505,-16.317],[-55.3632,-16.3533],[-55.3574,-16.3743],[-55.3632,-16.3859],[-55.3833,-16.3887],[-55.3875,-16.395],[-55.3641,-16.4103],[-55.3483,-16.4125],[-55.3488,-16.4217],[-55.3166,-16.4211],[-55.3022,-16.4283],[-55.2978,-16.413],[-55.2908,-16.4192],[-55.2958,-16.425],[-55.2933,-16.4358],[-55.2756,-16.4348],[-55.2987,-16.4525],[-55.284,-16.4626],[-55.2805,-16.4977],[-55.2892,-16.5017],[-55.288,-16.5117],[-55.3016,-16.5275],[-55.2697,-16.5225],[-55.2535,-16.531],[-55.2176,-16.524],[-55.1806,-16.5293],[-55.1809,-16.506],[-55.1724,-16.505],[-55.17,-16.5201],[-55.1565,-16.5142],[-55.1408,-16.4998],[-55.1483,-16.4978],[-55.1524,-16.5048],[-55.1591,-16.4963],[-55.1512,-16.4942],[-55.1566,-16.4867],[-55.1449,-16.4851],[-55.1402,-16.4747],[-55.129,-16.47],[-55.1273,-16.4608],[-55.1371,-16.4625],[-55.1408,-16.4721],[-55.1483,-16.4619],[-55.1566,-16.4653],[-55.1576,-16.4425]]]]}},{"type":"Feature","properties":{"code":"5103437","name":"Curvelândia"},"geometry":{"type":"Polygon","coordinates":[[[-57.8951,-15.467],[-57.9129,-15.4878],[-57.9164,-15.5142],[-57.9035,-15.5399],[-57.9058,-15.5536],[-57.9252,-15.5555],[-57.9417,-15.5491],[-57.9585,-15.5288],[-57.9907,-15.5617],[-57.9879,-15.6038],[-57.9713,-15.6085],[-57.9341,-15.6385],[-57.9041,-15.6505],[-57.894,-15.6641],[-57.8999,-15.6817],[-57.879,-15.7195],[-57.8791,-15.7333],[-57.8899,-15.7502],[-57.7991,-15.7737],[-57.8127,-15.7179],[-57.8093,-15.6868],[-57.8006,-15.665],[-57.802,-15.6504],[-57.7866,-15.6504],[-57.7832,-15.6403],[-57.7955,-15.6179],[-57.8128,-15.6112],[-57.8291,-15.5879],[-57.8264,-15.5759],[-57.8202,-15.5744],[-57.8438,-15.5418],[-57.835,-15.5337],[-57.8322,-15.51],[-57.84,-15.4949],[-57.8518,-15.4977],[-57.8676,-15.486],[-57.8926,-15.4814],[-57.8951,-15.467]]]}},{"type":"Feature","properties":{"code":"5103452","name":"Denise"},"geometry":{"type":"Polygon","coordinates":[[[-57.1476,-14.8022],[-57.13,-14.8201],[-57.1339,-14.8453],[-57.1193,-14.8512],[-57.0873,-14.8361],[-57.078,-14.9165],[-57.056,-14.9113],[-57.0498,-14.9158],[-57.032,-14.9069],[-57.0271,-14.9116],[-57.001,-14.8907],[-56.9127,-14.9402],[-56.9108,-14.9354],[-56.9194,-14.93],[-56.9164,-14.925],[-56.9083,-14.928],[-56.8898,-14.9118],[-56.8955,-14.9025],[-56.8792,-14.8913],[-56.881,-14.8765],[-56.8689,-14.8714],[-56.8646,-14.8521],[-56.8533,-14.8513],[-56.8566,-14.8273],[-56.8389,-14.8302],[-56.8443,-14.8086],[-56.8266,-14.8063],[-56.8356,-14.7862],[-56.8202,-14.793],[-56.8114,-14.7768],[-56.7969,-14.7746],[-56.7942,-14.7701],[-56.8023,-14.7611],[-56.7854,-14.7553],[-56.7797,-14.7495],[-56.7823,-14.742],[-56.7614,-14.7404],[-56.7616,-14.7153],[-56.7544,-14.7124],[-56.7585,-14.6978],[-56.7416,-14.6937],[-56.7446,-14.6786],[-56.7205,-14.6828],[-56.734,-14.6672],[-56.7259,-14.6491],[-56.9067,-14.5918],[-56.9206,-14.5731],[-56.9207,-14.5596],[-56.9118,-14.5476],[-56.9369,-14.5172],[-56.9468,-14.5174],[-56.9497,-14.503],[-56.9664,-14.5295],[-56.9807,-14.5295],[-57.0219,-14.5576],[-57.0417,-14.5522],[-57.0507,-14.5596],[-57.0463,-14.5749],[-57.0578,-14.5869],[-57.1106,-14.608],[-57.0912,-14.6163],[-57.0815,-14.6424],[-57.1395,-14.7012],[-57.1593,-14.7407],[-57.1605,-14.7702],[-57.1476,-14.8022]]]}},{"type":"Feature","properties":{"code":"5103502","name":"Diamantino"},"geometry":{"type":"Polygon","coordinates":[[[-56.563,-14.3875],[-56.5443,-14.3939],[-56.524,-14.418],[-56.511,-14.4208],[-56.5055,-14.432],[-56.4758,-14.45],[-56.4918,-14.4598],[-56.4942,-14.466],[-56.4882,-14.4701],[-56.4458,-14.4565],[-56.4424,-14.4624],[-56.4137,-14.4602],[-56.3884,-14.4864],[-56.3889,-14.5217],[-56.3988,-14.5357],[-56.4681,-14.5884],[-56.5269,-14.6689],[-56.5025,-14.6696],[-56.4944,-14.6826],[-56.484,-14.6792],[-56.4784,-14.6643],[-56.4516,-14.6479],[-56.4404,-14.6294],[-56.435,-14.639],[-56.4085,-14.6443],[-56.3935,-14.641],[-56.3564,-14.613],[-56.3134,-14.6149],[-56.2721,-14.632],[-56.2224,-14.5758],[-56.2233,-14.5564],[-56.2082,-14.5358],[-56.103,-14.4527],[-56.0507,-14.4211],[-56.0415,-14.3966],[-55.9929,-14.354],[-55.9963,-14.3165],[-55.9796,-14.3001],[-55.9779,-14.2685],[-55.9941,-14.2649],[-55.9981,-14.2462],[-56.0177,-14.2451],[-56.0278,-14.2333],[-56.0233,-14.2291],[-56.0331,-14.2104],[-56.0414,-14.214],[-56.045,-14.169],[-56.0617,-14.1438],[-56.1229,-14.1501],[-56.1389,-14.1602],[-56.1959,-14.1443],[-56.2019,-14.1665],[-56.2245,-14.1565],[-56.2283,-14.1617],[-56.2371,-14.1417],[-56.2682,-14.126],[-56.2728,-14.1053],[-56.2842,-14.0969],[-56.2805,-14.09],[-56.3088,-14.0703],[-56.3091,-14.0538],[-56.3021,-14.0467],[-56.3129,-14.0123],[-56.3209,-14.0134],[-56.331,-14.0004],[-56.3367,-13.9803],[-56.3533,-13.9754],[-56.3426,-13.9643],[-56.3444,-13.9535],[-56.3587,-13.9443],[-56.3621,-13.926],[-56.3523,-13.914],[-56.3754,-13.9045],[-56.3803,-13.8695],[-56.3998,-13.8479],[-56.4118,-13.8474],[-56.4114,-13.8384],[-56.4541,-13.8402],[-56.5018,-13.8597],[-56.5298,-13.8515],[-56.558,-13.8944],[-56.5995,-13.8696],[-56.6148,-13.867],[-56.628,-13.874],[-56.656,-13.8657],[-56.6773,-13.872],[-56.6961,-13.846],[-56.6938,-13.7973],[-56.7045,-13.7925],[-56.6925,-13.7583],[-56.6752,-13.7516],[-56.6666,-13.7262],[-56.672,-13.6972],[-56.7058,-13.6701],[-56.7132,-13.6717],[-56.7199,-13.6558],[-56.7422,-13.6482],[-56.7664,-13.6638],[-56.781,-13.7021],[-56.8141,-13.7308],[-56.8183,-13.7453],[-56.8651,-13.761],[-56.8878,-13.7753],[-56.8968,-13.7928],[-56.9085,-13.7973],[-56.9146,-13.7913],[-56.9312,-13.8011],[-56.9547,-13.7901],[-56.9864,-13.8141],[-56.9883,-13.8262],[-56.9959,-13.8314],[-57.0185,-13.8236],[-57.0596,-13.854],[-57.1116,-13.8538],[-57.1541,-13.8756],[-57.1855,-13.877],[-57.2121,-13.9183],[-57.3469,-13.8877],[-57.3162,-13.8633],[-57.2803,-13.8076],[-57.3533,-13.7382],[-57.3576,-13.6974],[-57.3485,-13.6782],[-57.3519,-13.6658],[-57.3414,-13.6555],[-57.346,-13.6473],[-57.3303,-13.6244],[-57.3345,-13.5995],[-57.349,-13.601],[-57.3657,-13.5864],[-57.3682,-13.5932],[-57.3946,-13.6072],[-57.4008,-13.6425],[-57.4077,-13.6429],[-57.4294,-13.6663],[-57.4282,-13.6735],[-57.4406,-13.6801],[-57.4401,-13.693],[-57.4526,-13.7133],[-57.4954,-13.7566],[-57.4882,-13.7663],[-57.4983,-13.7667],[-57.5025,-13.7889],[-57.5666,-13.8667],[-57.5712,-13.9045],[-57.5842,-13.9253],[-57.6281,-13.9634],[-57.633,-13.9892],[-57.6503,-14.0096],[-57.6679,-14.0499],[-57.6816,-14.0587],[-57.6926,-14.0798],[-57.6769,-14.0974],[-57.6803,-14.1591],[-57.6722,-14.1736],[-57.7034,-14.2477],[-57.7347,-14.2916],[-57.7329,-14.3034],[-57.7248,-14.3032],[-57.7139,-14.2953],[-57.7024,-14.2976],[-57.6756,-14.2868],[-57.657,-14.2362],[-57.612,-14.1975],[-57.5891,-14.1943],[-57.5748,-14.1997],[-57.5596,-14.2256],[-57.5472,-14.2289],[-57.5338,-14.2214],[-57.5081,-14.2225],[-57.4753,-14.2093],[-57.4528,-14.1894],[-57.4263,-14.1857],[-57.4101,-14.163],[-57.3926,-14.1544],[-57.377,-14.1556],[-57.3656,-14.1772],[-57.3527,-14.1844],[-57.3348,-14.1864],[-57.3056,-14.1731],[-57.2381,-14.1681],[-57.1971,-14.1896],[-57.1745,-14.1865],[-57.1463,-14.1624],[-57.1333,-14.1618],[-57.1213,-14.1734],[-57.1119,-14.1729],[-57.0892,-14.1563],[-57.0807,-14.1577],[-57.0815,-14.1889],[-57.0536,-14.1994],[-57.0014,-14.1928],[-56.9578,-14.1635],[-56.9392,-14.1647],[-56.9345,-14.1529],[-56.8906,-14.148],[-56.7689,-14.1507],[-56.7279,-14.1337],[-56.7078,-14.1326],[-56.715,-14.1562],[-56.7302,-14.1705],[-56.709,-14.1961],[-56.6777,-14.1987],[-56.6557,-14.2153],[-56.6179,-14.1997],[-56.6046,-14.201],[-56.5196,-14.2558],[-56.5372,-14.2617],[-56.5661,-14.3119],[-56.5847,-14.3145],[-56.6098,-14.3321],[-56.5983,-14.339],[-56.5751,-14.3352],[-56.5572,-14.3416],[-56.5499,-14.3742],[-56.563,-14.3875]]]}},{"type":"Feature","properties":{"code":"5103601","name":"Dom Aquino"},"geometry":{"type":"Polygon","coordinates":[[[-54.9767,-15.6272],[-54.9753,-15.6341],[-54.9844,-15.6421],[-54.9856,-15.6674],[-55.0053,-15.6715],[-55.002,-15.6872],[-55.0122,-15.6976],[-55.004,-15.7046],[-55.0144,-15.7317],[-55.0118,-15.7472],[-55.0149,-15.7578],[-55.0235,-15.7615],[-55.0021,-15.7734],[-54.9804,-15.7702],[-54.9631,-15.7763],[-54.9598,-15.7923],[-54.9692,-15.7969],[-54.9705,-15.8053],[-54.9548,-15.8206],[-54.9595,-15.8256],[-54.9568,-15.8374],[-54.9624,-15.8392],[-54.9543,-15.8655],[-54.9554,-15.8865],[-54.9423,-15.8976],[-54.9425,-15.9077],[-54.9521,-15.9177],[-54.9433,-15.938],[-54.953,-15.9382],[-54.9503,-15.9563],[-54.9417,-15.9499],[-54.9335,-15.9522],[-54.9204,-15.964],[-54.9124,-15.9829],[-54.9057,-15.976],[-54.9082,-15.9681],[-54.9017,-15.9664],[-54.9005,-15.9515],[-54.8626,-15.9475],[-54.7973,-15.9293],[-54.7804,-15.9171],[-54.7679,-15.9182],[-54.7465,-15.9046],[-54.7464,-15.8958],[-54.7328,-15.8913],[-54.6959,-15.8893],[-54.6869,-15.882],[-54.6901,-15.8755],[-54.6773,-15.8621],[-54.6809,-15.8589],[-54.6533,-15.8084],[-54.6268,-15.7879],[-54.5902,-15.7781],[-54.5695,-15.7572],[-54.5672,-15.7479],[-54.6157,-15.719],[-54.6128,-15.703],[-54.6299,-15.6847],[-54.6365,-15.6475],[-54.6647,-15.6278],[-54.5745,-15.5902],[-54.5525,-15.5647],[-54.5462,-15.5359],[-54.5636,-15.506],[-54.5619,-15.4963],[-54.5423,-15.4778],[-54.5379,-15.4533],[-54.5065,-15.4022],[-54.5276,-15.4009],[-54.5308,-15.3783],[-54.5496,-15.3752],[-54.5596,-15.3616],[-54.5733,-15.3611],[-54.5931,-15.3728],[-54.5988,-15.3682],[-54.6253,-15.3751],[-54.6369,-15.3861],[-54.6829,-15.3914],[-54.6922,-15.4001],[-54.7085,-15.394],[-54.7186,-15.3981],[-54.7539,-15.4288],[-54.7886,-15.4386],[-54.9028,-15.4965],[-54.9297,-15.4823],[-54.9523,-15.4865],[-54.9561,-15.5309],[-54.9671,-15.5336],[-54.9744,-15.5542],[-54.9651,-15.6201],[-54.9767,-15.6272]]]}},{"type":"Feature","properties":{"code":"5103700","name":"Feliz Natal"},"geometry":{"type":"Polygon","coordinates":[[[-53.877,-11.5123],[-53.9196,-11.5143],[-53.9442,-11.5383],[-53.9684,-11.5329],[-53.9816,-11.5462],[-53.9833,-11.5609],[-53.9972,-11.5726],[-54.0044,-11.5691],[-54.0058,-11.5851],[-54.0175,-11.5956],[-54.0347,-11.5945],[-54.0481,-11.6118],[-54.0576,-11.6127],[-54.0569,-11.6189],[-54.1126,-11.6383],[-54.1103,-11.6464],[-54.1221,-11.6621],[-54.1351,-11.6647],[-54.1434,-11.6889],[-54.1491,-11.6885],[-54.1558,-11.7168],[-54.1701,-11.7261],[-54.1705,-11.7361],[-54.1855,-11.7429],[-54.2015,-11.7853],[-54.2208,-11.7945],[-54.2284,-11.8134],[-54.2357,-11.8141],[-54.2478,-11.8316],[-54.274,-11.8502],[-54.2876,-11.8783],[-54.3003,-11.8814],[-54.299,-11.8935],[-54.3312,-11.9357],[-54.3572,-11.9505],[-54.3579,-11.957],[-54.3782,-11.969],[-54.38,-11.9784],[-54.4013,-11.9954],[-54.4268,-11.998],[-54.443,-12.0092],[-54.4863,-12.0022],[-54.5078,-12.008],[-54.5351,-12.0273],[-54.5784,-12.0425],[-54.6196,-12.0481],[-54.6538,-12.0696],[-54.7142,-12.0652],[-54.7254,-12.073],[-54.7345,-12.0913],[-54.8023,-12.1179],[-54.8308,-12.121],[-54.8355,-12.1283],[-54.8867,-12.1198],[-54.9316,-12.1302],[-54.9733,-12.1651],[-54.9783,-12.1753],[-54.9727,-12.2027],[-54.985,-12.2249],[-55.0127,-12.2455],[-55.0128,-12.2346],[-55.0349,-12.1937],[-55.0289,-12.1638],[-55.0331,-12.1558],[-55.0564,-12.1542],[-55.0853,-12.1811],[-55.1255,-12.1776],[-55.1191,-12.197],[-55.1345,-12.2054],[-55.1377,-12.214],[-55.1312,-12.2338],[-55.1098,-12.2491],[-55.1071,-12.2721],[-55.0869,-12.306],[-55.0928,-12.3158],[-55.0805,-12.3379],[-55.0848,-12.3457],[-55.0716,-12.3667],[-55.0776,-12.3862],[-55.0926,-12.3985],[-55.0913,-12.4263],[-55.1021,-12.4538],[-55.1002,-12.4725],[-55.1179,-12.4928],[-55.1162,-12.5067],[-55.1371,-12.5365],[-55.1389,-12.5503],[-55.1547,-12.5615],[-55.1571,-12.5762],[-55.1841,-12.5783],[-55.1935,-12.5927],[-55.232,-12.5986],[-55.2394,-12.6068],[-55.2283,-12.6163],[-55.2316,-12.6348],[-55.2474,-12.6463],[-55.2647,-12.6484],[-55.278,-12.6625],[-55.2416,-12.6987],[-55.2292,-12.737],[-55.0138,-12.7292],[-54.9535,-12.7416],[-54.941,-12.7042],[-54.9231,-12.6929],[-54.9155,-12.667],[-54.8905,-12.651],[-54.8833,-12.6557],[-54.866,-12.6491],[-54.8626,-12.6419],[-54.8516,-12.6461],[-54.7909,-12.6265],[-54.7704,-12.6085],[-54.7466,-12.6011],[-54.7276,-12.56],[-54.7356,-12.5471],[-54.7187,-12.5399],[-54.7059,-12.4967],[-54.6937,-12.4856],[-54.6683,-12.4751],[-54.6583,-12.4819],[-54.6428,-12.4816],[-54.6265,-12.4741],[-54.6065,-12.4766],[-54.5934,-12.4665],[-54.5855,-12.4717],[-54.58,-12.4657],[-54.5517,-12.4639],[-54.5471,-12.4539],[-54.5361,-12.4501],[-54.5283,-12.4231],[-54.532,-12.4155],[-54.516,-12.3845],[-54.5048,-12.3851],[-54.4829,-12.3613],[-54.4535,-12.3632],[-54.4441,-12.3582],[-54.4436,-12.3491],[-54.4315,-12.3509],[-54.4236,-12.3342],[-54.4095,-12.3463],[-54.3755,-12.3152],[-54.3491,-12.301],[-54.3452,-12.3074],[-54.3261,-12.2976],[-54.32,-12.3],[-54.3109,-12.2867],[-54.291,-12.2879],[-54.286,-12.271],[-54.271,-12.2697],[-54.2536,-12.255],[-54.2521,-12.2596],[-54.2392,-12.2543],[-54.2395,-12.2438],[-54.1999,-12.2476],[-54.1896,-12.2343],[-54.1826,-12.2392],[-54.1776,-12.2077],[-54.1685,-12.2042],[-54.1439,-12.1729],[-54.1296,-12.166],[-54.1138,-12.1678],[-54.1046,-12.1483],[-54.0922,-12.1584],[-54.0642,-12.1659],[-54.0572,-12.1625],[-54.0478,-12.1307],[-54.0267,-12.1169],[-54.0065,-12.1105],[-53.9878,-12.1266],[-53.9757,-12.1272],[-53.9703,-12.1208],[-53.9636,-12.1244],[-53.9587,-12.1031],[-53.9446,-12.0869],[-53.9256,-12.0886],[-53.9114,-12.0972],[-53.8989,-12.0831],[-53.8744,-12.076],[-53.8554,-12.0862],[-53.8559,-12.0724],[-53.8483,-12.0621],[-53.8427,-12.0728],[-53.8088,-12.0817],[-53.7868,-12.0975],[-53.766,-12.0896],[-53.7516,-12.0677],[-53.726,-12.0568],[-53.7211,-12.0484],[-53.7254,-12.0356],[-53.717,-12.0393],[-53.7122,-12.0346],[-53.6948,-12.0494],[-53.6565,-12.0403],[-53.646,-12.0263],[-53.6529,-12.0234],[-53.6503,-12.0171],[-53.6343,-12.0025],[-53.6191,-12.0063],[-53.6306,-11.9879],[-53.6281,-11.9776],[-53.6095,-11.9799],[-53.6071,-11.9699],[-53.6184,-11.9622],[-53.6096,-11.9561],[-53.6013,-11.9605],[-53.571,-11.9532],[-53.5589,-11.9576],[-53.5476,-11.9486],[-53.5472,-11.9236],[-53.562,-11.9099],[-53.5762,-11.8726],[-53.5875,-11.8602],[-53.5873,-11.8255],[-53.6016,-11.7868],[-53.6084,-11.7437],[-53.5699,-11.6536],[-53.5716,-11.6159],[-53.5584,-11.6016],[-53.5406,-11.5982],[-53.5392,-11.5775],[-53.5473,-11.5681],[-53.4948,-11.5204],[-53.4939,-11.5046],[-53.4849,-11.5047],[-53.4756,-11.5179],[-53.4695,-11.5004],[-53.4419,-11.4646],[-53.4393,-11.4316],[-53.428,-11.4249],[-53.4004,-11.4359],[-53.3843,-11.4135],[-53.3783,-11.3913],[-53.3443,-11.3593],[-53.3108,-11.3122],[-53.3024,-11.3133],[-53.2768,-11.2792],[-53.2571,-11.2739],[-53.2512,-11.2639],[-53.2604,-11.229],[-53.2402,-11.2017],[-53.2421,-11.148],[-53.2605,-11.1195],[-53.267,-11.0908],[-53.2888,-11.078],[-53.2823,-11.0498],[-53.3159,-11.0004],[-53.318,-10.9577],[-53.3241,-10.9605],[-53.3405,-11.0052],[-53.3218,-11.0116],[-53.3261,-11.023],[-53.3537,-11.0268],[-53.3706,-11.0173],[-53.3743,-11.0207],[-53.3689,-11.0352],[-53.3819,-11.0549],[-53.4362,-11.0484],[-53.4491,-11.0545],[-53.4852,-11.0547],[-53.5165,-11.095],[-53.522,-11.0949],[-53.5282,-11.0814],[-53.545,-11.0872],[-53.5601,-11.0847],[-53.5932,-11.1209],[-53.6219,-11.1263],[-53.642,-11.1412],[-53.6432,-11.1516],[-53.6548,-11.1516],[-53.6621,-11.1424],[-53.6738,-11.148],[-53.688,-11.1864],[-53.7032,-11.1867],[-53.7139,-11.1778],[-53.7168,-11.1845],[-53.7098,-11.1906],[-53.714,-11.2044],[-53.7207,-11.2017],[-53.7266,-11.2166],[-53.7428,-11.2096],[-53.7528,-11.2132],[-53.7476,-11.234],[-53.7642,-11.2418],[-53.7673,-11.2505],[-53.7598,-11.2569],[-53.777,-11.2685],[-53.7792,-11.2898],[-53.798,-11.3277],[-53.7979,-11.342],[-53.8345,-11.367],[-53.8403,-11.3977],[-53.8293,-11.3996],[-53.8431,-11.4131],[-53.8371,-11.4242],[-53.8429,-11.4362],[-53.8382,-11.452],[-53.8562,-11.4651],[-53.8529,-11.4818],[-53.877,-11.5123]]]}},{"type":"Feature","properties":{"code":"5103809","name":"Figueirópolis D'Oeste"},"geometry":{"type":"Polygon","coordinates":[[[-58.8567,-15.6004],[-58.7999,-15.6197],[-58.7761,-15.6435],[-58.7517,-15.6455],[-58.7386,-15.6533],[-58.7157,-15.6894],[-58.5604,-15.693],[-58.5516,-15.6836],[-58.5496,-15.6733],[-58.56,-15.6664],[-58.5537,-15.66],[-58.5575,-15.6511],[-58.5692,-15.6435],[-58.5613,-15.6309],[-58.5643,-15.6241],[-58.5578,-15.6204],[-58.5565,-15.5858],[-58.5682,-15.5843],[-58.5824,-15.5681],[-58.5872,-15.5296],[-58.5819,-15.5287],[-58.5815,-15.5098],[-58.6027,-15.489],[-58.5993,-15.4838],[-58.6074,-15.4541],[-58.6329,-15.4035],[-58.6301,-15.3997],[-58.6419,-15.3896],[-58.6551,-15.349],[-58.6816,-15.3201],[-58.6965,-15.3136],[-58.7033,-15.3252],[-58.7199,-15.3243],[-58.7504,-15.2945],[-58.7545,-15.3166],[-58.7353,-15.3459],[-58.7333,-15.3621],[-58.7421,-15.368],[-58.7598,-15.3536],[-58.7884,-15.3768],[-58.7701,-15.4504],[-58.8002,-15.4543],[-58.8299,-15.4735],[-58.8373,-15.4876],[-58.8556,-15.4965],[-58.862,-15.524],[-58.8576,-15.5383],[-58.8699,-15.5689],[-58.8595,-15.5833],[-58.8567,-15.6004]]]}},{"type":"Feature","properties":{"code":"5103858","name":"Gaúcha do Norte"},"geometry":{"type":"Polygon","coordinates":[[[-52.8667,-12.9683],[-52.8542,-12.9673],[-52.8521,-12.9491],[-52.8423,-12.949],[-52.8417,-12.9379],[-52.8261,-12.9256],[-52.832,-12.8988],[-52.8248,-12.878],[-52.8145,-12.8837],[-52.8135,-12.8491],[-52.8346,-12.8383],[-52.8318,-12.831],[-52.8359,-12.8234],[-52.845,-12.8221],[-52.8498,-12.8094],[-52.8941,-12.7875],[-52.8912,-12.7737],[-52.9174,-12.7568],[-52.8885,-12.738],[-52.8902,-12.7314],[-52.9012,-12.7292],[-52.9249,-12.7444],[-52.9275,-12.7175],[-52.9391,-12.7059],[-52.9341,-12.6825],[-52.9457,-12.6754],[-52.9476,-12.6663],[-52.9528,-12.6637],[-52.959,-12.6703],[-52.9629,-12.6628],[-52.9484,-12.6556],[-52.9498,-12.6368],[-52.9373,-12.637],[-52.9389,-12.6281],[-52.9202,-12.6215],[-52.9275,-12.6117],[-52.9249,-12.6028],[-52.9452,-12.5851],[-52.9677,-12.5859],[-52.9713,-12.5727],[-52.9657,-12.5565],[-52.9764,-12.5504],[-52.9858,-12.5294],[-53.0018,-12.5184],[-53.0084,-12.5251],[-53.0108,-12.5461],[-53.021,-12.5408],[-53.015,-12.5193],[-53.0186,-12.5098],[-53.0396,-12.5155],[-53.0407,-12.5044],[-53.0315,-12.4947],[-53.0354,-12.4857],[-53.0896,-12.4589],[-53.0909,-12.4448],[-53.1062,-12.4337],[-53.1123,-12.3953],[-53.101,-12.3763],[-53.1212,-12.3634],[-53.1212,-12.3484],[-53.1441,-12.345],[-53.141,-12.3297],[-53.1456,-12.3213],[-53.1622,-12.3253],[-53.1754,-12.314],[-53.1897,-12.3148],[-53.1909,-12.2641],[-53.2099,-12.2685],[-53.2218,-12.2838],[-53.2274,-12.2817],[-53.2279,-12.2672],[-53.2429,-12.2569],[-53.2603,-12.2287],[-53.2786,-12.2221],[-53.2806,-12.233],[-53.3068,-12.2292],[-53.3093,-12.22],[-53.2986,-12.2079],[-53.3004,-12.2014],[-53.3202,-12.1918],[-53.3004,-12.1639],[-53.3096,-12.1553],[-53.3357,-12.1502],[-53.3428,-12.1379],[-53.3417,-12.0968],[-53.362,-12.0823],[-53.3563,-12.0574],[-53.3877,-12.0422],[-53.3854,-12.022],[-53.4126,-12.014],[-53.4138,-12.0037],[-53.4374,-11.9937],[-53.4509,-11.9759],[-53.4734,-11.9857],[-53.4807,-11.9808],[-53.4873,-11.9494],[-53.4937,-11.9445],[-53.5042,-11.9494],[-53.5261,-11.9418],[-53.5371,-11.9311],[-53.5474,-11.9366],[-53.5383,-11.9724],[-53.5233,-11.9953],[-53.5229,-12.0141],[-53.5359,-12.0156],[-53.539,-12.0223],[-53.5376,-12.0565],[-53.5503,-12.0697],[-53.5536,-12.089],[-53.5812,-12.1068],[-53.5779,-12.1229],[-53.5926,-12.1331],[-53.5967,-12.1552],[-53.5896,-12.178],[-53.6042,-12.193],[-53.5983,-12.2001],[-53.6017,-12.2119],[-53.622,-12.2243],[-53.6318,-12.2388],[-53.6445,-12.2424],[-53.6509,-12.2705],[-53.6599,-12.2723],[-53.6642,-12.2899],[-53.6701,-12.2899],[-53.6923,-12.3429],[-53.7013,-12.3548],[-53.7119,-12.3525],[-53.7179,-12.359],[-53.7282,-12.4015],[-53.7382,-12.4039],[-53.7434,-12.4165],[-53.7563,-12.4173],[-53.7638,-12.4275],[-53.7733,-12.4261],[-53.7755,-12.4411],[-53.7976,-12.4713],[-53.7919,-12.4934],[-53.7969,-12.5201],[-53.7949,-12.5292],[-53.7848,-12.5284],[-53.7847,-12.5464],[-53.7744,-12.5504],[-53.7767,-12.5762],[-53.7998,-12.6042],[-53.8051,-12.6624],[-53.8164,-12.6689],[-53.8119,-12.6783],[-53.8418,-12.703],[-53.8373,-12.7132],[-53.8462,-12.7184],[-53.8414,-12.7406],[-53.8336,-12.7441],[-53.8331,-12.758],[-53.8389,-12.7626],[-53.8352,-12.7807],[-53.8414,-12.7843],[-53.8401,-12.7913],[-53.8613,-12.8056],[-53.8717,-12.8354],[-53.8922,-12.8428],[-53.8839,-12.8573],[-53.8953,-12.8618],[-53.8968,-12.8729],[-53.8912,-12.8761],[-53.909,-12.8973],[-53.9226,-12.8961],[-53.921,-12.9049],[-53.933,-12.9143],[-53.9279,-12.9288],[-53.9338,-12.9342],[-53.9335,-12.948],[-53.9721,-12.9838],[-53.9823,-12.9829],[-53.9844,-13.0005],[-53.9963,-13.0142],[-53.9777,-13.0551],[-53.9781,-13.0895],[-54.0064,-13.1353],[-54.0021,-13.1647],[-54.0115,-13.1759],[-54.01,-13.2114],[-54.0249,-13.2462],[-54.0152,-13.2596],[-54.0067,-13.2935],[-54.0071,-13.328],[-54.0254,-13.375],[-54.0186,-13.4181],[-54.0358,-13.5085],[-54.0324,-13.5234],[-54.0375,-13.5302],[-54.0314,-13.5352],[-54.0381,-13.5441],[-54.0341,-13.5497],[-54.0387,-13.5692],[-54.0469,-13.5744],[-54.0465,-13.6032],[-54.0528,-13.6083],[-54.046,-13.6231],[-54.0535,-13.6564],[-54.0798,-13.6793],[-54.0766,-13.6913],[-54.0903,-13.713],[-54.0829,-13.7122],[-54.0777,-13.7217],[-54.0837,-13.7304],[-54.0772,-13.7328],[-54.0809,-13.7416],[-54.0912,-13.7455],[-54.077,-13.7838],[-54.0884,-13.8054],[-54.0613,-13.8138],[-54.0431,-13.7961],[-54.0192,-13.8027],[-54.0129,-13.814],[-53.9984,-13.791],[-53.9861,-13.788],[-53.9604,-13.7972],[-53.9266,-13.7766],[-53.9175,-13.7425],[-53.8863,-13.7322],[-53.8502,-13.7007],[-53.8539,-13.6891],[-53.8156,-13.6486],[-53.7828,-13.5901],[-53.7548,-13.5857],[-53.7233,-13.5634],[-53.7145,-13.5643],[-53.7108,-13.5495],[-53.6828,-13.5203],[-53.6854,-13.5087],[-53.6767,-13.5059],[-53.6683,-13.4737],[-53.6429,-13.4544],[-53.6392,-13.4872],[-53.6319,-13.4897],[-53.6488,-13.5523],[-53.64,-13.5715],[-53.6519,-13.6],[-53.6836,-13.6405],[-53.6856,-13.6578],[-53.7016,-13.6621],[-53.7056,-13.6755],[-53.6989,-13.7072],[-53.7044,-13.7072],[-53.721,-13.7316],[-53.7028,-13.7386],[-53.7067,-13.7483],[-53.6998,-13.7665],[-53.6857,-13.7686],[-53.6566,-13.7602],[-53.6371,-13.764],[-53.6308,-13.7764],[-53.6128,-13.7793],[-53.5664,-13.7621],[-53.553,-13.7456],[-53.5395,-13.7444],[-53.5198,-13.7204],[-53.5068,-13.7213],[-53.4694,-13.653],[-53.4295,-13.6597],[-53.4204,-13.6535],[-53.4058,-13.6554],[-53.417,-13.6679],[-53.3801,-13.7011],[-53.3623,-13.7057],[-53.3527,-13.7155],[-53.3253,-13.7106],[-53.2914,-13.7165],[-53.2858,-13.7208],[-53.2888,-13.7457],[-53.2838,-13.7543],[-53.2664,-13.7582],[-53.2506,-13.7718],[-53.224,-13.7749],[-53.2176,-13.7569],[-53.1958,-13.7391],[-53.1996,-13.7308],[-53.1685,-13.7124],[-53.1644,-13.6959],[-53.1506,-13.6898],[-53.1539,-13.6823],[-53.143,-13.6756],[-53.1462,-13.6689],[-53.1373,-13.6632],[-53.1392,-13.6557],[-53.08,-13.6212],[-53.0882,-13.5905],[-53.096,-13.5864],[-53.0943,-13.5795],[-53.0828,-13.5782],[-53.0746,-13.5603],[-53.079,-13.5405],[-53.0884,-13.5363],[-53.0873,-13.5235],[-53.0945,-13.5176],[-53.0749,-13.5088],[-53.0741,-13.4995],[-53.0835,-13.495],[-53.0692,-13.471],[-53.0743,-13.4578],[-53.0626,-13.4506],[-53.0691,-13.4469],[-53.05,-13.4389],[-53.0445,-13.4096],[-53.036,-13.4032],[-53.0401,-13.3927],[-53.0191,-13.3669],[-53.0263,-13.362],[-53.0113,-13.3518],[-53.0191,-13.3419],[-53.0059,-13.341],[-53.0072,-13.3315],[-53.0143,-13.3294],[-53.0013,-13.3143],[-53.0049,-13.3088],[-52.9914,-13.306],[-52.989,-13.2936],[-52.9777,-13.2866],[-52.9793,-13.2786],[-52.9643,-13.2674],[-52.9724,-13.2622],[-52.9732,-13.2528],[-52.9645,-13.2522],[-52.9628,-13.2172],[-52.9411,-13.2134],[-52.9278,-13.201],[-52.9216,-13.2039],[-52.9155,-13.1778],[-52.9064,-13.1796],[-52.9152,-13.164],[-52.9046,-13.1569],[-52.8969,-13.1431],[-52.9013,-13.1355],[-52.8946,-13.132],[-52.9014,-13.125],[-52.905,-13.1321],[-52.911,-13.1296],[-52.911,-13.1039],[-52.9006,-13.1042],[-52.8962,-13.1111],[-52.899,-13.093],[-52.8882,-13.0919],[-52.8825,-13.0823],[-52.8931,-13.066],[-52.8902,-13.0566],[-52.8747,-13.0474],[-52.8811,-13.0395],[-52.8657,-13.0342],[-52.8646,-13.0265],[-52.8734,-13.0178],[-52.8679,-13.0049],[-52.8778,-13.0011],[-52.8789,-12.9858],[-52.868,-12.9791],[-52.8667,-12.9683]]]}},{"type":"Feature","properties":{"code":"5103908","name":"General Carneiro"},"geometry":{"type":"Polygon","coordinates":[[[-52.7509,-15.7214],[-52.7544,-15.7136],[-52.7442,-15.7055],[-52.7671,-15.6847],[-52.76,-15.6768],[-52.7722,-15.6555],[-52.7713,-15.6431],[-52.7595,-15.6386],[-52.7627,-15.6149],[-52.7398,-15.6011],[-52.7344,-15.5824],[-52.7202,-15.5753],[-52.7221,-15.5661],[-52.7032,-15.5559],[-52.7205,-15.4854],[-52.7272,-15.4788],[-52.7449,-15.4783],[-52.7598,-15.4648],[-52.7879,-15.4627],[-52.7929,-15.454],[-52.8087,-15.4519],[-52.8407,-15.4646],[-52.8437,-15.4732],[-52.853,-15.4727],[-52.8506,-15.4824],[-52.8842,-15.5071],[-52.9222,-15.5119],[-52.9242,-15.5191],[-52.9696,-15.5188],[-52.9836,-15.5241],[-52.993,-15.5176],[-53.0154,-15.5243],[-53.0174,-15.538],[-53.0523,-15.5612],[-53.0836,-15.5482],[-53.1492,-15.4526],[-53.1206,-15.4406],[-53.107,-15.4466],[-53.062,-15.44],[-53.0429,-15.4282],[-53.0344,-15.405],[-53.0109,-15.3904],[-52.9784,-15.3929],[-52.9622,-15.3856],[-52.9521,-15.39],[-52.9476,-15.3817],[-52.9147,-15.38],[-52.8941,-15.3576],[-52.8755,-15.3606],[-52.8635,-15.3544],[-52.8639,-15.347],[-52.855,-15.3396],[-52.8474,-15.3401],[-52.8446,-15.3348],[-52.8527,-15.3237],[-52.8816,-15.3056],[-52.9119,-15.3017],[-52.9205,-15.2944],[-52.9288,-15.2685],[-52.9453,-15.2745],[-52.9555,-15.2714],[-52.9682,-15.2794],[-52.9836,-15.2707],[-52.99,-15.2851],[-52.9972,-15.273],[-53.022,-15.2618],[-53.0412,-15.2745],[-53.0524,-15.2612],[-53.0488,-15.2511],[-53.08,-15.2509],[-53.1162,-15.23],[-53.1459,-15.2347],[-53.1519,-15.226],[-53.1644,-15.2288],[-53.1656,-15.2179],[-53.19,-15.2211],[-53.1967,-15.2123],[-53.2347,-15.2283],[-53.2384,-15.2374],[-53.2635,-15.2436],[-53.2898,-15.2812],[-53.2902,-15.298],[-53.2982,-15.2956],[-53.3035,-15.3053],[-53.295,-15.3365],[-53.3134,-15.3371],[-53.3212,-15.3658],[-53.3407,-15.367],[-53.3432,-15.3768],[-53.3815,-15.3736],[-53.3859,-15.3577],[-53.397,-15.3477],[-53.4433,-15.3466],[-53.4445,-15.3545],[-53.453,-15.3548],[-53.4552,-15.3465],[-53.4619,-15.3496],[-53.4631,-15.3637],[-53.481,-15.3682],[-53.4843,-15.3808],[-53.5085,-15.3813],[-53.5033,-15.3925],[-53.5095,-15.4005],[-53.5209,-15.3931],[-53.5131,-15.3827],[-53.5144,-15.3631],[-53.5492,-15.3763],[-53.5662,-15.3602],[-53.5991,-15.3581],[-53.6085,-15.3487],[-53.6155,-15.366],[-53.6252,-15.3653],[-53.6577,-15.3421],[-53.6663,-15.3523],[-53.6844,-15.35],[-53.6836,-15.3437],[-53.6931,-15.3384],[-53.7506,-15.3486],[-53.7538,-15.3622],[-53.7973,-15.365],[-53.8051,-15.3709],[-53.8135,-15.4091],[-53.8433,-15.4326],[-53.8578,-15.458],[-53.8741,-15.4668],[-53.882,-15.4852],[-53.9101,-15.4927],[-53.9168,-15.5539],[-53.9253,-15.5636],[-53.9162,-15.5722],[-53.9169,-15.5865],[-53.9377,-15.6149],[-53.9332,-15.6375],[-53.9098,-15.6468],[-53.8983,-15.6714],[-53.9064,-15.6742],[-53.9103,-15.7031],[-53.8967,-15.7076],[-53.8843,-15.7231],[-53.8808,-15.741],[-53.8901,-15.7516],[-53.8883,-15.7633],[-53.8793,-15.7652],[-53.8546,-15.8221],[-53.8464,-15.8337],[-53.8214,-15.8474],[-53.8018,-15.8485],[-53.7842,-15.8608],[-53.7661,-15.8854],[-53.7475,-15.8634],[-53.7813,-15.8153],[-53.7682,-15.7775],[-53.7687,-15.7611],[-53.7798,-15.7585],[-53.7716,-15.7402],[-53.7795,-15.739],[-53.7818,-15.7301],[-53.775,-15.7199],[-53.7525,-15.7121],[-53.6856,-15.7241],[-53.6608,-15.7159],[-53.6296,-15.7177],[-53.6009,-15.6954],[-53.5773,-15.6878],[-53.5734,-15.6819],[-53.5804,-15.6699],[-53.5783,-15.6612],[-53.5666,-15.6512],[-53.5158,-15.6407],[-53.4972,-15.5952],[-53.4749,-15.5812],[-53.4444,-15.5737],[-53.3635,-15.5784],[-53.3433,-15.5903],[-53.3117,-15.5864],[-53.2518,-15.5932],[-53.2416,-15.6259],[-53.195,-15.6381],[-53.1919,-15.6655],[-53.1622,-15.6957],[-53.165,-15.7058],[-53.1544,-15.724],[-53.1266,-15.7393],[-53.1151,-15.7383],[-53.11,-15.7453],[-53.1024,-15.7368],[-53.1046,-15.7285],[-53.0951,-15.728],[-53.0707,-15.7343],[-53.0583,-15.7281],[-53.0524,-15.7356],[-53.0271,-15.7383],[-52.9996,-15.7262],[-52.9985,-15.7391],[-52.9807,-15.7387],[-52.96,-15.7228],[-52.9578,-15.7338],[-52.9495,-15.725],[-52.9225,-15.7166],[-52.9171,-15.7083],[-52.9003,-15.7164],[-52.8688,-15.6996],[-52.8466,-15.709],[-52.8226,-15.7357],[-52.8118,-15.7375],[-52.8127,-15.7226],[-52.7862,-15.7217],[-52.7778,-15.7324],[-52.7666,-15.7349],[-52.7509,-15.7214]]]}},{"type":"Feature","properties":{"code":"5103957","name":"Glória D'Oeste"},"geometry":{"type":"Polygon","coordinates":[[[-58.3908,-15.8848],[-58.367,-15.8931],[-58.3418,-15.9174],[-58.3319,-15.9139],[-58.3106,-15.9234],[-58.2943,-15.9394],[-58.2886,-15.9514],[-58.2994,-15.9622],[-58.2928,-15.9959],[-58.2571,-16.0258],[-58.2421,-16.0338],[-58.2257,-16.0255],[-58.202,-16.0424],[-58.1519,-16.0446],[-58.1521,-16.0252],[-58.1623,-16.002],[-58.1595,-15.9739],[-58.1661,-15.9672],[-58.1732,-15.9305],[-58.1663,-15.9141],[-58.172,-15.9064],[-58.1576,-15.8836],[-58.1551,-15.8645],[-58.1408,-15.8609],[-58.1321,-15.8473],[-58.1745,-15.8286],[-58.2871,-15.8169],[-58.2665,-15.7697],[-58.2678,-15.7391],[-58.2472,-15.709],[-58.5604,-15.693],[-58.5519,-15.726],[-58.538,-15.7397],[-58.5361,-15.7639],[-58.5241,-15.7792],[-58.5061,-15.7803],[-58.497,-15.802],[-58.462,-15.8235],[-58.4587,-15.8305],[-58.4667,-15.8404],[-58.4652,-15.8503],[-58.4454,-15.8599],[-58.4422,-15.8514],[-58.4314,-15.8505],[-58.4231,-15.859],[-58.4136,-15.8585],[-58.4,-15.8662],[-58.3908,-15.8848]]]}},{"type":"Feature","properties":{"code":"5104104","name":"Guarantã do Norte"},"geometry":{"type":"Polygon","coordinates":[[[-55.1378,-10.046],[-54.6685,-10.0553],[-54.6388,-9.9815],[-54.602,-9.9859],[-54.5919,-9.9703],[-54.5372,-9.9661],[-54.5216,-9.9902],[-54.4689,-9.9995],[-54.4296,-9.9903],[-54.4198,-9.9953],[-54.3965,-9.982],[-54.3928,-9.9905],[-54.3397,-9.9837],[-54.3314,-9.9748],[-54.3252,-9.9807],[-54.2675,-9.9751],[-54.2407,-9.9352],[-54.2485,-9.9185],[-54.239,-9.8994],[-54.2478,-9.8794],[-54.2703,-9.8778],[-54.2587,-9.8711],[-54.2557,-9.8526],[-54.2377,-9.8317],[-54.2389,-9.8174],[-54.2323,-9.8087],[-54.2201,-9.7999],[-54.1792,-9.8079],[-54.1583,-9.7925],[-54.1612,-9.7542],[-54.1546,-9.7358],[-54.1422,-9.7271],[-54.1502,-9.6754],[-54.15,-9.664],[-54.137,-9.6462],[-54.1424,-9.5999],[-54.1367,-9.588],[-54.1242,-9.5859],[-54.1215,-9.5792],[-54.1072,-9.5809],[-54.1068,-9.5719],[-54.9956,-9.5053],[-54.9964,-9.5236],[-54.9855,-9.5543],[-54.9787,-9.569],[-54.9662,-9.577],[-54.9815,-9.5919],[-54.9704,-9.6511],[-54.9572,-9.677],[-54.9655,-9.6864],[-54.9711,-9.7268],[-54.9905,-9.7804],[-54.9854,-9.797],[-54.9952,-9.8208],[-55.0029,-9.8195],[-55.018,-9.8369],[-55.027,-9.8331],[-55.0362,-9.8434],[-55.0447,-9.8755],[-55.054,-9.8795],[-55.0344,-9.8968],[-55.0332,-9.9077],[-55.0398,-9.909],[-55.0321,-9.9521],[-55.0326,-9.9685],[-55.0406,-9.976],[-55.0364,-9.9886],[-55.0418,-9.9944],[-55.0496,-9.9922],[-55.0522,-10.0074],[-55.0648,-10.0076],[-55.0796,-10.0272],[-55.1378,-10.046]]]}},{"type":"Feature","properties":{"code":"5104203","name":"Guiratinga"},"geometry":{"type":"Polygon","coordinates":[[[-54.168,-16.5057],[-54.1299,-16.5003],[-54.1297,-16.4928],[-54.1197,-16.4892],[-54.1117,-16.4966],[-54.1097,-16.4828],[-54.0681,-16.4753],[-54.0611,-16.48],[-54.0554,-16.4706],[-54.0368,-16.468],[-54.0232,-16.4785],[-54.0122,-16.4768],[-54.0044,-16.4831],[-54.0043,-16.4935],[-53.9924,-16.4909],[-53.98,-16.4988],[-53.9808,-16.5244],[-53.9589,-16.5291],[-53.9372,-16.5438],[-53.9358,-16.5525],[-53.9171,-16.5594],[-53.8911,-16.5913],[-53.8833,-16.594],[-53.8558,-16.5746],[-53.8463,-16.5829],[-53.8353,-16.5796],[-53.8503,-16.6638],[-53.8448,-16.6876],[-53.8278,-16.7063],[-53.8261,-16.7178],[-53.8289,-16.7302],[-53.8492,-16.7388],[-53.8624,-16.7575],[-53.8463,-16.7671],[-53.8212,-16.7992],[-53.7367,-16.7687],[-53.7157,-16.7322],[-53.6974,-16.726],[-53.656,-16.7188],[-53.61,-16.729],[-53.5825,-16.7202],[-53.5689,-16.6981],[-53.5531,-16.6966],[-53.5238,-16.6781],[-53.5095,-16.6827],[-53.4976,-16.6692],[-53.4739,-16.6711],[-53.4609,-16.6829],[-53.4566,-16.6743],[-53.4454,-16.6813],[-53.4156,-16.6795],[-53.4203,-16.6658],[-53.4104,-16.6693],[-53.4112,-16.6569],[-53.4245,-16.658],[-53.4096,-16.6421],[-53.4196,-16.6054],[-53.4099,-16.5903],[-53.4135,-16.5758],[-53.4284,-16.5597],[-53.4113,-16.5529],[-53.3945,-16.534],[-53.369,-16.4856],[-53.3451,-16.4703],[-53.3276,-16.4689],[-53.3366,-16.4817],[-53.3264,-16.49],[-53.3166,-16.4768],[-53.3033,-16.479],[-53.2972,-16.4728],[-53.2974,-16.4503],[-53.2717,-16.4339],[-53.2646,-16.4611],[-53.2449,-16.477],[-53.2329,-16.461],[-53.2109,-16.4559],[-53.1917,-16.4177],[-53.1634,-16.4069],[-53.1483,-16.393],[-53.148,-16.3801],[-53.154,-16.3756],[-53.1498,-16.345],[-53.1586,-16.3338],[-53.1542,-16.3229],[-53.1707,-16.2826],[-53.1677,-16.2624],[-53.1463,-16.2447],[-53.1385,-16.2209],[-53.1168,-16.2167],[-53.1007,-16.193],[-53.0922,-16.1974],[-53.0815,-16.1904],[-53.0745,-16.1952],[-53.0542,-16.1822],[-53.0533,-16.1723],[-53.0449,-16.1707],[-53.0405,-16.1766],[-53.016,-16.165],[-53.0081,-16.171],[-52.9993,-16.1525],[-52.9785,-16.1446],[-52.9812,-16.1333],[-53.0002,-16.1226],[-53.0038,-16.1068],[-53.0195,-16.1049],[-53.0401,-16.0845],[-53.0638,-16.0759],[-53.0719,-16.0471],[-53.0487,-16.0188],[-53.0472,-15.9997],[-53.0566,-15.9605],[-53.0695,-15.9658],[-53.0747,-15.9563],[-53.0908,-15.9561],[-53.1455,-15.9812],[-53.1627,-15.999],[-53.2017,-15.9986],[-53.2137,-16.0133],[-53.2431,-16.0125],[-53.2553,-16.0212],[-53.2694,-16.0514],[-53.2666,-16.0671],[-53.2908,-16.0764],[-53.3085,-16.1173],[-53.301,-16.1584],[-53.2853,-16.1726],[-53.2867,-16.1841],[-53.3104,-16.2081],[-53.3355,-16.2237],[-53.363,-16.2316],[-53.3649,-16.2388],[-53.3452,-16.2683],[-53.3589,-16.2775],[-53.3919,-16.2685],[-53.4246,-16.23],[-53.4495,-16.2251],[-53.4457,-16.2104],[-53.4572,-16.1955],[-53.4594,-16.1773],[-53.4751,-16.1578],[-53.495,-16.1427],[-53.5404,-16.1379],[-53.5419,-16.1309],[-53.5617,-16.1232],[-53.573,-16.1245],[-53.5673,-16.1387],[-53.5785,-16.148],[-53.5688,-16.1562],[-53.588,-16.1655],[-53.5895,-16.1827],[-53.605,-16.1895],[-53.6119,-16.2071],[-53.6024,-16.2231],[-53.6164,-16.2281],[-53.6609,-16.2111],[-53.662,-16.2036],[-53.6722,-16.2055],[-53.6741,-16.194],[-53.7013,-16.1948],[-53.6977,-16.1873],[-53.7263,-16.1889],[-53.7325,-16.1961],[-53.7635,-16.2015],[-53.7728,-16.1985],[-53.8044,-16.21],[-53.8266,-16.2031],[-53.8357,-16.1918],[-53.8479,-16.1947],[-53.8563,-16.1883],[-53.8878,-16.1902],[-53.9082,-16.2013],[-53.9238,-16.1964],[-53.9418,-16.2072],[-53.9415,-16.2126],[-53.9169,-16.2542],[-53.9443,-16.2669],[-53.9389,-16.2754],[-53.9516,-16.3108],[-53.9425,-16.3236],[-53.9425,-16.3407],[-53.9567,-16.3626],[-53.967,-16.359],[-54.0275,-16.3715],[-54.032,-16.3553],[-54.039,-16.3602],[-54.047,-16.3511],[-54.0655,-16.3528],[-54.0655,-16.3344],[-54.0951,-16.3189],[-54.1131,-16.3162],[-54.1172,-16.3217],[-54.1292,-16.3093],[-54.1466,-16.3067],[-54.1497,-16.2997],[-54.1702,-16.3039],[-54.1834,-16.2952],[-54.1887,-16.3076],[-54.2005,-16.3091],[-54.2163,-16.3261],[-54.227,-16.323],[-54.2199,-16.3469],[-54.2239,-16.3598],[-54.2062,-16.3684],[-54.1704,-16.3603],[-54.1639,-16.3696],[-54.166,-16.3946],[-54.1973,-16.4052],[-54.2204,-16.4369],[-54.2065,-16.45],[-54.2081,-16.4719],[-54.2246,-16.4796],[-54.2367,-16.4764],[-54.2365,-16.4872],[-54.2192,-16.4996],[-54.2094,-16.492],[-54.168,-16.5057]]]}},{"type":"Feature","properties":{"code":"5104500","name":"Indiavaí"},"geometry":{"type":"Polygon","coordinates":[[[-58.6965,-15.3136],[-58.6816,-15.3201],[-58.6551,-15.349],[-58.6419,-15.3896],[-58.6301,-15.3997],[-58.6329,-15.4035],[-58.6074,-15.4541],[-58.5982,-15.4984],[-58.5815,-15.5098],[-58.4843,-15.515],[-58.486,-15.506],[-58.4751,-15.4982],[-58.4656,-15.4626],[-58.4806,-15.464],[-58.4919,-15.4054],[-58.4843,-15.3935],[-58.4913,-15.3497],[-58.5393,-15.3573],[-58.5357,-15.304],[-58.5387,-15.2838],[-58.551,-15.2703],[-58.5467,-15.23],[-58.5572,-15.2071],[-58.5492,-15.1734],[-58.5522,-15.1615],[-58.6013,-15.2182],[-58.6103,-15.2072],[-58.6306,-15.2002],[-58.631,-15.1923],[-58.6488,-15.1793],[-58.676,-15.1815],[-58.6868,-15.163],[-58.704,-15.1551],[-58.726,-15.1556],[-58.722,-15.1653],[-58.7286,-15.1748],[-58.7283,-15.2461],[-58.6965,-15.3136]]]}},{"type":"Feature","properties":{"code":"5104526","name":"Ipiranga do Norte"},"geometry":{"type":"Polygon","coordinates":[[[-56.0597,-12.4286],[-56.0511,-12.4242],[-56.0612,-12.3995],[-56.0564,-12.3929],[-56.0424,-12.3995],[-56.0489,-12.3831],[-56.0393,-12.3829],[-56.017,-12.3668],[-56.0214,-12.3564],[-56.0112,-12.3169],[-56.0039,-12.3196],[-55.9958,-12.302],[-55.9879,-12.3098],[-55.9575,-12.2836],[-55.9604,-12.2762],[-55.9507,-12.2707],[-55.9516,-12.2603],[-55.9287,-12.2359],[-55.9177,-12.2354],[-55.9242,-12.2233],[-55.9181,-12.2136],[-55.9045,-12.209],[-55.9136,-12.2009],[-55.9089,-12.196],[-55.9001,-12.2059],[-55.8924,-12.2026],[-55.8961,-12.1842],[-55.9021,-12.1829],[-55.9034,-12.1617],[-55.896,-12.1509],[-55.9032,-12.1384],[-55.8872,-12.14],[-55.8898,-12.1278],[-55.9031,-12.1275],[-55.8973,-12.113],[-55.9034,-12.0915],[-55.9104,-12.088],[-55.8982,-12.0778],[-55.9113,-12.0601],[-55.9016,-12.0359],[-55.9086,-12.0337],[-55.9013,-12.0177],[-55.9074,-12.0112],[-55.8875,-11.9868],[-55.8925,-11.969],[-55.8797,-11.9545],[-55.8884,-11.9388],[-55.8918,-11.9126],[-55.8789,-11.9122],[-55.8765,-11.8707],[-55.8602,-11.8623],[-55.865,-11.8536],[-55.8556,-11.845],[-55.8447,-11.8504],[-55.8367,-11.8403],[-55.8389,-11.8259],[-55.8319,-11.8092],[-55.8235,-11.8055],[-55.8394,-11.797],[-55.8413,-11.7816],[-55.836,-11.7793],[-55.8298,-11.7867],[-55.8241,-11.781],[-55.8273,-11.7519],[-55.8167,-11.7412],[-55.8109,-11.7505],[-55.8011,-11.7495],[-55.8002,-11.7396],[-55.7827,-11.7382],[-55.7605,-11.7216],[-55.7458,-11.7343],[-55.7325,-11.7319],[-55.7393,-11.722],[-55.7351,-11.7088],[-55.7469,-11.6881],[-55.7342,-11.6826],[-55.7191,-11.6951],[-55.7109,-11.6855],[-55.712,-11.6699],[-55.6999,-11.6632],[-55.7038,-11.6531],[-55.754,-11.6498],[-55.7468,-11.6054],[-55.7692,-11.5984],[-55.782,-11.5632],[-55.7976,-11.547],[-55.7972,-11.5253],[-55.8138,-11.4975],[-55.7979,-11.4642],[-55.7914,-11.458],[-55.779,-11.4584],[-55.7801,-11.446],[-55.7919,-11.4462],[-55.8273,-11.4801],[-55.8411,-11.5569],[-55.8621,-11.5793],[-55.8846,-11.586],[-55.9125,-11.6061],[-55.9294,-11.6092],[-55.9431,-11.5897],[-55.9583,-11.5921],[-55.9664,-11.6215],[-55.9788,-11.6359],[-55.9987,-11.6435],[-56.0156,-11.669],[-56.0777,-11.6964],[-56.076,-11.7216],[-56.0989,-11.7447],[-56.1058,-11.8001],[-56.0995,-11.8251],[-56.1285,-11.8355],[-56.1581,-11.8582],[-56.153,-11.9014],[-56.1621,-11.9076],[-56.194,-11.9088],[-56.211,-11.9181],[-56.2139,-11.9395],[-56.2408,-11.9541],[-56.2583,-12.0053],[-56.3224,-12.1128],[-56.3153,-12.1441],[-56.3366,-12.1495],[-56.389,-12.1846],[-56.4036,-12.1969],[-56.4107,-12.2171],[-56.4153,-12.2478],[-56.3917,-12.2549],[-56.3884,-12.2618],[-56.3566,-12.2661],[-56.3298,-12.3271],[-56.2817,-12.3648],[-56.2794,-12.3796],[-56.2528,-12.4116],[-56.2442,-12.4415],[-56.19,-12.382],[-56.1737,-12.3981],[-56.1353,-12.4063],[-56.1322,-12.4012],[-56.1213,-12.4026],[-56.1207,-12.4284],[-56.1064,-12.435],[-56.0828,-12.4243],[-56.0597,-12.4286]]]}},{"type":"Feature","properties":{"code":"5104542","name":"Itanhangá"},"geometry":{"type":"Polygon","coordinates":[[[-56.9562,-12.2992],[-56.9543,-12.2888],[-56.9334,-12.2889],[-56.9082,-12.3247],[-56.8787,-12.3402],[-56.8466,-12.3717],[-56.8174,-12.3662],[-56.8058,-12.374],[-56.7888,-12.3678],[-56.7626,-12.3417],[-56.6863,-12.3183],[-56.6305,-12.353],[-56.6358,-12.3591],[-56.6267,-12.3675],[-56.6081,-12.3564],[-56.6056,-12.3432],[-56.5944,-12.3357],[-56.5771,-12.3388],[-56.5668,-12.3491],[-56.5434,-12.3431],[-56.529,-12.3482],[-56.5133,-12.3294],[-56.4803,-12.3216],[-56.4669,-12.312],[-56.4153,-12.2478],[-56.4036,-12.1969],[-56.389,-12.1846],[-56.3992,-12.1607],[-56.4071,-12.0947],[-56.4364,-12.0561],[-56.4453,-12.0533],[-56.4472,-12.03],[-56.4623,-12.0207],[-56.4548,-12.0042],[-56.4613,-11.9953],[-56.5032,-11.9807],[-56.5434,-11.9879],[-56.5667,-11.9609],[-56.5824,-11.9576],[-56.5957,-11.9727],[-56.613,-11.9685],[-56.6352,-11.9756],[-56.6397,-11.9902],[-56.6624,-11.985],[-56.6887,-11.9886],[-56.7173,-11.9756],[-56.752,-11.9397],[-56.7773,-11.9346],[-56.7869,-11.9138],[-56.8224,-11.916],[-56.8335,-11.9264],[-56.8904,-11.9184],[-56.9587,-11.9597],[-56.9797,-11.9558],[-57.0441,-11.9707],[-57.0642,-11.9612],[-57.0756,-11.9752],[-57.0892,-11.9775],[-57.1074,-11.9985],[-57.1449,-12.0067],[-57.1347,-12.0231],[-57.136,-12.0455],[-57.124,-12.0686],[-57.1063,-12.0821],[-57.0686,-12.1593],[-57.0759,-12.1846],[-57.0581,-12.1916],[-57.0467,-12.2052],[-57.0457,-12.2245],[-57.0368,-12.23],[-57.0403,-12.2555],[-57.0222,-12.2656],[-57.0078,-12.2836],[-56.9794,-12.2927],[-56.9749,-12.3018],[-56.9614,-12.295],[-56.9562,-12.2992]]]}},{"type":"Feature","properties":{"code":"5104559","name":"Itaúba"},"geometry":{"type":"Polygon","coordinates":[[[-54.9217,-11.1759],[-54.915,-11.1431],[-54.9213,-11.1324],[-54.9192,-11.1069],[-54.9428,-11.0778],[-54.9469,-11.0575],[-54.9421,-11.0363],[-54.9897,-11.0144],[-55.0207,-11.0255],[-55.0474,-11.0032],[-55.0757,-11.0056],[-55.0867,-10.9986],[-55.0988,-10.9765],[-55.2165,-10.9224],[-55.2781,-10.9325],[-55.2949,-10.9153],[-55.2962,-10.9042],[-55.2742,-10.8747],[-55.3936,-10.9236],[-55.4109,-10.9552],[-55.4306,-10.9714],[-55.4459,-11.0135],[-55.4821,-10.9996],[-55.5129,-11.0176],[-55.5227,-11.0154],[-55.5275,-11.0061],[-55.5315,-10.9807],[-55.5489,-10.9592],[-55.5596,-10.9571],[-55.5943,-10.9655],[-55.6045,-10.9586],[-55.6351,-10.9671],[-55.6421,-10.9537],[-55.6496,-10.9541],[-55.6626,-10.9829],[-55.6801,-10.9823],[-55.6826,-10.974],[-55.6914,-10.972],[-55.6955,-10.9804],[-55.7053,-10.9819],[-55.7126,-10.9728],[-55.7375,-10.975],[-55.7617,-10.9687],[-55.7647,-10.9856],[-55.789,-10.9815],[-55.8077,-10.9684],[-55.8251,-10.9835],[-55.8506,-10.9827],[-55.8581,-10.9658],[-55.8459,-10.9505],[-55.8502,-10.9305],[-55.8406,-10.8964],[-55.8649,-10.8998],[-55.8829,-10.8732],[-55.9033,-10.8633],[-55.9083,-10.8508],[-55.9402,-10.9027],[-56.0784,-10.9612],[-56.1207,-10.9859],[-56.1365,-11.0053],[-56.167,-11.0215],[-56.184,-11.0421],[-56.22,-11.0351],[-56.2427,-11.0389],[-56.2753,-11.0679],[-56.312,-11.0705],[-56.321,-11.0927],[-56.1138,-11.1735],[-56.074,-11.172],[-56.0413,-11.2042],[-56.0057,-11.2131],[-55.9943,-11.2323],[-55.9752,-11.2315],[-55.9581,-11.2449],[-55.924,-11.2443],[-55.8767,-11.2782],[-55.8401,-11.2882],[-55.8359,-11.311],[-55.7982,-11.3091],[-55.7532,-11.3303],[-55.7481,-11.3207],[-55.7224,-11.3166],[-55.6926,-11.2994],[-55.671,-11.298],[-55.6417,-11.3098],[-55.618,-11.3098],[-55.6165,-11.321],[-55.5907,-11.359],[-55.5516,-11.3875],[-55.512,-11.4048],[-55.4939,-11.3805],[-55.464,-11.3622],[-55.4676,-11.3186],[-55.4458,-11.2781],[-55.453,-11.2743],[-55.4491,-11.2573],[-55.4535,-11.233],[-55.438,-11.1994],[-55.3818,-11.1461],[-55.3288,-11.1948],[-55.3227,-11.2109],[-55.3225,-11.2485],[-55.2834,-11.2782],[-55.2282,-11.2805],[-55.2279,-11.3097],[-55.2043,-11.303],[-55.1946,-11.2846],[-55.1776,-11.2754],[-55.1724,-11.2365],[-55.1499,-11.188],[-55.1057,-11.2124],[-55.0777,-11.2065],[-55.0569,-11.2096],[-55.0206,-11.1861],[-54.9669,-11.17],[-54.9217,-11.1759]]]}},{"type":"Feature","properties":{"code":"5104609","name":"Itiquira"},"geometry":{"type":"Polygon","coordinates":[[[-55.1706,-17.6408],[-55.1273,-17.6527],[-55.1139,-17.644],[-55.1114,-17.6312],[-55.1043,-17.6285],[-55.0934,-17.636],[-55.0726,-17.6316],[-55.0625,-17.6391],[-55.0117,-17.6311],[-54.9959,-17.6385],[-54.9849,-17.6241],[-54.9434,-17.609],[-54.9143,-17.6085],[-54.9022,-17.6116],[-54.897,-17.6203],[-54.8806,-17.6169],[-54.8609,-17.6239],[-54.8516,-17.613],[-54.825,-17.6097],[-54.8008,-17.5826],[-54.7588,-17.5657],[-54.7622,-17.5544],[-54.7469,-17.5199],[-54.7205,-17.5187],[-54.6901,-17.5032],[-54.6813,-17.5069],[-54.6567,-17.4969],[-54.6564,-17.4914],[-54.6361,-17.4957],[-54.6074,-17.4871],[-54.5833,-17.469],[-54.5542,-17.4887],[-54.5363,-17.4776],[-54.5023,-17.4807],[-54.4847,-17.4891],[-54.4742,-17.498],[-54.4776,-17.5135],[-54.4687,-17.5272],[-54.4263,-17.537],[-54.4054,-17.5552],[-54.4061,-17.5622],[-54.3829,-17.5715],[-54.3859,-17.5814],[-54.3771,-17.6074],[-54.3878,-17.6319],[-54.3388,-17.6605],[-54.3024,-17.6617],[-54.292,-17.653],[-54.2745,-17.654],[-54.2517,-17.6412],[-54.2437,-17.6289],[-54.1788,-17.6029],[-54.1574,-17.605],[-54.1467,-17.615],[-54.1413,-17.6107],[-54.1342,-17.6187],[-54.0995,-17.6131],[-54.0847,-17.619],[-54.0733,-17.5878],[-54.0516,-17.5628],[-54.0459,-17.5372],[-54.0581,-17.5131],[-54.0412,-17.5005],[-54.0376,-17.4864],[-54.0233,-17.4771],[-53.9731,-17.4722],[-53.9713,-17.4658],[-53.9522,-17.4593],[-53.8784,-17.3752],[-53.8313,-17.355],[-53.8352,-17.3392],[-53.8201,-17.2946],[-53.7857,-17.2875],[-53.7591,-17.2431],[-53.747,-17.2426],[-53.7365,-17.2322],[-53.7051,-17.2282],[-53.6801,-17.2541],[-53.6831,-17.2255],[-53.7214,-17.1893],[-53.7392,-17.1926],[-53.7776,-17.1808],[-53.7963,-17.1679],[-53.8085,-17.1473],[-53.8305,-17.1471],[-53.8491,-17.1333],[-53.8734,-17.1304],[-53.8853,-17.1206],[-53.9187,-17.1514],[-53.9336,-17.151],[-53.9331,-17.159],[-53.9492,-17.1518],[-53.9512,-17.14],[-53.9338,-17.1148],[-53.929,-17.0945],[-53.944,-17.0558],[-53.9693,-17.0274],[-53.9779,-17.029],[-53.9742,-17.0113],[-53.982,-17.0015],[-53.9814,-16.9814],[-53.9749,-16.9752],[-54.0169,-16.9335],[-54.1575,-17.0447],[-54.1796,-17.027],[-54.1918,-17.0321],[-54.2198,-17.0682],[-54.2698,-17.0697],[-54.2908,-17.0923],[-54.3083,-17.086],[-54.3168,-17.0914],[-54.3565,-17.0886],[-54.3772,-17.0994],[-54.3977,-17.0967],[-54.4185,-17.1058],[-54.4444,-17.103],[-54.4683,-17.1118],[-54.5321,-17.0789],[-54.5662,-17.0731],[-54.6457,-17.1004],[-54.6887,-17.0829],[-54.7241,-17.04],[-54.8412,-17.0729],[-54.8684,-17.0773],[-54.8903,-17.0726],[-54.9133,-17.0866],[-54.9341,-17.0856],[-54.9472,-17.1075],[-54.9894,-17.1166],[-55.0245,-17.1033],[-55.0566,-17.1208],[-55.0605,-17.1299],[-55.0791,-17.1341],[-55.0836,-17.1446],[-55.0955,-17.1494],[-55.1161,-17.1849],[-55.1275,-17.1851],[-55.1363,-17.196],[-55.1479,-17.1907],[-55.1841,-17.2099],[-55.1817,-17.2232],[-55.1909,-17.2247],[-55.2092,-17.2466],[-55.2055,-17.2635],[-55.2495,-17.2823],[-55.2495,-17.2911],[-55.2601,-17.2965],[-55.2654,-17.2894],[-55.2799,-17.2953],[-55.3006,-17.2904],[-55.3037,-17.3172],[-55.3128,-17.3288],[-55.3538,-17.339],[-55.3609,-17.3603],[-55.3687,-17.3639],[-55.3769,-17.3573],[-55.4067,-17.3571],[-55.4196,-17.3586],[-55.4336,-17.3713],[-55.4691,-17.3471],[-55.4858,-17.3503],[-55.5255,-17.3386],[-55.531,-17.3283],[-55.548,-17.3376],[-55.5617,-17.3365],[-55.5628,-17.3442],[-55.579,-17.3543],[-55.5907,-17.3522],[-55.6028,-17.3674],[-55.5856,-17.3736],[-55.5886,-17.4138],[-55.5749,-17.4347],[-55.5562,-17.4434],[-55.5574,-17.4519],[-55.5427,-17.4565],[-55.525,-17.4785],[-55.4976,-17.4865],[-55.483,-17.4787],[-55.4654,-17.4869],[-55.4539,-17.5077],[-55.4052,-17.5124],[-55.3719,-17.5227],[-55.3538,-17.5316],[-55.3483,-17.5469],[-55.3316,-17.5493],[-55.2997,-17.5412],[-55.2808,-17.563],[-55.2751,-17.5588],[-55.2631,-17.5648],[-55.2453,-17.6004],[-55.2319,-17.5956],[-55.2181,-17.6075],[-55.2215,-17.6171],[-55.2048,-17.6138],[-55.1741,-17.6306],[-55.1706,-17.6408]]]}},{"type":"Feature","properties":{"code":"5104807","name":"Jaciara"},"geometry":{"type":"Polygon","coordinates":[[[-54.9124,-15.9829],[-54.9204,-15.964],[-54.9335,-15.9522],[-54.9417,-15.9499],[-54.9503,-15.9563],[-54.953,-15.9382],[-54.9433,-15.938],[-54.9521,-15.9177],[-54.9425,-15.9077],[-54.9423,-15.8976],[-54.9554,-15.8865],[-54.9543,-15.8655],[-54.9624,-15.8392],[-54.9568,-15.8374],[-54.9595,-15.8256],[-54.9548,-15.8206],[-54.9705,-15.8053],[-54.9692,-15.7969],[-54.9598,-15.7923],[-54.9631,-15.7763],[-54.9804,-15.7702],[-55.0021,-15.7734],[-55.0235,-15.7615],[-55.0149,-15.7578],[-55.0118,-15.7472],[-55.0144,-15.7317],[-55.004,-15.7046],[-55.0122,-15.6976],[-55.002,-15.6872],[-55.0053,-15.6715],[-54.9856,-15.6674],[-54.9844,-15.6421],[-54.9753,-15.6341],[-54.9798,-15.6171],[-54.9852,-15.6128],[-55.0194,-15.6191],[-55.0285,-15.6046],[-55.048,-15.61],[-55.0673,-15.6021],[-55.0843,-15.6101],[-55.0904,-15.6587],[-55.0969,-15.6664],[-55.1301,-15.6883],[-55.1932,-15.7065],[-55.2421,-15.7406],[-55.2484,-15.776],[-55.3031,-15.8975],[-55.3191,-15.8732],[-55.3277,-15.8814],[-55.3828,-15.883],[-55.3892,-15.9008],[-55.3979,-15.9114],[-55.4035,-15.908],[-55.4055,-15.9199],[-55.4196,-15.9311],[-55.4262,-15.9425],[-55.4174,-15.9514],[-55.4277,-15.9542],[-55.4333,-15.9657],[-55.4061,-15.9867],[-55.3793,-15.9883],[-55.3933,-16.0025],[-55.386,-16.0173],[-55.3749,-16.0175],[-55.3785,-16.0294],[-55.36,-16.0233],[-55.3489,-16.0325],[-55.3714,-16.04],[-55.368,-16.0642],[-55.3763,-16.0792],[-55.3699,-16.086],[-55.3741,-16.1008],[-55.365,-16.1068],[-55.3743,-16.1148],[-55.3816,-16.1098],[-55.404,-16.1192],[-55.4069,-16.1367],[-55.4322,-16.1469],[-55.4382,-16.1625],[-55.4582,-16.1684],[-55.4916,-16.1958],[-55.5076,-16.2285],[-55.5224,-16.2379],[-55.5366,-16.235],[-55.5408,-16.2439],[-55.526,-16.2417],[-55.5285,-16.2542],[-55.5184,-16.2601],[-55.5191,-16.309],[-55.4818,-16.2925],[-55.4771,-16.2817],[-55.4693,-16.2875],[-55.4783,-16.3126],[-55.4532,-16.3041],[-55.4467,-16.3093],[-55.4162,-16.3067],[-55.4208,-16.3135],[-55.3908,-16.3147],[-55.3789,-16.3308],[-55.3708,-16.325],[-55.3691,-16.3115],[-55.3505,-16.317],[-55.3374,-16.3016],[-55.3239,-16.2999],[-55.2926,-16.262],[-55.285,-16.2176],[-55.2702,-16.1963],[-55.2728,-16.1871],[-55.2465,-16.1663],[-55.2226,-16.1564],[-55.2188,-16.1618],[-55.1636,-16.1396],[-55.1646,-16.1325],[-55.1228,-16.0966],[-55.0873,-16.0892],[-55.051,-16.0984],[-55.0216,-16.0922],[-54.9746,-16.1016],[-54.9508,-16.1195],[-54.9345,-16.1029],[-54.94,-16.095],[-54.9307,-16.0767],[-54.9348,-16.071],[-54.9248,-16.0614],[-54.9423,-16.0446],[-54.9381,-16.0195],[-54.9457,-16.0126],[-54.9418,-16.001],[-54.9241,-15.9982],[-54.9124,-15.9829]]]}},{"type":"Feature","properties":{"code":"5104906","name":"Jangada"},"geometry":{"type":"Polygon","coordinates":[[[-56.3555,-15.4123],[-56.3902,-15.3933],[-56.4098,-15.3643],[-56.4314,-15.3187],[-56.4355,-15.288],[-56.4514,-15.2679],[-56.4434,-15.2395],[-56.4237,-15.2141],[-56.4066,-15.2218],[-56.3915,-15.2102],[-56.39,-15.2034],[-56.406,-15.1867],[-56.4097,-15.1616],[-56.4223,-15.157],[-56.4327,-15.161],[-56.4848,-15.1192],[-56.4983,-15.1219],[-56.5178,-15.1364],[-56.5405,-15.1378],[-56.5555,-15.1632],[-56.5726,-15.1689],[-56.5807,-15.2041],[-56.593,-15.2263],[-56.6098,-15.2397],[-56.6502,-15.2322],[-56.6739,-15.2543],[-56.6854,-15.2773],[-56.7092,-15.2819],[-56.7594,-15.3421],[-56.8943,-15.4693],[-56.9446,-15.5365],[-56.937,-15.5407],[-56.9231,-15.5283],[-56.9168,-15.5325],[-56.8659,-15.4675],[-56.782,-15.3953],[-56.7719,-15.4103],[-56.7611,-15.4081],[-56.7455,-15.4165],[-56.7351,-15.4035],[-56.7256,-15.4098],[-56.7008,-15.4082],[-56.687,-15.4274],[-56.6774,-15.4242],[-56.6568,-15.4309],[-56.6516,-15.442],[-56.6666,-15.4525],[-56.683,-15.4792],[-56.5608,-15.4807],[-56.5653,-15.4907],[-56.5553,-15.5031],[-56.5587,-15.5172],[-56.5472,-15.5247],[-56.536,-15.5156],[-56.5027,-15.5105],[-56.4569,-15.4495],[-56.4292,-15.4344],[-56.4172,-15.4387],[-56.4003,-15.4331],[-56.3865,-15.4125],[-56.3555,-15.4123]]]}},{"type":"Feature","properties":{"code":"5105002","name":"Jauru"},"geometry":{"type":"Polygon","coordinates":[[[-58.8542,-15.0001],[-58.8827,-15.0178],[-58.8827,-15.0471],[-58.8739,-15.0632],[-58.883,-15.1576],[-58.8984,-15.1559],[-58.9099,-15.1678],[-58.9182,-15.1644],[-58.936,-15.1722],[-58.9589,-15.183],[-58.9616,-15.1922],[-58.9379,-15.2095],[-58.9244,-15.2092],[-58.9336,-15.2234],[-58.9258,-15.2426],[-58.9258,-15.2744],[-58.9343,-15.2785],[-58.9421,-15.2966],[-58.9797,-15.3123],[-58.9847,-15.3211],[-59.0032,-15.3174],[-59.0247,-15.3236],[-59.0029,-15.3648],[-59.0091,-15.3947],[-59.0186,-15.3981],[-59.0131,-15.4183],[-59.0289,-15.4244],[-59.0299,-15.434],[-59.0583,-15.4587],[-59.0873,-15.4484],[-59.0932,-15.4526],[-59.0878,-15.4777],[-59.0232,-15.4978],[-59.0075,-15.5353],[-58.9798,-15.5471],[-58.9474,-15.5731],[-58.896,-15.5952],[-58.8567,-15.6004],[-58.8595,-15.5833],[-58.8699,-15.5689],[-58.8576,-15.5383],[-58.862,-15.524],[-58.8556,-15.4965],[-58.8373,-15.4876],[-58.8299,-15.4735],[-58.8002,-15.4543],[-58.7701,-15.4504],[-58.7884,-15.3768],[-58.7598,-15.3536],[-58.7421,-15.368],[-58.7333,-15.3621],[-58.7353,-15.3459],[-58.7545,-15.3166],[-58.7504,-15.2945],[-58.7199,-15.3243],[-58.7033,-15.3252],[-58.6965,-15.3136],[-58.7283,-15.2461],[-58.7286,-15.1748],[-58.722,-15.1653],[-58.7324,-15.1451],[-58.7297,-15.1323],[-58.7406,-15.101],[-58.7352,-15.092],[-58.7413,-15.0891],[-58.7529,-15.0472],[-58.7221,-15.0235],[-58.7223,-15.0],[-58.8542,-15.0001]]]}},{"type":"Feature","properties":{"code":"5105101","name":"Juara"},"geometry":{"type":"Polygon","coordinates":[[[-57.4081,-11.4939],[-57.4104,-11.4786],[-57.4414,-11.4609],[-57.4416,-11.4411],[-57.4758,-11.4232],[-57.471,-11.4095],[-57.5159,-11.3724],[-57.5245,-11.3557],[-57.5519,-11.3525],[-57.5547,-11.3215],[-57.5368,-11.3146],[-57.5241,-11.3178],[-57.493,-11.2951],[-57.4818,-11.2977],[-57.465,-11.2908],[-57.4343,-11.3003],[-57.4279,-11.2941],[-57.4049,-11.2929],[-57.403,-11.2844],[-57.369,-11.2764],[-57.3581,-11.2625],[-57.345,-11.2623],[-57.3236,-11.2479],[-57.3123,-11.2608],[-57.3144,-11.2666],[-57.2822,-11.2754],[-57.2763,-11.2889],[-57.2477,-11.2918],[-57.2371,-11.3043],[-57.2112,-11.305],[-57.2049,-11.3137],[-57.1865,-11.3164],[-57.1547,-11.3121],[-57.1517,-11.3177],[-57.139,-11.3177],[-57.1147,-11.3092],[-57.0935,-11.283],[-57.0725,-11.2691],[-57.0643,-11.2717],[-57.0473,-11.263],[-57.0686,-11.2363],[-57.0764,-11.2107],[-57.0636,-11.1844],[-57.0491,-11.1791],[-57.0203,-11.1413],[-57.003,-11.134],[-57.0203,-11.103],[-57.0177,-11.0898],[-57.0253,-11.0824],[-57.0258,-11.0552],[-57.0379,-11.0443],[-57.0389,-11.034],[-57.0493,-11.0292],[-57.0509,-11.0146],[-57.0748,-10.994],[-57.0646,-10.9857],[-57.0482,-10.9858],[-57.0544,-10.959],[-57.0444,-10.9579],[-57.0352,-10.9739],[-57.0109,-10.9708],[-57.0074,-10.9815],[-56.9977,-10.9859],[-56.9913,-10.9739],[-56.9719,-10.9766],[-56.9564,-10.9662],[-56.9428,-10.9738],[-56.9322,-10.9719],[-56.9469,-10.9511],[-56.9443,-10.9441],[-56.9214,-10.947],[-56.9182,-10.9592],[-56.8943,-10.9437],[-56.8867,-10.9592],[-56.8809,-10.9609],[-56.868,-10.9488],[-56.8493,-10.9503],[-56.8467,-10.9719],[-56.833,-10.9781],[-56.818,-10.9713],[-56.8083,-10.9733],[-56.8034,-10.9853],[-56.7867,-10.9836],[-56.7825,-10.9615],[-56.7717,-10.9548],[-56.7734,-10.9343],[-56.7618,-10.935],[-56.7381,-10.9036],[-56.7323,-10.8655],[-56.7595,-10.8365],[-56.7822,-10.7989],[-56.8029,-10.7817],[-56.8198,-10.7366],[-56.806,-10.7168],[-56.7993,-10.6522],[-56.7873,-10.6288],[-56.791,-10.5974],[-56.7824,-10.5692],[-56.7499,-10.5397],[-56.7495,-10.5247],[-56.7378,-10.5177],[-56.7351,-10.5083],[-56.7224,-10.5038],[-56.7135,-10.4842],[-56.7215,-10.4731],[-56.7337,-10.4764],[-56.7536,-10.4619],[-56.7628,-10.4486],[-56.7649,-10.4301],[-56.7896,-10.4228],[-56.7905,-10.4086],[-56.808,-10.411],[-56.8049,-10.3911],[-56.8164,-10.3841],[-56.8332,-10.3856],[-56.8502,-10.373],[-56.9283,-10.3717],[-56.9332,-10.3656],[-56.946,-10.3684],[-56.9625,-10.3604],[-56.9792,-10.3606],[-56.981,-10.3341],[-56.9876,-10.3268],[-56.9666,-10.3226],[-56.9636,-10.2844],[-57.0401,-10.3035],[-57.0496,-10.3111],[-57.0754,-10.3035],[-57.0933,-10.3145],[-57.1531,-10.3123],[-57.1623,-10.3254],[-57.2092,-10.2951],[-57.2481,-10.2925],[-57.2783,-10.2709],[-57.2978,-10.2717],[-57.3136,-10.281],[-57.3322,-10.2769],[-57.3511,-10.2863],[-57.3612,-10.2808],[-57.3792,-10.2873],[-57.3846,-10.2783],[-57.4312,-10.2668],[-57.4522,-10.2541],[-57.5,-10.2727],[-57.5307,-10.2717],[-57.5413,-10.277],[-57.5797,-10.2612],[-57.5864,-10.2503],[-57.5996,-10.2495],[-57.5965,-10.2846],[-57.6026,-10.2989],[-57.6361,-10.3052],[-57.646,-10.3134],[-57.6604,-10.3039],[-57.6689,-10.3166],[-57.6754,-10.3129],[-57.681,-10.3185],[-57.683,-10.3456],[-57.7406,-10.353],[-57.773,-10.3756],[-57.7957,-10.3716],[-57.8318,-10.3867],[-57.8488,-10.3848],[-57.8906,-10.4086],[-57.9228,-10.4078],[-58.0015,-10.433],[-58.008,-10.4285],[-58.0074,-10.3973],[-58.0703,-10.3839],[-58.1678,-10.4218],[-58.2046,-10.4085],[-58.2546,-10.4411],[-58.2754,-10.4407],[-58.2934,-10.452],[-58.3001,-10.439],[-58.3377,-10.4091],[-58.338,-10.4382],[-58.3555,-10.4579],[-58.3705,-10.5048],[-58.4095,-10.5421],[-58.4191,-10.5665],[-58.3814,-10.6253],[-58.391,-10.6545],[-58.3694,-10.6963],[-58.3703,-10.7269],[-58.3313,-10.7956],[-58.3528,-10.8713],[-58.3368,-10.9132],[-58.3491,-10.936],[-58.3432,-10.9509],[-58.3181,-10.9723],[-58.3123,-11.0041],[-58.3015,-11.0093],[-58.2875,-11.001],[-58.2775,-11.0087],[-58.2708,-11.0331],[-58.2513,-11.0516],[-58.2547,-11.076],[-58.2489,-11.0901],[-58.2542,-11.0989],[-58.2487,-11.1282],[-58.2763,-11.1637],[-58.2747,-11.1881],[-58.2599,-11.1889],[-58.2447,-11.2045],[-58.2232,-11.2492],[-58.1987,-11.2578],[-58.1952,-11.2668],[-58.2011,-11.2754],[-58.1938,-11.2864],[-58.1841,-11.2891],[-58.1525,-11.2676],[-58.1292,-11.2781],[-58.1334,-11.3564],[-58.1562,-11.4146],[-58.1398,-11.4548],[-58.1779,-11.4884],[-58.1801,-11.4977],[-58.172,-11.5123],[-58.1406,-11.5142],[-58.1229,-11.5694],[-58.0929,-11.5794],[-58.0763,-11.5989],[-58.0819,-11.6245],[-58.0662,-11.6329],[-58.0766,-11.6897],[-58.0458,-11.7116],[-58.0525,-11.7373],[-58.0162,-11.7851],[-58.0,-11.7888],[-57.9752,-11.8076],[-57.9642,-11.8284],[-57.9656,-11.8463],[-57.9494,-11.8663],[-57.9287,-11.8793],[-57.9298,-11.9041],[-57.9084,-11.9156],[-57.9236,-11.9232],[-57.8876,-11.9376],[-57.8966,-11.9509],[-57.8901,-11.9825],[-57.8746,-11.979],[-57.8631,-11.9866],[-57.8715,-12.0054],[-57.8645,-12.0225],[-57.8705,-12.0322],[-57.8707,-12.0803],[-57.8798,-12.0949],[-57.8707,-12.1144],[-57.8425,-12.1162],[-57.8374,-12.1265],[-57.8301,-12.126],[-57.8344,-12.1406],[-57.8297,-12.1463],[-57.8041,-12.1416],[-57.7846,-12.168],[-57.7505,-12.1735],[-57.7407,-12.1847],[-57.7341,-12.2093],[-57.7139,-12.1877],[-57.6792,-12.1696],[-57.6689,-12.1528],[-57.6496,-12.1382],[-57.6389,-12.1394],[-57.6162,-12.1284],[-57.6149,-12.1017],[-57.6051,-12.1014],[-57.5617,-12.0717],[-57.5436,-12.0663],[-57.5049,-12.0868],[-57.4034,-12.1006],[-57.4224,-12.0662],[-57.4085,-12.0207],[-57.4282,-12.0],[-57.4216,-11.9632],[-57.4367,-11.9094],[-57.4287,-11.8908],[-57.4343,-11.8809],[-57.431,-11.8643],[-57.3971,-11.8399],[-57.3921,-11.8225],[-57.3949,-11.793],[-57.4154,-11.7417],[-57.4057,-11.7198],[-57.4132,-11.7143],[-57.4115,-11.7006],[-57.3936,-11.6767],[-57.4102,-11.6553],[-57.3907,-11.6245],[-57.4192,-11.6096],[-57.4193,-11.5991],[-57.3953,-11.5873],[-57.391,-11.5745],[-57.401,-11.5673],[-57.4298,-11.5781],[-57.4429,-11.5636],[-57.4355,-11.5447],[-57.4207,-11.5333],[-57.4081,-11.4939]]]}},{"type":"Feature","properties":{"code":"5105150","name":"Juína"},"geometry":{"type":"Polygon","coordinates":[[[-58.4481,-11.9222],[-58.4331,-11.9108],[-58.4335,-11.857],[-58.4241,-11.8299],[-58.4017,-11.8123],[-58.402,-11.7983],[-58.3936,-11.7923],[-58.3894,-11.7739],[-58.3908,-11.7133],[-58.4031,-11.6576],[-58.4201,-11.628],[-58.4186,-11.6181],[-58.3865,-11.6],[-58.3793,-11.5303],[-58.3354,-11.502],[-58.3333,-11.4735],[-58.3165,-11.4402],[-58.3309,-11.4274],[-58.3399,-11.4068],[-58.3412,-11.3589],[-58.3301,-11.3268],[-58.3457,-11.2963],[-58.3324,-11.2824],[-58.3334,-11.2694],[-58.3771,-11.2614],[-58.3713,-11.2471],[-58.375,-11.2389],[-58.3805,-11.2502],[-58.4586,-11.2541],[-58.4901,-11.2655],[-58.4914,-11.2802],[-58.5089,-11.2906],[-58.5298,-11.297],[-58.5431,-11.29],[-58.5679,-11.3014],[-58.5865,-11.2947],[-58.6486,-11.2475],[-58.8005,-11.1763],[-58.7979,-11.1659],[-58.8324,-11.1191],[-58.839,-11.1001],[-58.8328,-11.0961],[-58.8372,-11.088],[-58.8163,-11.0812],[-58.8157,-11.0692],[-58.8022,-11.055],[-58.8349,-11.0345],[-58.8594,-11.0334],[-58.8606,-11.0187],[-58.8864,-11.0148],[-58.8991,-11.0047],[-58.9272,-11.0105],[-58.9379,-10.9952],[-58.948,-10.9932],[-58.9371,-10.9451],[-58.9275,-10.9303],[-58.9311,-10.9252],[-58.9228,-10.9147],[-58.9369,-10.902],[-58.9433,-10.9151],[-58.9562,-10.8991],[-58.9838,-10.8929],[-58.9986,-10.8807],[-58.9928,-10.8727],[-58.9706,-10.8674],[-58.9565,-10.8682],[-58.9523,-10.8786],[-58.9412,-10.8825],[-58.9392,-10.8657],[-58.868,-10.8364],[-58.8612,-10.8126],[-58.829,-10.8106],[-58.8432,-10.7941],[-58.8627,-10.7973],[-58.9086,-10.7907],[-58.8823,-10.6184],[-58.905,-10.621],[-58.9182,-10.6351],[-58.9207,-10.6739],[-58.9154,-10.7036],[-58.9194,-10.7215],[-58.9323,-10.7361],[-58.9482,-10.7333],[-58.9522,-10.7507],[-58.9944,-10.7751],[-58.9922,-10.7815],[-59.0031,-10.7861],[-59.0487,-10.7725],[-59.1143,-10.8122],[-59.1399,-10.8131],[-59.204,-10.7895],[-59.2275,-10.8013],[-59.2322,-10.7986],[-59.2519,-10.8156],[-59.3289,-10.8137],[-59.3261,-10.7989],[-59.3502,-10.8033],[-59.3508,-10.7944],[-59.3658,-10.8017],[-59.3658,-10.79],[-59.3847,-10.7793],[-59.3938,-10.7625],[-59.3932,-10.7451],[-59.4098,-10.7423],[-59.4264,-10.7486],[-59.4612,-10.7213],[-59.4731,-10.7204],[-59.4919,-10.7417],[-59.5074,-10.7427],[-59.5182,-10.7369],[-59.5155,-10.7311],[-59.5298,-10.7264],[-59.5586,-10.7357],[-59.5901,-10.7327],[-59.6612,-10.7418],[-59.6616,-10.7496],[-59.6736,-10.7585],[-59.6705,-10.7792],[-59.6931,-10.7949],[-59.7139,-10.8041],[-59.7649,-10.8053],[-59.7694,-10.8158],[-59.825,-10.825],[-59.8531,-10.8505],[-59.8834,-10.8578],[-59.9392,-10.8401],[-59.9495,-10.8273],[-59.967,-10.8195],[-59.974,-10.8306],[-59.971,-10.8367],[-59.9886,-10.832],[-59.996,-10.8437],[-60.026,-10.8486],[-60.0338,-10.861],[-60.0749,-10.8765],[-60.134,-10.8811],[-60.162,-10.9045],[-60.2613,-10.9191],[-60.3277,-10.9124],[-60.339,-10.901],[-60.3601,-10.8963],[-60.3619,-10.8758],[-60.4042,-10.8525],[-60.4104,-10.8714],[-60.4291,-10.879],[-60.4365,-10.899],[-60.4488,-10.9072],[-60.4341,-10.932],[-60.4425,-10.9542],[-60.4639,-10.9806],[-60.4384,-11.0238],[-60.4466,-11.0422],[-60.4297,-11.0375],[-60.4115,-11.0468],[-60.4144,-11.0675],[-60.4041,-11.0694],[-60.3916,-11.0938],[-60.3732,-11.0941],[-60.35,-11.1083],[-60.342,-11.0826],[-60.3345,-11.0829],[-60.3012,-11.0572],[-60.2914,-11.0655],[-60.2824,-11.064],[-60.2808,-11.0915],[-60.271,-11.0987],[-60.2652,-11.0937],[-60.2389,-11.0949],[-60.2072,-11.1118],[-60.1915,-11.1141],[-60.1764,-11.0988],[-60.1593,-11.0957],[-60.1462,-11.1041],[-60.1306,-11.1009],[-60.1204,-11.1069],[-60.1127,-11.1025],[-60.0962,-11.1108],[-60.0842,-11.0968],[-60.0667,-11.1255],[-60.0534,-11.1261],[-60.0374,-11.1174],[-60.032,-11.1278],[-60.0194,-11.1291],[-60.0161,-11.1237],[-59.9912,-11.1236],[-59.9869,-11.1145],[-59.9768,-11.1224],[-59.9799,-11.1398],[-59.995,-11.1482],[-59.9959,-11.157],[-59.9876,-11.1711],[-59.964,-11.1891],[-59.9679,-11.1979],[-59.9811,-11.2038],[-59.9797,-11.2395],[-59.9679,-11.2529],[-59.9595,-11.2947],[-59.95,-11.3044],[-59.9271,-11.3113],[-59.9172,-11.3384],[-59.9254,-11.3618],[-59.9206,-11.398],[-59.9344,-11.4237],[-59.942,-11.4228],[-59.9524,-11.4364],[-59.9762,-11.4392],[-59.9854,-11.4693],[-60.0156,-11.4886],[-60.018,-11.496],[-60.0313,-11.497],[-60.0314,-11.5116],[-60.0415,-11.5166],[-60.0575,-11.5421],[-60.0942,-11.5628],[-60.1016,-11.5774],[-60.0944,-11.5859],[-60.1109,-11.5825],[-60.1116,-11.6429],[-60.1179,-11.6458],[-60.1146,-11.6614],[-60.1224,-11.6824],[-60.1175,-11.689],[-60.1217,-11.7121],[-60.1125,-11.7223],[-60.1167,-11.7293],[-60.1074,-11.749],[-60.1124,-11.7593],[-60.1056,-11.7637],[-60.1037,-11.7933],[-60.0969,-11.7953],[-60.1034,-11.8192],[-60.0768,-11.883],[-60.0504,-11.8979],[-60.0069,-11.8947],[-59.9842,-11.9148],[-59.9887,-11.9295],[-59.9804,-11.9416],[-59.987,-11.9601],[-59.9714,-11.9699],[-59.969,-11.9845],[-59.9796,-11.9913],[-59.9672,-12.0026],[-59.9794,-12.0295],[-59.9696,-12.0325],[-59.962,-12.0564],[-59.9293,-12.0785],[-59.923,-12.0947],[-59.9125,-12.0992],[-59.8998,-12.1172],[-59.8996,-12.1663],[-59.9108,-12.1865],[-59.8923,-12.2455],[-59.8868,-12.2451],[-59.7744,-12.341],[-59.7794,-12.3415],[-59.7679,-12.3403],[-59.7464,-12.3275],[-59.7294,-12.3265],[-59.7087,-12.31],[-59.6883,-12.3192],[-59.6612,-12.3085],[-59.654,-12.3155],[-59.6393,-12.3049],[-59.5977,-12.3136],[-59.5921,-12.3028],[-59.568,-12.3071],[-59.5575,-12.2975],[-59.4979,-12.2997],[-59.4839,-12.2873],[-59.4153,-12.2862],[-59.4022,-12.2911],[-59.3804,-12.2859],[-59.3656,-12.2917],[-59.3511,-12.2806],[-59.334,-12.2807],[-59.3124,-12.2888],[-59.2995,-12.2849],[-59.273,-12.2901],[-59.2615,-12.3041],[-59.2477,-12.3097],[-59.2365,-12.3111],[-59.2286,-12.3049],[-59.191,-12.3373],[-59.188,-12.3583],[-59.1816,-12.3559],[-59.1708,-12.3675],[-59.143,-12.3599],[-59.1284,-12.3539],[-59.1262,-12.3367],[-59.1051,-12.3061],[-59.0928,-12.3037],[-59.0704,-12.2735],[-59.0629,-12.2759],[-59.0553,-12.2591],[-59.0167,-12.2422],[-58.9757,-12.235],[-58.9636,-12.2235],[-58.9312,-12.2247],[-58.9185,-12.2159],[-58.8692,-12.2134],[-58.8607,-12.2053],[-58.8379,-12.2032],[-58.8246,-12.1836],[-58.7952,-12.1722],[-58.7881,-12.1581],[-58.7525,-12.1367],[-58.7371,-12.1408],[-58.7095,-12.1194],[-58.6989,-12.1022],[-58.6995,-12.0921],[-58.6836,-12.0955],[-58.673,-12.0658],[-58.6605,-12.0536],[-58.6473,-12.0556],[-58.6268,-12.0449],[-58.6105,-12.0495],[-58.5998,-12.0353],[-58.5867,-12.0371],[-58.5884,-12.0249],[-58.5814,-12.0119],[-58.5608,-12.017],[-58.5496,-12.0058],[-58.553,-11.9919],[-58.545,-11.9865],[-58.5309,-11.9983],[-58.5,-11.9369],[-58.4797,-11.9334],[-58.4602,-11.9189],[-58.4481,-11.9222]]]}},{"type":"Feature","properties":{"code":"5105176","name":"Juruena"},"geometry":{"type":"Polygon","coordinates":[[[-58.3231,-10.1281],[-58.8439,-10.1313],[-58.8463,-10.143],[-58.8331,-10.1626],[-58.8423,-10.174],[-58.8432,-10.191],[-58.8396,-10.1997],[-58.8276,-10.204],[-58.8276,-10.2322],[-58.8192,-10.2559],[-58.7965,-10.2813],[-58.8256,-10.3141],[-58.8429,-10.3562],[-58.8814,-10.3927],[-58.8752,-10.4074],[-58.8784,-10.4205],[-58.8699,-10.4319],[-58.8957,-10.4929],[-58.9063,-10.5484],[-58.9272,-10.5571],[-58.8823,-10.6184],[-58.9086,-10.7907],[-58.8968,-10.7737],[-58.8939,-10.7504],[-58.8672,-10.735],[-58.8428,-10.7345],[-58.8351,-10.7164],[-58.7964,-10.7096],[-58.7959,-10.7035],[-58.7828,-10.7058],[-58.7723,-10.6948],[-58.7447,-10.6943],[-58.7269,-10.6696],[-58.6499,-10.6644],[-58.6484,-10.6523],[-58.6236,-10.6368],[-58.6089,-10.6422],[-58.5814,-10.6254],[-58.5709,-10.6291],[-58.5616,-10.621],[-58.5489,-10.6212],[-58.5343,-10.6365],[-58.5037,-10.6265],[-58.4963,-10.6311],[-58.4841,-10.6126],[-58.4587,-10.5975],[-58.455,-10.5821],[-58.4191,-10.5665],[-58.4095,-10.5421],[-58.3705,-10.5048],[-58.3555,-10.4579],[-58.3342,-10.4253],[-58.3407,-10.402],[-58.3369,-10.3816],[-58.3556,-10.3483],[-58.3593,-10.3],[-58.3577,-10.2671],[-58.3456,-10.2282],[-58.3208,-10.1875],[-58.3231,-10.1281]]]}},{"type":"Feature","properties":{"code":"5105200","name":"Juscimeira"},"geometry":{"type":"Polygon","coordinates":[[[-54.9699,-16.4706],[-54.9782,-16.4545],[-54.9751,-16.4434],[-54.9704,-16.428],[-54.9583,-16.4188],[-54.9597,-16.4107],[-54.9428,-16.4032],[-54.9418,-16.3925],[-54.9363,-16.3907],[-54.9346,-16.3745],[-54.9441,-16.3546],[-54.9365,-16.3418],[-54.94,-16.331],[-54.9195,-16.3083],[-54.9127,-16.3099],[-54.9086,-16.2689],[-54.8753,-16.2689],[-54.8714,-16.2743],[-54.8253,-16.2624],[-54.7904,-16.2058],[-54.7504,-16.1895],[-54.7194,-16.1659],[-54.6937,-16.1719],[-54.6898,-16.1609],[-54.6619,-16.1444],[-54.6582,-16.136],[-54.647,-16.1389],[-54.6368,-16.1296],[-54.5957,-16.1203],[-54.547,-16.0902],[-54.4794,-16.0684],[-54.4744,-16.0411],[-54.4504,-16.0074],[-54.453,-15.9792],[-54.4389,-15.9675],[-54.4574,-15.9417],[-54.4575,-15.922],[-54.5756,-15.8815],[-54.5616,-15.912],[-54.5649,-15.9323],[-54.5805,-15.9351],[-54.5865,-15.9464],[-54.5834,-15.9607],[-54.6107,-15.9811],[-54.7845,-15.9956],[-54.81,-16.0074],[-54.8366,-16.0109],[-54.852,-16.0027],[-54.8675,-16.0149],[-54.8728,-16.0034],[-54.8909,-15.9979],[-54.9172,-16.0304],[-54.9109,-16.035],[-54.9096,-16.0504],[-54.927,-16.0556],[-54.94,-16.095],[-54.9345,-16.1029],[-54.9508,-16.1195],[-54.9746,-16.1016],[-55.0216,-16.0922],[-55.051,-16.0984],[-55.0682,-16.0904],[-55.1017,-16.0914],[-55.1366,-16.1047],[-55.1646,-16.1325],[-55.1636,-16.1396],[-55.2188,-16.1618],[-55.2226,-16.1564],[-55.2553,-16.1726],[-55.2001,-16.4535],[-55.1576,-16.4425],[-55.1168,-16.4491],[-55.0985,-16.4396],[-55.0637,-16.4456],[-55.0345,-16.464],[-55.017,-16.5126],[-55.0076,-16.5158],[-55.0064,-16.5081],[-54.9975,-16.5064],[-54.9984,-16.4905],[-54.9873,-16.4962],[-54.9819,-16.4898],[-54.9906,-16.4776],[-54.9699,-16.4706]]]}},{"type":"Feature","properties":{"code":"5105234","name":"Lambari D'Oeste"},"geometry":{"type":"Polygon","coordinates":[[[-57.894,-15.4578],[-57.8926,-15.4814],[-57.8676,-15.486],[-57.8518,-15.4977],[-57.84,-15.4949],[-57.8322,-15.51],[-57.835,-15.5337],[-57.8438,-15.5418],[-57.8202,-15.5744],[-57.8264,-15.5759],[-57.8291,-15.5879],[-57.8128,-15.6112],[-57.7955,-15.6179],[-57.7832,-15.6403],[-57.7866,-15.6504],[-57.802,-15.6504],[-57.8006,-15.665],[-57.8093,-15.6868],[-57.8127,-15.7179],[-57.7991,-15.7737],[-57.7604,-15.6802],[-57.7487,-15.6884],[-57.7425,-15.7096],[-57.7237,-15.7261],[-57.7093,-15.7192],[-57.7036,-15.7001],[-57.7128,-15.6469],[-57.6969,-15.5992],[-57.7022,-15.5751],[-57.6948,-15.5666],[-57.6958,-15.547],[-57.7078,-15.5191],[-57.7003,-15.5048],[-57.7009,-15.479],[-57.7122,-15.4545],[-57.508,-15.51],[-57.5088,-15.4882],[-57.5196,-15.4634],[-57.5722,-15.4058],[-57.6041,-15.3269],[-57.5988,-15.303],[-57.6057,-15.2565],[-57.6259,-15.1744],[-57.6378,-15.162],[-57.6753,-15.1457],[-57.6801,-15.1495],[-57.6861,-15.1449],[-57.6769,-15.1358],[-57.6852,-15.1315],[-57.7423,-15.1474],[-57.8229,-15.1417],[-57.837,-15.198],[-57.9334,-15.2373],[-57.9608,-15.2214],[-57.966,-15.2347],[-58.0195,-15.2619],[-58.0308,-15.2843],[-58.0381,-15.2825],[-58.0443,-15.2976],[-58.0811,-15.332],[-58.0886,-15.3893],[-58.1035,-15.4063],[-58.0854,-15.3897],[-58.0757,-15.3728],[-58.0696,-15.3761],[-58.051,-15.3609],[-58.0183,-15.3588],[-58.0033,-15.3729],[-57.9852,-15.3783],[-57.9902,-15.3842],[-57.9664,-15.3946],[-57.9726,-15.4254],[-57.9615,-15.4336],[-57.9433,-15.4265],[-57.9259,-15.4292],[-57.9079,-15.4537],[-57.894,-15.4578]]]}},{"type":"Feature","properties":{"code":"5105259","name":"Lucas do Rio Verde"},"geometry":{"type":"Polygon","coordinates":[[[-56.5023,-12.8832],[-56.5287,-12.9233],[-56.5382,-12.9277],[-56.5464,-12.9473],[-56.595,-12.9519],[-56.6334,-12.9638],[-56.6575,-12.9885],[-56.6109,-13.0212],[-56.5936,-13.0213],[-56.5889,-13.0307],[-56.5558,-13.0354],[-56.5308,-13.0279],[-56.5146,-13.0299],[-56.4979,-13.0415],[-56.4599,-13.046],[-56.422,-13.0938],[-56.3869,-13.1123],[-56.3456,-13.1114],[-56.3223,-13.1353],[-56.3035,-13.1637],[-56.3061,-13.1703],[-56.2963,-13.1709],[-56.2936,-13.1932],[-56.2827,-13.1986],[-56.2824,-13.2101],[-56.2332,-13.2534],[-56.2334,-13.2701],[-56.2001,-13.3102],[-56.1975,-13.3179],[-56.2037,-13.3275],[-56.1656,-13.3923],[-56.1523,-13.3922],[-56.1344,-13.4057],[-56.1028,-13.4134],[-56.11,-13.4484],[-56.0677,-13.4549],[-56.0515,-13.433],[-56.0191,-13.4478],[-56.0006,-13.446],[-55.9892,-13.4575],[-55.9772,-13.4534],[-55.977,-13.4192],[-55.9628,-13.3827],[-55.9693,-13.3574],[-55.9674,-13.3304],[-55.9246,-13.3047],[-55.902,-13.2761],[-55.8897,-13.2742],[-55.8792,-13.2566],[-55.8848,-13.2523],[-55.8762,-13.2443],[-55.8847,-13.2347],[-55.8772,-13.2203],[-55.8929,-13.1916],[-55.8797,-13.1612],[-55.8891,-13.1424],[-55.8808,-13.1283],[-55.8863,-13.1278],[-55.8933,-13.0914],[-55.8872,-13.0817],[-55.876,-13.0846],[-55.8743,-13.0776],[-55.8875,-13.073],[-55.8903,-13.0461],[-55.9084,-13.0516],[-55.9064,-13.0059],[-55.9194,-12.9909],[-55.9243,-12.9667],[-55.9375,-12.9511],[-55.9368,-12.9381],[-55.9477,-12.9301],[-55.9481,-12.9166],[-55.9929,-12.8734],[-55.9855,-12.8497],[-55.9951,-12.8502],[-55.9932,-12.8386],[-55.9998,-12.8301],[-55.9918,-12.821],[-55.9983,-12.8161],[-56.0007,-12.7943],[-56.0087,-12.793],[-56.0125,-12.7844],[-56.0119,-12.7732],[-56.0314,-12.7659],[-56.0416,-12.6986],[-56.0519,-12.7039],[-56.0555,-12.6857],[-56.0708,-12.6789],[-56.0838,-12.6931],[-56.0947,-12.6823],[-56.0891,-12.6635],[-56.1167,-12.6382],[-56.1375,-12.6464],[-56.1579,-12.6551],[-56.1799,-12.6896],[-56.1951,-12.6886],[-56.2152,-12.6976],[-56.2305,-12.6912],[-56.2493,-12.7015],[-56.2685,-12.7021],[-56.2853,-12.7166],[-56.3059,-12.7482],[-56.3012,-12.7603],[-56.3344,-12.7773],[-56.3444,-12.8182],[-56.3703,-12.8438],[-56.3794,-12.8805],[-56.3917,-12.8892],[-56.4016,-12.889],[-56.4111,-12.8749],[-56.4182,-12.8489],[-56.4606,-12.901],[-56.5023,-12.8832]]]}},{"type":"Feature","properties":{"code":"5105309","name":"Luciara"},"geometry":{"type":"Polygon","coordinates":[[[-50.6999,-11.3131],[-50.6968,-11.3047],[-50.6713,-11.2867],[-50.656,-11.2402],[-50.6547,-11.215],[-50.662,-11.1995],[-50.6647,-11.1659],[-50.661,-11.1347],[-50.6439,-11.1232],[-50.6348,-11.097],[-50.6199,-11.0876],[-50.6095,-11.0674],[-50.6248,-10.9838],[-50.6202,-10.9689],[-50.6326,-10.9319],[-50.6008,-10.9007],[-50.6,-10.8817],[-50.619,-10.8641],[-50.622,-10.8394],[-50.6117,-10.8215],[-50.6122,-10.8103],[-50.5909,-10.7978],[-50.5706,-10.7525],[-50.591,-10.6806],[-50.6028,-10.6738],[-50.6035,-10.6609],[-50.6155,-10.6582],[-50.6164,-10.6711],[-50.6393,-10.6881],[-50.6586,-10.6842],[-50.6573,-10.673],[-50.6727,-10.6792],[-50.6964,-10.6735],[-50.6986,-10.6508],[-50.7106,-10.6471],[-50.7214,-10.6465],[-50.7284,-10.6547],[-50.7848,-10.6491],[-50.8045,-10.6572],[-50.8239,-10.6747],[-50.8242,-10.6864],[-50.8434,-10.6917],[-50.8331,-10.6996],[-50.8314,-10.7079],[-50.8373,-10.7117],[-50.8566,-10.7045],[-50.8986,-10.7164],[-50.8966,-10.7232],[-50.9162,-10.7335],[-50.9152,-10.7425],[-50.9604,-10.7545],[-50.9709,-10.7746],[-50.9802,-10.7763],[-51.0062,-10.7643],[-51.0082,-10.7807],[-51.0301,-10.7842],[-51.0337,-10.8029],[-51.0283,-10.8146],[-51.0366,-10.8158],[-51.0354,-10.8287],[-51.0473,-10.8369],[-51.0597,-10.8366],[-51.0555,-10.8481],[-51.0685,-10.8619],[-51.0718,-10.8834],[-51.0881,-10.885],[-51.0905,-10.8783],[-51.0999,-10.8878],[-51.1165,-10.8911],[-51.1154,-10.8973],[-51.1378,-10.8988],[-51.1468,-10.9187],[-51.1637,-10.9277],[-51.1866,-10.9222],[-51.1891,-10.9137],[-51.2028,-10.9437],[-51.2284,-10.9464],[-51.2308,-10.9638],[-51.2464,-10.9833],[-51.2631,-10.9853],[-51.2628,-10.9917],[-51.2783,-11.006],[-51.3061,-11.0082],[-51.3231,-11.0183],[-51.3315,-11.006],[-51.3276,-10.9855],[-51.3399,-10.9724],[-51.335,-10.9978],[-51.3392,-11.0023],[-51.3473,-10.9986],[-51.3651,-11.0152],[-51.3921,-11.0116],[-51.4116,-11.0496],[-51.4179,-11.0454],[-51.421,-11.0534],[-51.4417,-11.0573],[-51.4568,-11.0845],[-51.4641,-11.081],[-51.4911,-11.1127],[-51.4992,-11.1328],[-51.5089,-11.1344],[-51.5192,-11.1784],[-50.6999,-11.3131]]]}},{"type":"Feature","properties":{"code":"5105507","name":"Vila Bela da Santíssima Trindade"},"geometry":{"type":"Polygon","coordinates":[[[-60.3831,-13.9929],[-60.4046,-13.9981],[-60.4075,-14.0315],[-60.4282,-14.0501],[-60.4415,-14.0787],[-60.4627,-14.0937],[-60.4716,-14.0893],[-60.4806,-14.0958],[-60.4762,-14.1112],[-60.4845,-14.1148],[-60.4754,-14.1313],[-60.4832,-14.1351],[-60.4742,-14.1497],[-60.4753,-14.1603],[-60.4844,-14.1641],[-60.4931,-14.1882],[-60.485,-14.1937],[-60.4742,-14.191],[-60.4676,-14.2056],[-60.4702,-14.214],[-60.4619,-14.2237],[-60.4659,-14.234],[-60.451,-14.2389],[-60.4496,-14.2501],[-60.4664,-14.2641],[-60.4513,-14.3052],[-60.4536,-14.3141],[-60.4413,-14.3204],[-60.4032,-14.3674],[-60.3944,-14.3693],[-60.3966,-14.3881],[-60.4065,-14.3987],[-60.3943,-14.4222],[-60.4015,-14.4327],[-60.3837,-14.4392],[-60.379,-14.4645],[-60.3617,-14.4711],[-60.3653,-14.489],[-60.3493,-14.4941],[-60.3477,-14.5064],[-60.3396,-14.5104],[-60.3428,-14.5243],[-60.3304,-14.5544],[-60.3231,-14.6105],[-60.2968,-14.6231],[-60.2736,-14.621],[-60.245,-15.0975],[-60.5757,-15.0975],[-60.2395,-15.4746],[-60.1741,-16.2669],[-59.4692,-16.2796],[-59.4522,-16.2676],[-59.4513,-16.2588],[-59.4652,-16.202],[-59.4904,-16.1715],[-59.4865,-16.1567],[-59.4727,-16.1474],[-59.506,-16.1581],[-59.5088,-16.1701],[-59.5603,-16.1807],[-59.5642,-16.1909],[-59.5771,-16.1955],[-59.5963,-16.1791],[-59.6473,-16.1607],[-59.6692,-16.1641],[-59.6906,-16.1335],[-59.7112,-16.1229],[-59.7135,-16.112],[-59.7398,-16.088],[-59.7601,-16.0872],[-59.7624,-16.0482],[-59.7909,-16.0296],[-59.8024,-15.9906],[-59.8166,-15.9801],[-59.8248,-15.9572],[-59.8326,-15.9548],[-59.8462,-15.9671],[-59.8935,-15.9846],[-59.9227,-15.9791],[-59.9419,-15.9477],[-59.9374,-15.931],[-59.9487,-15.9262],[-59.9448,-15.9098],[-59.9553,-15.8991],[-59.9515,-15.8787],[-59.9774,-15.8624],[-59.9703,-15.8344],[-59.9769,-15.8166],[-60.0142,-15.7815],[-60.0033,-15.7435],[-60.0103,-15.7241],[-60.0245,-15.7179],[-60.0326,-15.6992],[-60.0311,-15.6869],[-60.0423,-15.6799],[-60.0483,-15.6368],[-60.0297,-15.5984],[-60.0323,-15.5895],[-60.0242,-15.5695],[-60.0159,-15.5614],[-59.4897,-15.4413],[-59.4324,-15.2272],[-59.4474,-15.2194],[-59.4928,-15.1435],[-59.5391,-15.048],[-59.5655,-15.0174],[-59.5756,-14.9926],[-59.5714,-14.9775],[-59.5534,-14.9781],[-59.5452,-14.9629],[-59.5117,-14.9624],[-59.4776,-14.9832],[-59.4468,-14.9591],[-59.5843,-14.8198],[-59.6451,-14.8189],[-59.6578,-14.8067],[-59.681,-14.7715],[-59.677,-14.7606],[-59.6603,-14.7508],[-59.6613,-14.7446],[-59.6767,-14.7299],[-59.684,-14.7116],[-59.7003,-14.6953],[-59.7096,-14.6942],[-59.7245,-14.671],[-59.7731,-14.6409],[-59.7775,-14.6082],[-59.7984,-14.5877],[-59.7953,-14.5777],[-59.8044,-14.5557],[-59.836,-14.5437],[-59.8455,-14.5133],[-59.8571,-14.5085],[-59.8677,-14.4929],[-59.8987,-14.4981],[-59.9312,-14.4838],[-59.9684,-14.4495],[-59.9776,-14.4263],[-60.0069,-14.4086],[-60.0523,-14.4153],[-60.0737,-14.431],[-60.1275,-14.4222],[-60.1362,-14.4071],[-60.1327,-14.3894],[-60.1427,-14.3862],[-60.1499,-14.3744],[-60.1572,-14.3812],[-60.1656,-14.3798],[-60.1627,-14.3519],[-60.1713,-14.3442],[-60.1722,-14.3167],[-60.19,-14.3208],[-60.1958,-14.2841],[-60.2304,-14.2663],[-60.2263,-14.2561],[-60.2311,-14.2429],[-60.225,-14.2385],[-60.2241,-14.2232],[-60.2371,-14.2249],[-60.2314,-14.2061],[-60.2371,-14.1863],[-60.2496,-14.1833],[-60.2459,-14.1724],[-60.2525,-14.1676],[-60.2661,-14.1714],[-60.2619,-14.163],[-60.2819,-14.1523],[-60.2708,-14.1475],[-60.2726,-14.1367],[-60.2864,-14.1276],[-60.2815,-14.109],[-60.2889,-14.1046],[-60.2879,-14.0954],[-60.3022,-14.0851],[-60.2953,-14.0741],[-60.3056,-14.0713],[-60.3101,-14.0609],[-60.3187,-14.0629],[-60.3309,-14.0323],[-60.3392,-14.0299],[-60.3381,-14.021],[-60.3456,-14.0211],[-60.3491,-14.0102],[-60.3571,-14.0155],[-60.3639,-14.01],[-60.3774,-14.0137],[-60.3831,-13.9929]]]}},{"type":"Feature","properties":{"code":"5105580","name":"Marcelândia"},"geometry":{"type":"Polygon","coordinates":[[[-54.6084,-10.5928],[-54.6151,-10.5966],[-54.6104,-10.6141],[-54.6201,-10.6163],[-54.6208,-10.6261],[-54.633,-10.6294],[-54.628,-10.6519],[-54.6551,-10.6833],[-54.681,-10.6929],[-54.7187,-10.7203],[-54.7201,-10.7397],[-54.7353,-10.7683],[-54.7535,-10.7782],[-54.7513,-10.8055],[-54.7725,-10.8308],[-54.7722,-10.8425],[-54.7822,-10.8514],[-54.7817,-10.8673],[-54.8104,-10.8945],[-54.8356,-10.9005],[-54.8579,-10.9273],[-54.8597,-10.9498],[-54.8937,-10.9685],[-54.7585,-11.05],[-54.7472,-11.0713],[-54.6738,-11.1158],[-54.6206,-11.181],[-54.5861,-11.1901],[-54.5649,-11.2299],[-54.5672,-11.24],[-54.5576,-11.2591],[-54.559,-11.2858],[-54.5452,-11.3017],[-54.5463,-11.32],[-54.5548,-11.3328],[-54.5522,-11.3528],[-54.5297,-11.3913],[-54.5063,-11.4132],[-54.4806,-11.3993],[-54.4722,-11.3841],[-54.4473,-11.3646],[-54.4211,-11.3247],[-54.4227,-11.3122],[-54.3924,-11.3241],[-54.3685,-11.3253],[-54.3639,-11.3197],[-54.352,-11.3422],[-54.338,-11.3535],[-54.3172,-11.3539],[-54.3008,-11.3691],[-54.2693,-11.358],[-54.2266,-11.3278],[-54.2024,-11.3213],[-54.1901,-11.2998],[-54.1776,-11.2942],[-54.1288,-11.3005],[-54.1102,-11.284],[-54.0827,-11.2854],[-54.0635,-11.2701],[-54.0251,-11.2577],[-54.0174,-11.2481],[-53.9975,-11.2539],[-53.9849,-11.2488],[-53.9652,-11.258],[-53.9453,-11.2436],[-53.8859,-11.2425],[-53.8296,-11.255],[-53.8177,-11.2678],[-53.8009,-11.268],[-53.7921,-11.2865],[-53.7792,-11.2898],[-53.777,-11.2685],[-53.7598,-11.2569],[-53.7673,-11.2505],[-53.7642,-11.2418],[-53.7476,-11.234],[-53.7528,-11.2132],[-53.7428,-11.2096],[-53.7266,-11.2166],[-53.7207,-11.2017],[-53.714,-11.2044],[-53.7098,-11.1906],[-53.7168,-11.1845],[-53.7139,-11.1778],[-53.7032,-11.1867],[-53.688,-11.1864],[-53.6738,-11.148],[-53.6621,-11.1424],[-53.6548,-11.1516],[-53.6432,-11.1516],[-53.642,-11.1412],[-53.6219,-11.1263],[-53.5932,-11.1209],[-53.5601,-11.0847],[-53.545,-11.0872],[-53.5282,-11.0814],[-53.522,-11.0949],[-53.5165,-11.095],[-53.4852,-11.0547],[-53.4491,-11.0545],[-53.4362,-11.0484],[-53.3819,-11.0549],[-53.3689,-11.0352],[-53.3743,-11.0207],[-53.3706,-11.0173],[-53.3537,-11.0268],[-53.3261,-11.023],[-53.3218,-11.0116],[-53.3405,-11.0052],[-53.3377,-10.9897],[-53.3241,-10.9605],[-53.2916,-10.9216],[-53.238,-10.8714],[-53.1942,-10.8579],[-53.1631,-10.8589],[-53.1294,-10.8464],[-53.1233,-10.8191],[-53.0991,-10.7871],[-53.0984,-10.7777],[-53.127,-10.774],[-53.3193,-10.6432],[-53.6591,-10.5158],[-53.7375,-10.5401],[-53.7875,-10.5385],[-53.8637,-10.5627],[-53.9193,-10.5662],[-53.9731,-10.5181],[-54.0368,-10.4957],[-54.0776,-10.4503],[-54.097,-10.4463],[-54.1073,-10.4521],[-54.1541,-10.4482],[-54.1745,-10.443],[-54.1797,-10.4358],[-54.2003,-10.4436],[-54.2459,-10.4333],[-54.255,-10.4412],[-54.264,-10.4365],[-54.2722,-10.4479],[-54.3049,-10.4583],[-54.3511,-10.4552],[-54.3767,-10.4701],[-54.4109,-10.5067],[-54.4227,-10.5349],[-54.4431,-10.5452],[-54.4445,-10.5517],[-54.4635,-10.5525],[-54.4832,-10.5674],[-54.5233,-10.5709],[-54.5354,-10.5821],[-54.5353,-10.595],[-54.5544,-10.607],[-54.5831,-10.5963],[-54.5838,-10.6067],[-54.5919,-10.6016],[-54.6003,-10.6094],[-54.6084,-10.5928]]]}},{"type":"Feature","properties":{"code":"5105606","name":"Matupá"},"geometry":{"type":"Polygon","coordinates":[[[-55.1539,-10.2258],[-55.1273,-10.2094],[-55.1326,-10.2041],[-55.146,-10.2068],[-55.1471,-10.1976],[-55.1348,-10.1771],[-55.0969,-10.1804],[-55.0981,-10.171],[-55.1094,-10.1641],[-55.108,-10.1571],[-55.1008,-10.1534],[-55.0789,-10.1584],[-55.0759,-10.1687],[-55.0687,-10.1664],[-55.0738,-10.1527],[-55.0559,-10.1301],[-55.0472,-10.1276],[-55.0341,-10.1344],[-55.0358,-10.1569],[-55.0244,-10.1705],[-55.0098,-10.1671],[-55.0033,-10.1523],[-55.0086,-10.144],[-55.0005,-10.1364],[-54.9826,-10.1362],[-54.9772,-10.1443],[-54.9859,-10.1752],[-54.9831,-10.1919],[-54.9655,-10.2218],[-54.9517,-10.2108],[-54.927,-10.2294],[-54.9164,-10.2483],[-54.8993,-10.231],[-54.8572,-10.2398],[-54.6552,-10.3542],[-54.547,-10.3719],[-54.5254,-10.3899],[-54.5034,-10.3842],[-54.4753,-10.3456],[-54.4632,-10.3386],[-54.4488,-10.3409],[-54.431,-10.3237],[-54.3789,-10.3263],[-54.3744,-10.3316],[-54.3623,-10.3258],[-54.3569,-10.3044],[-54.3412,-10.2839],[-54.3262,-10.2796],[-54.3222,-10.2706],[-54.306,-10.2619],[-54.2986,-10.2632],[-54.2886,-10.2458],[-54.2794,-10.2419],[-54.2449,-10.2578],[-54.2212,-10.242],[-54.2094,-10.2537],[-54.192,-10.256],[-54.176,-10.2447],[-54.1588,-10.2455],[-54.1435,-10.2377],[-54.1269,-10.245],[-54.1142,-10.2422],[-54.0983,-10.2523],[-54.082,-10.2492],[-54.0617,-10.2326],[-54.045,-10.2321],[-54.0348,-10.235],[-54.0243,-10.2537],[-54.013,-10.2476],[-54.0577,-10.2117],[-54.0644,-10.1995],[-54.0901,-10.1887],[-54.094,-10.1691],[-54.1012,-10.163],[-54.1019,-10.1289],[-54.113,-10.0947],[-54.092,-10.0771],[-54.0867,-10.054],[-54.0701,-10.0402],[-54.0695,-10.0292],[-54.0552,-10.0093],[-54.0575,-9.9978],[-54.0296,-9.9842],[-54.0203,-9.9911],[-54.0055,-9.9751],[-53.9978,-9.9345],[-53.9878,-9.9317],[-53.9754,-9.8893],[-53.9594,-9.8859],[-53.9438,-9.8505],[-53.9206,-9.8472],[-53.9029,-9.8549],[-53.9011,-9.8463],[-53.8922,-9.8483],[-53.8862,-9.8408],[-53.8763,-9.845],[-53.866,-9.8382],[-53.8551,-9.8439],[-53.839,-9.8408],[-53.8447,-9.8189],[-53.8348,-9.8036],[-53.8394,-9.7971],[-53.8349,-9.7898],[-53.8085,-9.7946],[-53.8046,-9.8021],[-53.7898,-9.7894],[-53.7947,-9.7855],[-53.7879,-9.7772],[-53.7791,-9.7767],[-53.7829,-9.7688],[-53.7626,-9.7645],[-53.7635,-9.7479],[-53.7515,-9.7431],[-53.7536,-9.7262],[-53.7679,-9.7274],[-53.7612,-9.7103],[-53.7331,-9.7078],[-53.7314,-9.703],[-53.7146,-9.707],[-53.7069,-9.6958],[-53.682,-9.6895],[-53.6775,-9.679],[-53.6592,-9.681],[-53.6389,-9.6584],[-53.6339,-9.6654],[-53.6207,-9.656],[-53.6032,-9.6554],[-53.6018,-9.6357],[-53.6102,-9.6256],[-53.5891,-9.611],[-54.1068,-9.5719],[-54.1072,-9.5809],[-54.1215,-9.5792],[-54.1242,-9.5859],[-54.1367,-9.588],[-54.1424,-9.5999],[-54.137,-9.6462],[-54.15,-9.664],[-54.1502,-9.6754],[-54.1422,-9.7271],[-54.1546,-9.7358],[-54.1612,-9.7542],[-54.1583,-9.7925],[-54.1792,-9.8079],[-54.2201,-9.7999],[-54.2323,-9.8087],[-54.2389,-9.8174],[-54.2377,-9.8317],[-54.2557,-9.8526],[-54.2587,-9.8711],[-54.2703,-9.8778],[-54.2478,-9.8794],[-54.239,-9.8994],[-54.2485,-9.9185],[-54.2407,-9.9352],[-54.2675,-9.9751],[-54.3252,-9.9807],[-54.3314,-9.9748],[-54.3397,-9.9837],[-54.3928,-9.9905],[-54.3965,-9.982],[-54.4198,-9.9953],[-54.4296,-9.9903],[-54.4689,-9.9995],[-54.5216,-9.9902],[-54.5372,-9.9661],[-54.5919,-9.9703],[-54.602,-9.9859],[-54.6388,-9.9815],[-54.6685,-10.0553],[-55.1378,-10.046],[-55.1443,-10.0577],[-55.1613,-10.0666],[-55.152,-10.0819],[-55.1562,-10.0914],[-55.167,-10.0925],[-55.172,-10.1314],[-55.1579,-10.165],[-55.1702,-10.1907],[-55.1763,-10.1941],[-55.1859,-10.1821],[-55.1817,-10.1782],[-55.1855,-10.1654],[-55.2084,-10.1726],[-55.2231,-10.1534],[-55.2422,-10.1461],[-55.2184,-10.2078],[-55.22,-10.2265],[-55.2093,-10.2295],[-55.2016,-10.2075],[-55.1826,-10.2144],[-55.1728,-10.2117],[-55.1539,-10.2258]]]}},{"type":"Feature","properties":{"code":"5105622","name":"Mirassol d'Oeste"},"geometry":{"type":"Polygon","coordinates":[[[-58.1321,-15.8473],[-58.1097,-15.8441],[-58.0912,-15.8197],[-58.0823,-15.8173],[-58.0712,-15.8287],[-58.0533,-15.8285],[-58.0393,-15.821],[-58.0037,-15.8236],[-57.9768,-15.8128],[-57.9437,-15.821],[-57.9357,-15.7973],[-57.9505,-15.79],[-57.9592,-15.7744],[-57.9769,-15.7739],[-57.966,-15.7143],[-57.9356,-15.716],[-57.8899,-15.7502],[-57.8791,-15.7333],[-57.879,-15.7195],[-57.8999,-15.6817],[-57.894,-15.6641],[-57.9041,-15.6505],[-57.9341,-15.6385],[-57.9713,-15.6085],[-57.9879,-15.6038],[-57.9907,-15.5617],[-57.9585,-15.5288],[-57.9417,-15.5491],[-57.9252,-15.5555],[-57.9058,-15.5536],[-57.9035,-15.5399],[-57.9164,-15.5142],[-57.9129,-15.4878],[-57.894,-15.4578],[-57.9079,-15.4537],[-57.9319,-15.4264],[-57.9615,-15.4336],[-57.9726,-15.4254],[-57.9664,-15.3946],[-57.9902,-15.3842],[-57.9852,-15.3783],[-58.0033,-15.3729],[-58.0183,-15.3588],[-58.1583,-15.6949],[-58.1749,-15.7126],[-58.2154,-15.6962],[-58.235,-15.709],[-58.2472,-15.709],[-58.2678,-15.7391],[-58.2665,-15.7697],[-58.2871,-15.8169],[-58.1745,-15.8286],[-58.1321,-15.8473]]]}},{"type":"Feature","properties":{"code":"5105903","name":"Nobres"},"geometry":{"type":"Polygon","coordinates":[[[-56.4244,-14.7426],[-56.4165,-14.7505],[-56.4097,-14.7458],[-56.3678,-14.7645],[-56.3333,-14.7653],[-56.3223,-14.7486],[-56.2866,-14.7681],[-56.2848,-14.7585],[-56.2542,-14.7319],[-56.2621,-14.7224],[-56.251,-14.7125],[-56.2556,-14.705],[-56.2498,-14.6969],[-56.2298,-14.6915],[-56.2307,-14.6827],[-56.218,-14.6716],[-56.205,-14.6679],[-56.1723,-14.6789],[-56.1655,-14.661],[-56.1454,-14.6614],[-56.1384,-14.6521],[-56.1239,-14.6601],[-56.122,-14.671],[-56.1008,-14.6972],[-56.0717,-14.6901],[-56.0635,-14.6936],[-56.0388,-14.6797],[-56.0284,-14.6811],[-56.0152,-14.6654],[-55.9936,-14.6788],[-55.9777,-14.6695],[-55.9654,-14.6777],[-55.9301,-14.6831],[-55.9185,-14.6792],[-55.9175,-14.6673],[-55.9017,-14.6751],[-55.8945,-14.6611],[-55.8729,-14.663],[-55.8637,-14.6572],[-55.8636,-14.6461],[-55.8473,-14.6482],[-55.8319,-14.6178],[-55.8441,-14.6034],[-55.8352,-14.6005],[-55.8498,-14.5813],[-55.8397,-14.5785],[-55.8552,-14.5497],[-55.8256,-14.5155],[-55.782,-14.504],[-55.7744,-14.512],[-55.7541,-14.4856],[-55.7445,-14.4878],[-55.7282,-14.4587],[-55.7148,-14.469],[-55.7052,-14.4567],[-55.6949,-14.4748],[-55.6845,-14.4672],[-55.6819,-14.4496],[-55.6703,-14.4547],[-55.6605,-14.4403],[-55.6522,-14.4477],[-55.6445,-14.4423],[-55.6372,-14.4519],[-55.6243,-14.4384],[-55.6066,-14.4425],[-55.5979,-14.4306],[-55.5718,-14.4263],[-55.5693,-14.4142],[-55.5365,-14.4058],[-55.5351,-14.3888],[-55.5141,-14.3857],[-55.4989,-14.3654],[-55.482,-14.3632],[-55.4794,-14.3538],[-55.4693,-14.3517],[-55.4673,-14.3591],[-55.4592,-14.3573],[-55.4651,-14.3415],[-55.4365,-14.3508],[-55.4312,-14.3224],[-55.4076,-14.3345],[-55.3908,-14.3383],[-55.3714,-14.333],[-55.3669,-14.3389],[-55.3556,-14.327],[-55.3351,-14.3259],[-55.3178,-14.3074],[-55.3132,-14.3152],[-55.3057,-14.3093],[-55.3086,-14.2926],[-55.287,-14.3017],[-55.2375,-14.2926],[-55.2349,-14.286],[-55.2217,-14.2882],[-55.214,-14.2621],[-55.201,-14.2505],[-55.2412,-14.2399],[-55.2543,-14.2489],[-55.2711,-14.2425],[-55.3071,-14.2426],[-55.3065,-14.2366],[-55.3211,-14.2279],[-55.3273,-14.2153],[-55.3474,-14.2062],[-55.3407,-14.1905],[-55.3585,-14.1587],[-55.398,-14.1355],[-55.4091,-14.118],[-55.4338,-14.1058],[-55.4456,-14.0797],[-55.5018,-14.0741],[-55.5511,-14.0218],[-55.606,-14.0057],[-55.6218,-14.0051],[-55.637,-14.0163],[-55.6648,-14.0174],[-55.7116,-14.0686],[-55.7126,-14.1148],[-55.7389,-14.1275],[-55.7723,-14.1291],[-55.7774,-14.1386],[-55.7893,-14.1343],[-55.8163,-14.1422],[-55.8236,-14.1455],[-55.8211,-14.1584],[-55.8473,-14.1507],[-55.8491,-14.1649],[-55.8584,-14.161],[-55.8584,-14.1781],[-55.8839,-14.1764],[-55.8894,-14.1889],[-55.8986,-14.19],[-55.9089,-14.1813],[-55.9246,-14.1976],[-55.9393,-14.1979],[-55.9492,-14.21],[-55.9708,-14.2038],[-56.0286,-14.223],[-56.0177,-14.2451],[-55.9981,-14.2462],[-55.9941,-14.2649],[-55.9779,-14.2685],[-55.9796,-14.3001],[-55.9963,-14.3165],[-55.9929,-14.354],[-56.0415,-14.3966],[-56.0507,-14.4211],[-56.103,-14.4527],[-56.2082,-14.5358],[-56.2233,-14.5564],[-56.2224,-14.5758],[-56.2721,-14.632],[-56.3134,-14.6149],[-56.3564,-14.613],[-56.3935,-14.641],[-56.4085,-14.6443],[-56.435,-14.639],[-56.4404,-14.6294],[-56.4469,-14.6334],[-56.4516,-14.6479],[-56.4784,-14.6643],[-56.4568,-14.6824],[-56.4528,-14.7035],[-56.4589,-14.718],[-56.4507,-14.7366],[-56.4244,-14.7426]]]}},{"type":"Feature","properties":{"code":"5106000","name":"Nortelândia"},"geometry":{"type":"Polygon","coordinates":[[[-56.8873,-14.3609],[-56.8714,-14.3644],[-56.8541,-14.3779],[-56.8485,-14.4106],[-56.8159,-14.4442],[-56.8014,-14.4727],[-56.8089,-14.4859],[-56.7933,-14.5273],[-56.7558,-14.5601],[-56.7632,-14.576],[-56.7535,-14.574],[-56.7448,-14.5835],[-56.7475,-14.5978],[-56.718,-14.6176],[-56.731,-14.6301],[-56.7259,-14.6491],[-56.7083,-14.6251],[-56.6836,-14.6123],[-56.6877,-14.6034],[-56.6616,-14.5853],[-56.6629,-14.5632],[-56.6474,-14.522],[-56.6544,-14.5156],[-56.6518,-14.5059],[-56.5875,-14.471],[-56.5724,-14.4721],[-56.5439,-14.4524],[-56.5459,-14.4127],[-56.5525,-14.393],[-56.563,-14.3875],[-56.5499,-14.3742],[-56.5525,-14.3472],[-56.5751,-14.3352],[-56.5983,-14.339],[-56.6098,-14.3321],[-56.5847,-14.3145],[-56.5661,-14.3119],[-56.5372,-14.2617],[-56.5196,-14.2558],[-56.6046,-14.201],[-56.6179,-14.1997],[-56.6557,-14.2153],[-56.6777,-14.1987],[-56.709,-14.1961],[-56.7302,-14.1705],[-56.715,-14.1562],[-56.7078,-14.1326],[-56.7279,-14.1337],[-56.7689,-14.1507],[-56.8906,-14.148],[-56.9345,-14.1529],[-56.9392,-14.1647],[-56.9517,-14.1723],[-56.9092,-14.1993],[-56.8768,-14.227],[-56.8717,-14.2381],[-56.8759,-14.2462],[-56.8667,-14.2635],[-56.8808,-14.2988],[-56.8791,-14.3522],[-56.8873,-14.3609]]]}},{"type":"Feature","properties":{"code":"5106109","name":"Nossa Senhora do Livramento"},"geometry":{"type":"Polygon","coordinates":[[[-57.0075,-15.8037],[-56.9994,-15.8059],[-56.9908,-15.7969],[-56.9777,-15.7952],[-56.9598,-15.7686],[-56.9469,-15.7721],[-56.9195,-15.7598],[-56.8937,-15.7668],[-56.8954,-15.7766],[-56.8805,-15.7938],[-56.8858,-15.8017],[-56.8701,-15.8005],[-56.8643,-15.8189],[-56.8284,-15.8265],[-56.7883,-15.785],[-56.7829,-15.7933],[-56.7577,-15.7885],[-56.7504,-15.7945],[-56.7531,-15.8013],[-56.737,-15.8056],[-56.448,-15.6977],[-56.4772,-15.7417],[-56.4913,-15.7849],[-56.5137,-15.7932],[-56.5193,-15.8133],[-56.5652,-15.8827],[-56.5557,-15.9119],[-56.5608,-15.9411],[-56.5469,-15.9564],[-56.5092,-15.9719],[-56.4946,-15.9944],[-56.4853,-15.9927],[-56.4541,-16.0148],[-56.3985,-16.0375],[-56.3896,-16.0467],[-56.3922,-16.0638],[-56.3814,-16.0746],[-56.3802,-16.1026],[-56.3843,-16.1166],[-56.4336,-16.1612],[-56.4326,-16.17],[-56.4469,-16.1821],[-56.4419,-16.1884],[-56.4567,-16.2198],[-56.4865,-16.2339],[-56.499,-16.2278],[-56.5169,-16.2399],[-56.5205,-16.2538],[-56.5156,-16.2624],[-56.5399,-16.3025],[-56.5372,-16.3071],[-56.4987,-16.294],[-56.4948,-16.2777],[-56.481,-16.2713],[-56.469,-16.28],[-56.4552,-16.2805],[-56.4248,-16.2552],[-56.372,-16.2611],[-56.3589,-16.2467],[-56.3289,-16.2397],[-56.3227,-16.2308],[-56.3316,-16.2101],[-56.3028,-16.1945],[-56.216,-16.1877],[-56.2184,-16.2287],[-56.2426,-16.2598],[-56.2481,-16.2779],[-56.2482,-16.3169],[-56.2707,-16.3506],[-56.2968,-16.3734],[-56.3011,-16.397],[-56.2914,-16.4054],[-56.2773,-16.4019],[-56.2672,-16.4091],[-56.2652,-16.3945],[-56.2539,-16.4045],[-56.2526,-16.3967],[-56.2333,-16.3891],[-56.2175,-16.3996],[-56.2113,-16.3959],[-56.2142,-16.3811],[-56.1986,-16.3542],[-56.1818,-16.3582],[-56.1842,-16.3697],[-56.1745,-16.3688],[-56.1747,-16.3536],[-56.1576,-16.3657],[-56.142,-16.3635],[-56.1542,-16.34],[-56.1117,-16.3306],[-56.1028,-16.3257],[-56.1012,-16.3155],[-56.0937,-16.3151],[-56.091,-16.3263],[-56.0816,-16.325],[-56.081,-16.3132],[-56.0657,-16.3142],[-56.065,-16.3022],[-56.0515,-16.2981],[-56.0462,-16.2858],[-56.0546,-16.2745],[-56.029,-16.2737],[-56.0131,-16.2517],[-56.0182,-16.2352],[-56.0042,-16.1949],[-55.9792,-16.202],[-55.9649,-16.1817],[-55.9692,-16.1752],[-55.9489,-16.1663],[-55.9882,-16.094],[-56.0378,-16.0318],[-56.0466,-15.9753],[-56.0933,-15.9304],[-56.1005,-15.8868],[-56.0904,-15.8369],[-56.0966,-15.7849],[-56.1459,-15.7697],[-56.1547,-15.7518],[-56.1726,-15.7523],[-56.1923,-15.7773],[-56.2453,-15.76],[-56.2447,-15.7338],[-56.2643,-15.7115],[-56.264,-15.6841],[-56.213,-15.6345],[-56.2151,-15.617],[-56.4,-15.5155],[-56.3984,-15.4923],[-56.4246,-15.4677],[-56.4088,-15.4343],[-56.4172,-15.4387],[-56.4292,-15.4344],[-56.4569,-15.4495],[-56.5027,-15.5105],[-56.536,-15.5156],[-56.5472,-15.5247],[-56.5587,-15.5172],[-56.5553,-15.5031],[-56.5653,-15.4907],[-56.5608,-15.4807],[-56.7154,-15.4778],[-56.7168,-15.4954],[-56.7272,-15.5077],[-56.7577,-15.5219],[-56.7653,-15.5127],[-56.7834,-15.5155],[-56.8104,-15.4998],[-56.821,-15.4714],[-56.9048,-15.517],[-56.9168,-15.5325],[-56.9231,-15.5283],[-56.9471,-15.5433],[-56.9627,-15.5279],[-56.9545,-15.5171],[-56.9683,-15.51],[-56.9747,-15.4948],[-56.9705,-15.4837],[-56.9753,-15.4652],[-56.9966,-15.4692],[-57.0158,-15.4848],[-57.0416,-15.5257],[-57.0638,-15.5376],[-57.0601,-15.549],[-57.0653,-15.5605],[-57.0604,-15.5657],[-57.078,-15.5687],[-57.0928,-15.5837],[-57.1024,-15.603],[-57.0983,-15.6091],[-57.1073,-15.6124],[-57.1238,-15.6409],[-57.114,-15.654],[-57.1207,-15.6672],[-57.1361,-15.6665],[-57.1425,-15.6779],[-57.1366,-15.6916],[-57.1754,-15.7466],[-57.1814,-15.767],[-57.177,-15.7748],[-57.1927,-15.7931],[-57.2229,-15.8099],[-57.2248,-15.8509],[-57.0087,-15.7415],[-57.0142,-15.7672],[-57.0075,-15.8037]]]}},{"type":"Feature","properties":{"code":"5106158","name":"Nova Bandeirantes"},"geometry":{"type":"Polygon","coordinates":[[[-57.5965,-10.2846],[-57.6005,-10.1955],[-57.5898,-10.1848],[-57.5861,-10.1628],[-57.5767,-10.1637],[-57.5884,-10.1395],[-57.5793,-10.1347],[-57.5845,-10.1279],[-57.584,-10.0937],[-57.5962,-10.0851],[-57.5947,-10.0754],[-57.602,-10.0698],[-57.5982,-10.0573],[-57.6107,-10.0487],[-57.6216,-10.027],[-57.6142,-10.0025],[-57.6243,-10.0088],[-57.6318,-10.0024],[-57.6608,-9.9609],[-57.6488,-9.9373],[-57.6543,-9.9193],[-57.6455,-9.8985],[-57.6772,-9.8814],[-57.676,-9.8669],[-57.6965,-9.8719],[-57.6856,-9.845],[-57.6722,-9.8324],[-57.6738,-9.8246],[-57.6145,-9.7617],[-57.6194,-9.7472],[-57.678,-9.713],[-57.6843,-9.7032],[-57.7046,-9.7054],[-57.7276,-9.6736],[-57.7155,-9.6418],[-57.7259,-9.6372],[-57.7349,-9.6194],[-57.7245,-9.5686],[-57.7317,-9.5402],[-57.7288,-9.5127],[-57.7445,-9.4985],[-57.7706,-9.491],[-57.7859,-9.4969],[-57.7915,-9.4904],[-57.803,-9.4927],[-57.8144,-9.4862],[-57.8245,-9.4918],[-57.8389,-9.4786],[-57.8514,-9.4788],[-57.8635,-9.4878],[-57.8848,-9.4874],[-57.8922,-9.4964],[-57.8988,-9.4832],[-57.928,-9.4679],[-57.9351,-9.4698],[-57.9654,-9.4309],[-57.9737,-9.4302],[-57.9739,-9.4158],[-57.9979,-9.4127],[-58.001,-9.3852],[-58.017,-9.3792],[-58.0146,-9.364],[-58.0298,-9.3623],[-58.0319,-9.3537],[-58.0394,-9.3521],[-58.0431,-9.3564],[-58.0533,-9.3503],[-58.0722,-9.3541],[-58.0715,-9.3449],[-58.0788,-9.3377],[-58.0762,-9.3198],[-58.0654,-9.3128],[-58.0779,-9.299],[-58.0747,-9.2718],[-58.0875,-9.2723],[-58.0886,-9.2596],[-58.0967,-9.2487],[-58.1174,-9.2386],[-58.12,-9.2285],[-58.1417,-9.2246],[-58.1357,-9.2139],[-58.152,-9.1963],[-58.1477,-9.1867],[-58.1656,-9.1901],[-58.1681,-9.1845],[-58.1703,-9.1444],[-58.1913,-9.1413],[-58.2057,-9.1293],[-58.2152,-9.1318],[-58.2324,-9.1149],[-58.2442,-9.1204],[-58.2591,-9.1108],[-58.2585,-9.1015],[-58.2924,-9.0819],[-58.2872,-9.0615],[-58.3002,-9.0341],[-58.3182,-9.0455],[-58.3197,-9.0198],[-58.3295,-9.0124],[-58.3579,-9.0223],[-58.3686,-9.0155],[-58.3803,-8.9896],[-58.3921,-8.9972],[-58.3938,-8.9803],[-58.4023,-8.975],[-58.3969,-8.9654],[-58.4077,-8.9637],[-58.4144,-8.9703],[-58.4345,-8.9664],[-58.4385,-8.9729],[-58.458,-8.9771],[-58.4671,-8.9733],[-58.4696,-8.9586],[-58.4612,-8.9549],[-58.4601,-8.9452],[-58.4717,-8.9448],[-58.4964,-8.9501],[-58.5238,-8.9786],[-58.5279,-8.9743],[-58.5205,-8.9666],[-58.5301,-8.9503],[-58.5446,-8.9497],[-58.5447,-8.9417],[-58.5505,-8.9403],[-58.5618,-8.9487],[-58.5684,-8.97],[-58.6004,-9.0004],[-58.6046,-9.0126],[-58.5984,-9.0435],[-58.5924,-9.048],[-58.6,-9.0898],[-58.6274,-9.0971],[-58.6421,-9.1339],[-58.6558,-9.144],[-58.6504,-9.1743],[-58.6557,-9.1894],[-58.6488,-9.2066],[-58.6401,-9.2092],[-58.6283,-9.2398],[-58.6192,-9.2882],[-58.6052,-9.309],[-58.5998,-9.3342],[-58.5487,-9.3689],[-58.5399,-9.3911],[-58.5271,-9.4033],[-58.4899,-9.4077],[-58.4334,-9.4525],[-58.4212,-9.4574],[-58.3953,-9.452],[-58.3456,-9.458],[-58.3275,-9.4453],[-58.2892,-9.4476],[-58.2577,-9.5084],[-58.2526,-9.56],[-58.2641,-9.6007],[-58.26,-9.6527],[-58.2221,-9.7087],[-58.2068,-9.7721],[-58.208,-9.7908],[-58.1955,-9.8033],[-58.1972,-9.8488],[-58.2089,-9.8545],[-58.2231,-9.8753],[-58.2272,-9.8945],[-58.2165,-9.9353],[-58.2338,-9.9517],[-58.2303,-9.9975],[-58.2732,-10.0582],[-58.294,-10.1042],[-58.3205,-10.1191],[-58.3208,-10.1875],[-58.3456,-10.2282],[-58.3577,-10.2671],[-58.3556,-10.3483],[-58.3369,-10.3816],[-58.3377,-10.4091],[-58.3001,-10.439],[-58.2934,-10.452],[-58.2754,-10.4407],[-58.2546,-10.4411],[-58.2046,-10.4085],[-58.1678,-10.4218],[-58.0703,-10.3839],[-58.0074,-10.3973],[-58.008,-10.4285],[-58.0015,-10.433],[-57.9228,-10.4078],[-57.8906,-10.4086],[-57.8488,-10.3848],[-57.8318,-10.3867],[-57.7957,-10.3716],[-57.773,-10.3756],[-57.7406,-10.353],[-57.683,-10.3456],[-57.681,-10.3185],[-57.6754,-10.3129],[-57.6689,-10.3166],[-57.6604,-10.3039],[-57.646,-10.3134],[-57.6361,-10.3052],[-57.6026,-10.2989],[-57.5965,-10.2846]]]}},{"type":"Feature","properties":{"code":"5106174","name":"Nova Nazaré"},"geometry":{"type":"Polygon","coordinates":[[[-52.0418,-13.758],[-52.0384,-13.832],[-52.0642,-13.8667],[-52.0609,-13.8833],[-52.0935,-13.9194],[-52.0783,-13.956],[-52.0655,-13.9399],[-52.0218,-13.9576],[-52.0093,-13.9769],[-51.981,-13.9816],[-51.9488,-13.9777],[-51.9122,-13.9867],[-51.8756,-14.0085],[-51.8537,-14.014],[-51.8433,-14.0215],[-51.8344,-14.0416],[-51.8235,-14.0469],[-51.8414,-14.0587],[-51.8578,-14.0998],[-51.8742,-14.1119],[-51.8738,-14.1247],[-51.8902,-14.1496],[-51.8901,-14.1589],[-51.9033,-14.1646],[-51.9253,-14.1891],[-51.9309,-14.2172],[-51.9559,-14.2257],[-51.9786,-14.2171],[-51.9828,-14.2241],[-51.9902,-14.2193],[-52.01,-14.2284],[-52.0203,-14.2266],[-52.0678,-14.2543],[-52.0736,-14.2686],[-52.0878,-14.275],[-52.1094,-14.3039],[-52.169,-14.3174],[-52.1724,-14.386],[-52.2489,-14.4235],[-52.3102,-14.5386],[-52.3182,-14.5414],[-52.3304,-14.5346],[-52.3395,-14.5617],[-52.3384,-14.5726],[-52.3241,-14.5789],[-52.3069,-14.566],[-52.2959,-14.5688],[-52.295,-14.5812],[-52.2726,-14.5805],[-52.2514,-14.5601],[-52.2327,-14.5589],[-52.2262,-14.5694],[-52.2136,-14.5685],[-52.2043,-14.5915],[-52.19,-14.6061],[-52.1759,-14.6095],[-52.1742,-14.6038],[-52.1639,-14.6028],[-52.1618,-14.6308],[-52.155,-14.6279],[-52.1554,-14.6174],[-52.1476,-14.6156],[-52.1372,-14.6383],[-52.1246,-14.6404],[-52.1257,-14.655],[-52.119,-14.6592],[-52.1048,-14.6549],[-52.1045,-14.6818],[-52.0948,-14.6871],[-52.0786,-14.6732],[-52.0584,-14.6762],[-52.0496,-14.6709],[-52.045,-14.6602],[-52.014,-14.6379],[-52.0099,-14.6042],[-51.9736,-14.599],[-51.9261,-14.5761],[-51.9141,-14.5653],[-51.9117,-14.5443],[-51.8746,-14.5027],[-51.8622,-14.5034],[-51.8454,-14.4903],[-51.8352,-14.5119],[-51.813,-14.4931],[-51.8137,-14.4819],[-51.828,-14.4777],[-51.7978,-14.4578],[-51.789,-14.4703],[-51.7783,-14.4716],[-51.7411,-14.4346],[-51.7334,-14.4199],[-51.7457,-14.4013],[-51.7472,-14.3798],[-51.706,-14.368],[-51.6966,-14.3572],[-51.7007,-14.3329],[-51.689,-14.3158],[-51.7063,-14.2717],[-51.7022,-14.261],[-51.7143,-14.2355],[-51.7285,-14.2266],[-51.7313,-14.2173],[-51.7245,-14.2],[-51.7315,-14.1766],[-51.7059,-14.1435],[-51.6975,-14.106],[-51.7011,-14.0319],[-51.6822,-13.9944],[-51.6638,-13.9853],[-51.6442,-13.9436],[-51.6325,-13.936],[-51.6277,-13.9032],[-51.6145,-13.8838],[-51.6172,-13.8617],[-51.597,-13.8295],[-51.5962,-13.8097],[-51.5567,-13.7748],[-51.5553,-13.7136],[-51.5147,-13.6626],[-51.4701,-13.6448],[-51.4639,-13.6255],[-51.4685,-13.6174],[-51.4714,-13.6272],[-51.4866,-13.6347],[-51.5169,-13.6078],[-51.5465,-13.6071],[-51.558,-13.6173],[-51.6044,-13.6107],[-51.6257,-13.6256],[-51.6471,-13.627],[-51.6744,-13.6495],[-51.6846,-13.6671],[-51.6993,-13.6662],[-51.727,-13.6789],[-51.7351,-13.6763],[-51.7813,-13.7013],[-51.8176,-13.7345],[-51.8418,-13.74],[-51.8686,-13.7672],[-51.8955,-13.7779],[-51.9369,-13.7491],[-51.9599,-13.7603],[-51.9714,-13.7734],[-52.0207,-13.7746],[-52.0418,-13.758]]]}},{"type":"Feature","properties":{"code":"5106182","name":"Nova Lacerda"},"geometry":{"type":"Polygon","coordinates":[[[-60.3101,-14.0609],[-60.3056,-14.0713],[-60.2953,-14.0741],[-60.3022,-14.0851],[-60.2879,-14.0954],[-60.2889,-14.1046],[-60.2815,-14.109],[-60.2864,-14.1276],[-60.2726,-14.1367],[-60.2708,-14.1475],[-60.2819,-14.1523],[-60.2619,-14.163],[-60.2661,-14.1714],[-60.2525,-14.1676],[-60.2459,-14.1724],[-60.2496,-14.1833],[-60.2371,-14.1863],[-60.2314,-14.2061],[-60.2371,-14.2249],[-60.2241,-14.2232],[-60.225,-14.2385],[-60.2311,-14.2429],[-60.2263,-14.2561],[-60.2304,-14.2663],[-60.1958,-14.2841],[-60.19,-14.3208],[-60.1722,-14.3167],[-60.1713,-14.3442],[-60.1627,-14.3519],[-60.1656,-14.3798],[-60.1572,-14.3812],[-60.1499,-14.3744],[-60.1427,-14.3862],[-60.1327,-14.3894],[-60.1362,-14.4071],[-60.1275,-14.4222],[-60.1071,-14.4292],[-60.0911,-14.4242],[-60.0737,-14.431],[-60.0523,-14.4153],[-60.0069,-14.4086],[-59.9776,-14.4263],[-59.9684,-14.4495],[-59.9312,-14.4838],[-59.8987,-14.4981],[-59.8677,-14.4929],[-59.8571,-14.5085],[-59.8455,-14.5133],[-59.836,-14.5437],[-59.8044,-14.5557],[-59.7953,-14.5777],[-59.7984,-14.5877],[-59.7775,-14.6082],[-59.7731,-14.6409],[-59.7245,-14.671],[-59.7096,-14.6942],[-59.7003,-14.6953],[-59.684,-14.7116],[-59.6767,-14.7299],[-59.6613,-14.7446],[-59.6603,-14.7508],[-59.677,-14.7606],[-59.681,-14.7715],[-59.6451,-14.8189],[-59.5843,-14.8198],[-59.5665,-14.7964],[-59.5954,-14.7631],[-59.6094,-14.7558],[-59.6088,-14.6849],[-59.5998,-14.6736],[-59.6039,-14.6519],[-59.5875,-14.621],[-59.5869,-14.5816],[-59.6026,-14.5477],[-59.6167,-14.5377],[-59.6369,-14.5344],[-59.6445,-14.5246],[-59.6282,-14.4988],[-59.6094,-14.4869],[-59.5658,-14.4741],[-59.5619,-14.4634],[-59.5465,-14.4642],[-59.5426,-14.4576],[-59.5281,-14.4558],[-59.5092,-14.4575],[-59.4727,-14.4737],[-59.4569,-14.4929],[-59.4476,-14.4919],[-59.4432,-14.4786],[-59.435,-14.4818],[-59.4078,-14.515],[-59.3661,-14.5245],[-59.3434,-14.534],[-59.3349,-14.5452],[-59.3118,-14.5101],[-59.3442,-14.4181],[-59.3435,-14.4007],[-59.3674,-14.3578],[-59.3674,-14.3436],[-59.3872,-14.328],[-59.4219,-14.2249],[-59.4224,-14.2067],[-59.4071,-14.1527],[-59.3871,-14.1268],[-59.3747,-14.13],[-59.3665,-14.0981],[-59.3443,-14.0524],[-59.3521,-14.0254],[-59.3605,-14.0235],[-59.3615,-14.0058],[-59.3719,-13.9956],[-59.3707,-13.9817],[-59.4225,-14.0174],[-59.4341,-14.0275],[-59.4346,-14.0372],[-59.4567,-14.0419],[-59.4814,-14.0195],[-59.5352,-14.0097],[-59.5961,-14.069],[-59.6226,-14.0768],[-59.6363,-14.0902],[-59.6511,-14.0887],[-59.688,-14.0992],[-59.7137,-14.1213],[-59.7367,-14.0944],[-59.7497,-14.0332],[-59.8069,-14.0432],[-59.8274,-14.0828],[-59.8256,-14.1216],[-59.8417,-14.1528],[-59.8392,-14.1782],[-59.9031,-14.1218],[-59.9194,-14.0828],[-59.9498,-14.0779],[-59.9509,-14.0563],[-59.9731,-14.0415],[-59.9933,-14.0403],[-60.0005,-14.0516],[-60.0311,-14.0354],[-60.0974,-14.0245],[-60.1271,-14.0268],[-60.1674,-14.0123],[-60.2144,-14.0267],[-60.2549,-14.0481],[-60.3036,-14.0548],[-60.3101,-14.0609]]]}},{"type":"Feature","properties":{"code":"5106190","name":"Nova Santa Helena"},"geometry":{"type":"Polygon","coordinates":[[[-54.6399,-10.5374],[-54.6432,-10.5568],[-54.6727,-10.569],[-54.6721,-10.594],[-54.7147,-10.6066],[-54.7553,-10.6115],[-54.7643,-10.6055],[-54.7669,-10.6123],[-54.798,-10.6199],[-54.8162,-10.636],[-54.819,-10.6703],[-54.8348,-10.6799],[-54.8473,-10.7081],[-54.883,-10.7283],[-54.9016,-10.7177],[-54.936,-10.7285],[-54.9571,-10.7167],[-54.9963,-10.7262],[-55.0929,-10.718],[-55.1026,-10.7407],[-55.1114,-10.7438],[-55.1441,-10.7326],[-55.1562,-10.7349],[-55.162,-10.7234],[-55.1724,-10.7594],[-55.1687,-10.7795],[-55.2342,-10.8256],[-55.2522,-10.848],[-55.2538,-10.8633],[-55.2742,-10.8747],[-55.2962,-10.9042],[-55.2949,-10.9153],[-55.2781,-10.9325],[-55.2165,-10.9224],[-55.0988,-10.9765],[-55.0867,-10.9986],[-55.0757,-11.0056],[-55.0474,-11.0032],[-55.0207,-11.0255],[-54.9897,-11.0144],[-54.9421,-11.0363],[-54.9469,-11.0575],[-54.9428,-11.0778],[-54.9192,-11.1069],[-54.9213,-11.1324],[-54.915,-11.1431],[-54.9217,-11.1932],[-54.9143,-11.2291],[-54.864,-11.2873],[-54.8332,-11.2758],[-54.8239,-11.2792],[-54.8143,-11.2698],[-54.7937,-11.2672],[-54.7688,-11.2525],[-54.7541,-11.2606],[-54.7429,-11.2499],[-54.7348,-11.2575],[-54.7302,-11.2493],[-54.685,-11.2548],[-54.6732,-11.2478],[-54.6626,-11.2232],[-54.6485,-11.2244],[-54.6484,-11.2059],[-54.6223,-11.2082],[-54.6195,-11.1929],[-54.6084,-11.1944],[-54.6033,-11.1837],[-54.6206,-11.181],[-54.635,-11.1687],[-54.6738,-11.1158],[-54.7472,-11.0713],[-54.7585,-11.05],[-54.8937,-10.9685],[-54.8597,-10.9498],[-54.8579,-10.9273],[-54.8356,-10.9005],[-54.8104,-10.8945],[-54.7817,-10.8673],[-54.7822,-10.8514],[-54.7722,-10.8425],[-54.7725,-10.8308],[-54.7513,-10.8055],[-54.7535,-10.7782],[-54.7353,-10.7683],[-54.7201,-10.7397],[-54.7187,-10.7203],[-54.681,-10.6929],[-54.6551,-10.6833],[-54.628,-10.6519],[-54.633,-10.6294],[-54.6208,-10.6261],[-54.6201,-10.6163],[-54.6104,-10.6141],[-54.6151,-10.5966],[-54.604,-10.5847],[-54.6053,-10.5666],[-54.6143,-10.5524],[-54.613,-10.5421],[-54.633,-10.5446],[-54.6399,-10.5374]]]}},{"type":"Feature","properties":{"code":"5106208","name":"Nova Brasilândia"},"geometry":{"type":"Polygon","coordinates":[[[-55.3967,-14.5678],[-55.4063,-14.5897],[-55.3936,-14.6004],[-55.3935,-14.6164],[-55.4014,-14.6301],[-55.4249,-14.6353],[-55.4397,-14.6594],[-55.4633,-14.6629],[-55.4749,-14.6739],[-55.4778,-14.6948],[-55.4849,-14.7083],[-55.4925,-14.7083],[-55.5127,-14.7496],[-55.5331,-14.7656],[-55.5649,-14.7714],[-55.6295,-14.7986],[-55.6412,-14.8091],[-55.643,-14.8203],[-55.6508,-14.8172],[-55.6516,-14.8263],[-55.6407,-14.8347],[-55.5797,-14.8406],[-55.5774,-14.8477],[-55.588,-14.8602],[-55.5769,-14.872],[-55.5529,-14.8567],[-55.5473,-14.8644],[-55.5406,-14.857],[-55.5341,-14.8662],[-55.5375,-14.8751],[-55.514,-14.8719],[-55.4936,-14.8784],[-55.4795,-14.8688],[-55.4592,-14.8698],[-55.4229,-14.8535],[-55.4242,-14.8467],[-55.3636,-14.8296],[-55.3688,-14.8239],[-55.3537,-14.821],[-55.3343,-14.8455],[-55.3275,-14.8416],[-55.3267,-14.8312],[-55.3161,-14.8273],[-55.3179,-14.8155],[-55.3097,-14.81],[-55.2901,-14.8175],[-55.278,-14.8111],[-55.2692,-14.816],[-55.2537,-14.8108],[-55.2187,-14.8293],[-55.1979,-14.8258],[-55.1829,-14.801],[-55.1591,-14.793],[-55.1555,-14.8032],[-55.1473,-14.8017],[-55.143,-14.8157],[-55.1519,-14.8378],[-55.1432,-14.9011],[-55.1153,-14.934],[-55.106,-14.9555],[-55.1079,-14.966],[-55.1309,-14.969],[-55.1415,-14.9831],[-55.1386,-14.9877],[-55.1097,-14.9998],[-55.0763,-14.9966],[-55.0166,-15.0022],[-54.9932,-15.0201],[-54.9977,-15.0446],[-54.9925,-15.0499],[-54.9753,-15.0543],[-54.9002,-15.0442],[-54.8752,-15.0635],[-54.8814,-15.0663],[-54.8438,-15.0665],[-54.7368,-14.9711],[-54.697,-14.9528],[-54.6563,-14.917],[-54.4983,-14.863],[-54.4966,-14.8418],[-54.5147,-14.7928],[-54.5283,-14.7796],[-54.5842,-14.7913],[-54.5982,-14.7855],[-54.6071,-14.7782],[-54.6164,-14.7493],[-54.6069,-14.7385],[-54.6124,-14.7343],[-54.6555,-14.7498],[-54.6653,-14.7627],[-54.6782,-14.7606],[-54.6929,-14.7698],[-54.6946,-14.7805],[-54.7187,-14.7819],[-54.7357,-14.8026],[-54.7473,-14.7962],[-54.7675,-14.7984],[-54.7716,-14.7925],[-54.7908,-14.8013],[-54.8036,-14.7951],[-54.8248,-14.7957],[-54.829,-14.784],[-54.8376,-14.7883],[-54.8564,-14.7816],[-54.8743,-14.7889],[-54.8905,-14.7858],[-54.8995,-14.7947],[-54.9239,-14.7939],[-54.9298,-14.7679],[-54.9333,-14.7701],[-54.9495,-14.7473],[-54.9505,-14.7374],[-54.9221,-14.7246],[-54.9156,-14.7144],[-54.9268,-14.689],[-54.9229,-14.6779],[-54.9101,-14.6731],[-54.913,-14.6546],[-54.9069,-14.6516],[-54.9293,-14.5439],[-54.9003,-14.484],[-54.9144,-14.4392],[-54.9297,-14.4194],[-54.9697,-14.4395],[-54.987,-14.4362],[-54.9951,-14.4428],[-54.9958,-14.4792],[-55.0017,-14.4901],[-55.0196,-14.4962],[-55.0336,-14.5347],[-55.047,-14.5442],[-55.0726,-14.5376],[-55.1057,-14.5473],[-55.1063,-14.5611],[-55.1355,-14.5744],[-55.1617,-14.6198],[-55.1586,-14.6277],[-55.189,-14.6322],[-55.1888,-14.6369],[-55.2328,-14.635],[-55.3096,-14.5969],[-55.3541,-14.5632],[-55.3714,-14.5695],[-55.3751,-14.5548],[-55.3967,-14.5678]]]}},{"type":"Feature","properties":{"code":"5106216","name":"Nova Canaã do Norte"},"geometry":{"type":"Polygon","coordinates":[[[-55.6167,-10.9613],[-55.5947,-10.9428],[-55.5981,-10.9365],[-55.6328,-10.9238],[-55.6489,-10.9042],[-55.6748,-10.8167],[-55.6558,-10.7875],[-55.6602,-10.7674],[-55.6527,-10.7528],[-55.6636,-10.7393],[-55.6625,-10.6983],[-55.6533,-10.681],[-55.657,-10.6725],[-55.6476,-10.6426],[-55.6261,-10.6286],[-55.6205,-10.6123],[-55.6415,-10.5992],[-55.6361,-10.554],[-55.6234,-10.5345],[-55.6238,-10.5265],[-55.6423,-10.508],[-55.6348,-10.4912],[-55.6428,-10.4801],[-55.6362,-10.4652],[-55.6461,-10.4504],[-55.6446,-10.4342],[-55.6628,-10.3884],[-55.6503,-10.3535],[-55.6767,-10.3334],[-55.6849,-10.3165],[-55.6925,-10.3151],[-55.707,-10.2961],[-55.6945,-10.2846],[-55.6903,-10.2494],[-55.704,-10.2484],[-55.733,-10.232],[-55.808,-10.2403],[-55.8282,-10.2746],[-55.859,-10.2965],[-55.8738,-10.3282],[-55.9067,-10.3589],[-55.925,-10.3892],[-55.9419,-10.3822],[-56.0121,-10.3961],[-56.0211,-10.3924],[-56.0319,-10.3701],[-56.0558,-10.3641],[-56.0639,-10.3403],[-56.0775,-10.3411],[-56.1024,-10.3523],[-56.11,-10.3664],[-56.1408,-10.369],[-56.16,-10.3879],[-56.1725,-10.3847],[-56.1759,-10.3901],[-56.2224,-10.3996],[-56.2431,-10.3915],[-56.2548,-10.403],[-56.262,-10.3989],[-56.2699,-10.4083],[-56.2818,-10.406],[-56.2957,-10.4163],[-56.2774,-10.4265],[-56.2848,-10.4482],[-56.2725,-10.4543],[-56.2508,-10.49],[-56.2365,-10.4969],[-56.2408,-10.5171],[-56.2305,-10.531],[-56.2559,-10.5484],[-56.265,-10.5793],[-56.3093,-10.5862],[-56.3379,-10.5778],[-56.3542,-10.5916],[-56.409,-10.5796],[-56.405,-10.5908],[-56.4111,-10.6193],[-56.401,-10.622],[-56.3931,-10.6374],[-56.4017,-10.6593],[-56.4337,-10.6827],[-56.4118,-10.7026],[-56.4036,-10.7998],[-56.4472,-10.8475],[-56.455,-10.8458],[-56.4746,-10.8636],[-56.4996,-10.8693],[-56.5219,-10.9091],[-56.5706,-10.9502],[-56.5635,-10.9766],[-56.5907,-11.0014],[-56.5959,-11.0135],[-56.5864,-11.03],[-56.5319,-11.0623],[-56.499,-11.1011],[-56.4374,-11.0865],[-56.4009,-11.1003],[-56.321,-11.0927],[-56.312,-11.0705],[-56.2753,-11.0679],[-56.2427,-11.0389],[-56.22,-11.0351],[-56.184,-11.0421],[-56.167,-11.0215],[-56.1365,-11.0053],[-56.1207,-10.9859],[-56.0784,-10.9612],[-55.9402,-10.9027],[-55.9083,-10.8508],[-55.9033,-10.8633],[-55.8829,-10.8732],[-55.8649,-10.8998],[-55.8406,-10.8964],[-55.8502,-10.9305],[-55.8459,-10.9505],[-55.8581,-10.9658],[-55.8506,-10.9827],[-55.8251,-10.9835],[-55.8077,-10.9684],[-55.789,-10.9815],[-55.7647,-10.9856],[-55.7617,-10.9687],[-55.7375,-10.975],[-55.7126,-10.9728],[-55.7053,-10.9819],[-55.6955,-10.9804],[-55.6914,-10.972],[-55.6826,-10.974],[-55.6801,-10.9823],[-55.6626,-10.9829],[-55.6496,-10.9541],[-55.6421,-10.9537],[-55.6351,-10.9671],[-55.6167,-10.9613]]]}},{"type":"Feature","properties":{"code":"5106224","name":"Nova Mutum"},"geometry":{"type":"Polygon","coordinates":[[[-56.4015,-13.8279],[-56.4118,-13.8474],[-56.3998,-13.8479],[-56.3803,-13.8695],[-56.3754,-13.9045],[-56.3523,-13.914],[-56.3621,-13.926],[-56.3587,-13.9443],[-56.3444,-13.9535],[-56.3426,-13.9643],[-56.3533,-13.9754],[-56.3367,-13.9803],[-56.331,-14.0004],[-56.3209,-14.0134],[-56.3129,-14.0123],[-56.3021,-14.0467],[-56.3091,-14.0538],[-56.3088,-14.0703],[-56.2805,-14.09],[-56.2842,-14.0969],[-56.2728,-14.1053],[-56.2682,-14.126],[-56.2371,-14.1417],[-56.2283,-14.1617],[-56.2245,-14.1565],[-56.2019,-14.1665],[-56.1959,-14.1443],[-56.1389,-14.1602],[-56.1229,-14.1501],[-56.0617,-14.1438],[-56.045,-14.169],[-56.0414,-14.214],[-56.0331,-14.2104],[-56.0286,-14.223],[-55.9708,-14.2038],[-55.9492,-14.21],[-55.9393,-14.1979],[-55.9246,-14.1976],[-55.9089,-14.1813],[-55.8986,-14.19],[-55.8894,-14.1889],[-55.8839,-14.1764],[-55.8584,-14.1781],[-55.8584,-14.161],[-55.8491,-14.1649],[-55.8473,-14.1507],[-55.8211,-14.1584],[-55.8236,-14.1455],[-55.8163,-14.1422],[-55.7893,-14.1343],[-55.7774,-14.1386],[-55.7723,-14.1291],[-55.7389,-14.1275],[-55.7126,-14.1148],[-55.7116,-14.0686],[-55.6987,-14.0567],[-55.6976,-14.0474],[-55.6648,-14.0174],[-55.637,-14.0163],[-55.6218,-14.0051],[-55.5511,-14.0218],[-55.5018,-14.0741],[-55.4456,-14.0797],[-55.4338,-14.1058],[-55.4091,-14.118],[-55.398,-14.1355],[-55.3821,-14.1437],[-55.3991,-14.1229],[-55.4312,-14.1],[-55.4547,-14.0243],[-55.467,-14.0078],[-55.4758,-14.0059],[-55.4926,-13.9634],[-55.5131,-13.9545],[-55.5261,-13.9408],[-55.5377,-13.9039],[-55.5242,-13.8642],[-55.5303,-13.8458],[-55.5258,-13.8318],[-55.5287,-13.814],[-55.5469,-13.7941],[-55.5518,-13.7714],[-55.5437,-13.7664],[-55.567,-13.7448],[-55.5654,-13.7161],[-55.5769,-13.7074],[-55.5947,-13.706],[-55.6055,-13.6954],[-55.6023,-13.6144],[-55.6217,-13.5828],[-55.6255,-13.5628],[-55.645,-13.5377],[-55.6486,-13.5068],[-55.6685,-13.4908],[-55.6688,-13.4765],[-55.6825,-13.4607],[-55.6921,-13.4143],[-55.7396,-13.396],[-55.7694,-13.3425],[-55.8002,-13.3336],[-55.8097,-13.3241],[-55.8139,-13.2988],[-55.8503,-13.2864],[-55.8567,-13.2665],[-55.8656,-13.2575],[-55.8792,-13.2566],[-55.8897,-13.2742],[-55.902,-13.2761],[-55.9246,-13.3047],[-55.9674,-13.3304],[-55.9693,-13.3574],[-55.9628,-13.3827],[-55.977,-13.4192],[-55.9772,-13.4534],[-55.9892,-13.4575],[-56.0006,-13.446],[-56.0191,-13.4478],[-56.0515,-13.433],[-56.0677,-13.4549],[-56.11,-13.4484],[-56.1028,-13.4134],[-56.1344,-13.4057],[-56.1523,-13.3922],[-56.1656,-13.3923],[-56.2037,-13.3275],[-56.1975,-13.3179],[-56.2001,-13.3102],[-56.2334,-13.2701],[-56.2332,-13.2534],[-56.2824,-13.2101],[-56.2827,-13.1986],[-56.2936,-13.1932],[-56.2963,-13.1709],[-56.3061,-13.1703],[-56.3035,-13.1637],[-56.3223,-13.1353],[-56.3456,-13.1114],[-56.3869,-13.1123],[-56.422,-13.0938],[-56.4599,-13.046],[-56.4979,-13.0415],[-56.5146,-13.0299],[-56.5308,-13.0279],[-56.5558,-13.0354],[-56.5889,-13.0307],[-56.5936,-13.0213],[-56.6109,-13.0212],[-56.6575,-12.9885],[-56.6334,-12.9638],[-56.595,-12.9519],[-56.5464,-12.9473],[-56.5382,-12.9277],[-56.5287,-12.9233],[-56.5023,-12.8832],[-56.5415,-12.8757],[-56.5823,-12.8833],[-56.6087,-12.8776],[-56.6396,-12.8695],[-56.6537,-12.8567],[-56.708,-12.8472],[-56.7349,-12.8212],[-56.7536,-12.8205],[-56.7733,-12.8348],[-56.7625,-12.8392],[-56.7524,-12.8678],[-56.7627,-12.8846],[-56.7631,-12.8968],[-56.7574,-12.8997],[-56.7626,-12.9073],[-56.7365,-12.9631],[-56.7264,-12.9655],[-56.7285,-12.9914],[-56.7165,-12.9896],[-56.7139,-12.9977],[-56.7278,-13.0059],[-56.7242,-13.0262],[-56.7368,-13.0275],[-56.7407,-13.0347],[-56.7348,-13.0487],[-56.7467,-13.0718],[-56.7353,-13.0888],[-56.7445,-13.1001],[-56.7252,-13.1188],[-56.7324,-13.1278],[-56.7149,-13.1379],[-56.7163,-13.1515],[-56.7021,-13.157],[-56.6734,-13.2228],[-56.6669,-13.2203],[-56.6543,-13.2332],[-56.6493,-13.2436],[-56.6583,-13.2488],[-56.6571,-13.2552],[-56.6436,-13.2536],[-56.6446,-13.2893],[-56.6312,-13.3139],[-56.6277,-13.3384],[-56.6117,-13.3513],[-56.6115,-13.4001],[-56.6008,-13.4067],[-56.5838,-13.4064],[-56.5758,-13.4354],[-56.5448,-13.4504],[-56.543,-13.4587],[-56.5549,-13.4706],[-56.5404,-13.466],[-56.5326,-13.4702],[-56.5329,-13.497],[-56.5242,-13.516],[-56.5073,-13.5325],[-56.4801,-13.5406],[-56.4795,-13.5526],[-56.4649,-13.5602],[-56.4581,-13.5745],[-56.4353,-13.5747],[-56.4332,-13.5818],[-56.4177,-13.5877],[-56.4247,-13.6133],[-56.4119,-13.6126],[-56.4177,-13.628],[-56.3993,-13.6546],[-56.3925,-13.6555],[-56.3927,-13.6707],[-56.3843,-13.6812],[-56.3831,-13.7165],[-56.3943,-13.7433],[-56.4032,-13.7427],[-56.4039,-13.7507],[-56.4162,-13.7612],[-56.4068,-13.7733],[-56.4116,-13.7974],[-56.4015,-13.8279]]]}},{"type":"Feature","properties":{"code":"5106232","name":"Nova Olímpia"},"geometry":{"type":"Polygon","coordinates":[[[-57.1106,-14.608],[-57.1074,-14.6263],[-57.1325,-14.645],[-57.1424,-14.6438],[-57.1627,-14.6651],[-57.2029,-14.6433],[-57.2377,-14.6445],[-57.2656,-14.6577],[-57.2658,-14.6755],[-57.2919,-14.6816],[-57.297,-14.7022],[-57.3366,-14.687],[-57.3775,-14.6909],[-57.4069,-14.701],[-57.4292,-14.7217],[-57.4308,-14.7362],[-57.4375,-14.7403],[-57.4729,-14.7278],[-57.4896,-14.7335],[-57.5047,-14.7292],[-57.5178,-14.7326],[-57.5332,-14.7577],[-57.5427,-14.7598],[-57.5704,-14.747],[-57.5854,-14.7539],[-57.5947,-14.7479],[-57.614,-14.7528],[-57.6274,-14.7683],[-57.6433,-14.7747],[-57.6528,-14.8051],[-57.6592,-14.8074],[-57.6507,-14.7723],[-57.6346,-14.7576],[-57.6407,-14.7426],[-57.6318,-14.7341],[-57.6113,-14.74],[-57.6203,-14.7275],[-57.635,-14.724],[-57.6489,-14.7297],[-57.6625,-14.7539],[-57.6777,-14.7577],[-57.6903,-14.7733],[-57.7157,-14.7747],[-57.7243,-14.7851],[-57.7288,-14.8031],[-57.7388,-14.8088],[-57.7498,-14.829],[-57.7486,-14.8618],[-57.7645,-14.8597],[-57.7768,-14.8684],[-57.7692,-14.8776],[-57.7715,-14.8946],[-57.7514,-14.9024],[-57.7479,-14.9127],[-57.6481,-14.9156],[-57.6146,-14.9268],[-57.5864,-14.9085],[-57.5323,-14.8956],[-57.4952,-14.8777],[-57.479,-14.88],[-57.461,-14.8687],[-57.4515,-14.8729],[-57.4224,-14.8668],[-57.42,-14.9061],[-57.4301,-14.922],[-57.3809,-14.9292],[-57.3321,-14.9564],[-57.2836,-14.9499],[-57.256,-14.9537],[-57.2533,-14.9222],[-57.2703,-14.8977],[-57.2688,-14.8886],[-57.236,-14.8595],[-57.2332,-14.8193],[-57.1922,-14.7968],[-57.1752,-14.8034],[-57.1476,-14.8022],[-57.1605,-14.7702],[-57.1593,-14.7407],[-57.1395,-14.7012],[-57.0815,-14.6424],[-57.0912,-14.6163],[-57.1106,-14.608]]]}},{"type":"Feature","properties":{"code":"5106240","name":"Nova Ubiratã"},"geometry":{"type":"Polygon","coordinates":[[[-55.1001,-13.6989],[-54.7576,-13.8718],[-54.6957,-13.8216],[-54.6633,-13.8141],[-54.6491,-13.8008],[-54.6434,-13.7904],[-54.6709,-13.7286],[-54.6624,-13.7009],[-54.672,-13.6385],[-54.6781,-13.636],[-54.6643,-13.6062],[-54.6664,-13.5987],[-54.6518,-13.5757],[-54.6523,-13.5597],[-54.6714,-13.523],[-54.6683,-13.5117],[-54.6498,-13.5024],[-54.6457,-13.4917],[-54.6523,-13.4562],[-54.6287,-13.4263],[-54.6283,-13.4062],[-54.6069,-13.3923],[-54.5796,-13.3514],[-54.5541,-13.3389],[-54.542,-13.2753],[-54.5326,-13.2623],[-54.4726,-13.2351],[-54.4653,-13.2219],[-54.4669,-13.2089],[-54.4591,-13.1953],[-54.4661,-13.1803],[-54.455,-13.1705],[-54.4546,-13.1565],[-54.436,-13.1198],[-54.4238,-13.1114],[-54.4302,-13.1],[-54.4214,-13.0941],[-54.4224,-13.0805],[-54.4011,-13.0617],[-54.4076,-13.0295],[-54.4014,-13.0171],[-54.4066,-13.0065],[-54.3646,-12.9693],[-54.3334,-12.8867],[-54.3231,-12.8845],[-54.3319,-12.8721],[-54.3272,-12.854],[-54.3388,-12.8484],[-54.3289,-12.8137],[-54.3298,-12.8041],[-54.3402,-12.8],[-54.3468,-12.7434],[-54.3359,-12.7237],[-54.342,-12.7177],[-54.3359,-12.7007],[-54.3296,-12.703],[-54.3208,-12.6787],[-54.3279,-12.6718],[-54.3243,-12.6461],[-54.3126,-12.6258],[-54.3162,-12.6139],[-54.3088,-12.6131],[-54.3113,-12.5979],[-54.2988,-12.592],[-54.2991,-12.5751],[-54.2839,-12.5764],[-54.2719,-12.5573],[-54.2451,-12.5444],[-54.2455,-12.5384],[-54.2282,-12.5406],[-54.2181,-12.5349],[-54.2004,-12.5122],[-54.1951,-12.4941],[-54.1687,-12.4871],[-54.1765,-12.4719],[-54.1746,-12.4371],[-54.1559,-12.4247],[-54.1668,-12.4161],[-54.1548,-12.4091],[-54.1563,-12.392],[-54.1458,-12.388],[-54.1369,-12.3747],[-54.1304,-12.3482],[-54.1066,-12.3403],[-54.0873,-12.3468],[-54.0715,-12.3318],[-54.0807,-12.3139],[-54.0697,-12.315],[-54.0592,-12.2948],[-54.0446,-12.296],[-54.0291,-12.2688],[-54.02,-12.2692],[-54.019,-12.2555],[-54.0035,-12.2594],[-53.9875,-12.2501],[-53.9891,-12.2376],[-53.9695,-12.2133],[-53.9515,-12.2186],[-53.9406,-12.2138],[-53.9391,-12.2238],[-53.9175,-12.2061],[-53.9023,-12.2405],[-53.8912,-12.2354],[-53.8868,-12.2246],[-53.8742,-12.2357],[-53.8656,-12.2205],[-53.8501,-12.2145],[-53.8526,-12.208],[-53.8395,-12.1909],[-53.8407,-12.179],[-53.824,-12.1778],[-53.8238,-12.167],[-53.8175,-12.1676],[-53.8135,-12.1593],[-53.8191,-12.1518],[-53.7892,-12.1238],[-53.7824,-12.0942],[-53.7868,-12.0975],[-53.8088,-12.0817],[-53.8427,-12.0728],[-53.8483,-12.0621],[-53.8559,-12.0724],[-53.8554,-12.0862],[-53.8744,-12.076],[-53.8989,-12.0831],[-53.9114,-12.0972],[-53.9256,-12.0886],[-53.9446,-12.0869],[-53.9587,-12.1031],[-53.9636,-12.1244],[-53.9703,-12.1208],[-53.9757,-12.1272],[-53.9878,-12.1266],[-54.0065,-12.1105],[-54.0267,-12.1169],[-54.0478,-12.1307],[-54.0572,-12.1625],[-54.0642,-12.1659],[-54.0922,-12.1584],[-54.1046,-12.1483],[-54.1138,-12.1678],[-54.1296,-12.166],[-54.1439,-12.1729],[-54.1685,-12.2042],[-54.1776,-12.2077],[-54.1826,-12.2392],[-54.1896,-12.2343],[-54.1999,-12.2476],[-54.2395,-12.2438],[-54.2392,-12.2543],[-54.2521,-12.2596],[-54.2536,-12.255],[-54.271,-12.2697],[-54.286,-12.271],[-54.291,-12.2879],[-54.3109,-12.2867],[-54.32,-12.3],[-54.3261,-12.2976],[-54.3452,-12.3074],[-54.3491,-12.301],[-54.3755,-12.3152],[-54.4095,-12.3463],[-54.4236,-12.3342],[-54.4315,-12.3509],[-54.4436,-12.3491],[-54.4441,-12.3582],[-54.4535,-12.3632],[-54.4781,-12.3594],[-54.5048,-12.3851],[-54.516,-12.3845],[-54.532,-12.4155],[-54.5283,-12.4231],[-54.5361,-12.4501],[-54.5471,-12.4539],[-54.5517,-12.4639],[-54.58,-12.4657],[-54.5855,-12.4717],[-54.5934,-12.4665],[-54.6065,-12.4766],[-54.6265,-12.4741],[-54.6428,-12.4816],[-54.6583,-12.4819],[-54.6683,-12.4751],[-54.6937,-12.4856],[-54.7059,-12.4967],[-54.7187,-12.5399],[-54.7356,-12.5471],[-54.7276,-12.56],[-54.7466,-12.6011],[-54.7704,-12.6085],[-54.7909,-12.6265],[-54.8516,-12.6461],[-54.8626,-12.6419],[-54.866,-12.6491],[-54.8833,-12.6557],[-54.8905,-12.651],[-54.9155,-12.667],[-54.9231,-12.6929],[-54.941,-12.7042],[-54.9535,-12.7416],[-55.0138,-12.7292],[-55.2292,-12.737],[-55.2416,-12.6987],[-55.261,-12.6752],[-55.2764,-12.6666],[-55.2907,-12.6898],[-55.3056,-12.697],[-55.3369,-12.7322],[-55.3681,-12.74],[-55.3762,-12.7494],[-55.3862,-12.7825],[-55.397,-12.7966],[-55.375,-12.831],[-55.3769,-12.8562],[-55.4567,-12.8562],[-55.4394,-12.8925],[-55.4042,-12.9269],[-55.3724,-12.9748],[-55.3598,-12.9794],[-55.3515,-12.995],[-55.3621,-13.0123],[-55.3543,-13.0599],[-55.3394,-13.0738],[-55.3447,-13.0861],[-55.3304,-13.0888],[-55.2953,-13.1234],[-55.2974,-13.1538],[-55.3136,-13.1671],[-55.3228,-13.1857],[-55.3272,-13.2141],[-55.321,-13.2356],[-55.3236,-13.2545],[-55.3092,-13.2853],[-55.2937,-13.2862],[-55.2814,-13.2986],[-55.2754,-13.3173],[-55.2546,-13.3254],[-55.2501,-13.3484],[-55.2412,-13.3547],[-55.1703,-13.3535],[-55.1754,-13.3872],[-55.1439,-13.4338],[-55.1451,-13.4562],[-55.1224,-13.5019],[-55.0851,-13.6634],[-55.0863,-13.6907],[-55.1001,-13.6989]]]}},{"type":"Feature","properties":{"code":"5106257","name":"Nova Xavantina"},"geometry":{"type":"Polygon","coordinates":[[[-51.7195,-14.3722],[-51.7472,-14.3798],[-51.7457,-14.4013],[-51.7334,-14.4199],[-51.7783,-14.4716],[-51.789,-14.4703],[-51.7978,-14.4578],[-51.828,-14.4777],[-51.8137,-14.4819],[-51.813,-14.4931],[-51.8352,-14.5119],[-51.8454,-14.4903],[-51.8622,-14.5034],[-51.8746,-14.5027],[-51.9117,-14.5443],[-51.9141,-14.5653],[-51.9261,-14.5761],[-51.9736,-14.599],[-52.0099,-14.6042],[-52.014,-14.6379],[-52.045,-14.6602],[-52.0496,-14.6709],[-52.0584,-14.6762],[-52.0786,-14.6732],[-52.0948,-14.6871],[-52.1045,-14.6818],[-52.1048,-14.6549],[-52.119,-14.6592],[-52.1257,-14.655],[-52.1246,-14.6404],[-52.1372,-14.6383],[-52.1476,-14.6156],[-52.1554,-14.6174],[-52.155,-14.6279],[-52.1618,-14.6308],[-52.1639,-14.6028],[-52.1742,-14.6038],[-52.1759,-14.6095],[-52.19,-14.6061],[-52.2043,-14.5915],[-52.2136,-14.5685],[-52.2262,-14.5694],[-52.2327,-14.5589],[-52.2514,-14.5601],[-52.2726,-14.5805],[-52.295,-14.5812],[-52.2959,-14.5688],[-52.3069,-14.566],[-52.3241,-14.5789],[-52.3384,-14.5726],[-52.3336,-14.5418],[-52.3304,-14.5346],[-52.3204,-14.5354],[-52.3188,-14.5256],[-52.3288,-14.5002],[-52.3222,-14.4684],[-52.3117,-14.4695],[-52.3093,-14.4603],[-52.3116,-14.4437],[-52.3226,-14.4346],[-52.3241,-14.4132],[-52.3338,-14.4038],[-52.3253,-14.3863],[-52.3348,-14.3773],[-52.3313,-14.3573],[-52.3242,-14.3505],[-52.3537,-14.3284],[-52.3549,-14.3192],[-52.3655,-14.3186],[-52.3686,-14.3016],[-52.3813,-14.3042],[-52.3943,-14.2888],[-52.396,-14.2814],[-52.3788,-14.2455],[-52.3818,-14.231],[-52.3744,-14.2303],[-52.3824,-14.1835],[-52.4281,-14.1779],[-52.4357,-14.1843],[-52.4809,-14.1926],[-52.5231,-14.1789],[-52.5441,-14.196],[-52.559,-14.1996],[-52.567,-14.1943],[-52.5875,-14.2065],[-52.6085,-14.2081],[-52.6245,-14.1949],[-52.6221,-14.188],[-52.6505,-14.1822],[-52.6859,-14.2115],[-52.7424,-14.2224],[-52.7543,-14.2307],[-52.7669,-14.2236],[-52.7955,-14.2289],[-52.8203,-14.237],[-52.8266,-14.2497],[-52.8468,-14.2472],[-52.8852,-14.2557],[-52.9102,-14.2494],[-52.9299,-14.2554],[-52.9316,-14.2613],[-52.9059,-14.2948],[-52.9105,-14.3056],[-52.8985,-14.3251],[-52.864,-14.3477],[-52.8465,-14.3392],[-52.7998,-14.3568],[-52.8043,-14.3794],[-52.8178,-14.3918],[-52.6865,-14.5514],[-52.7475,-14.6103],[-52.7553,-14.6596],[-52.7735,-14.6561],[-52.7825,-14.6619],[-52.7849,-14.6775],[-52.7778,-14.6786],[-52.7771,-14.6976],[-52.7981,-14.7308],[-52.793,-14.7534],[-52.8141,-14.779],[-52.7886,-14.7734],[-52.7742,-14.7797],[-52.7696,-14.7956],[-52.7457,-14.7879],[-52.7343,-14.7766],[-52.7287,-14.7866],[-52.7067,-14.7856],[-52.7047,-14.774],[-52.6539,-14.7831],[-52.6416,-14.7986],[-52.6616,-14.8009],[-52.6757,-14.8235],[-52.6759,-14.8373],[-52.6697,-14.844],[-52.6777,-14.8617],[-52.6463,-14.8732],[-52.6386,-14.8819],[-52.6364,-14.9215],[-52.6034,-14.9372],[-52.5992,-14.9519],[-52.6068,-14.9756],[-52.6046,-14.991],[-52.5953,-15.0022],[-52.5868,-15.0347],[-52.5928,-15.0467],[-52.5573,-15.1236],[-52.5501,-15.1557],[-52.5287,-15.1772],[-52.4909,-14.8961],[-52.4773,-14.8902],[-52.4475,-14.9275],[-52.4016,-14.9432],[-52.3806,-14.9443],[-52.369,-14.9343],[-52.3455,-14.9344],[-52.326,-14.9221],[-52.3149,-14.9005],[-52.3003,-14.8931],[-52.2821,-14.871],[-52.2614,-14.8651],[-52.2529,-14.8519],[-52.2536,-14.838],[-52.2392,-14.822],[-52.2055,-14.8306],[-52.1966,-14.8141],[-52.1832,-14.8183],[-52.17,-14.8373],[-52.1585,-14.8361],[-52.1367,-14.8515],[-52.1263,-14.842],[-52.1061,-14.8576],[-52.0904,-14.8599],[-52.0765,-14.8453],[-52.0691,-14.8461],[-52.0475,-14.8205],[-52.0213,-14.8129],[-52.0101,-14.7985],[-51.9921,-14.7982],[-51.994,-14.7901],[-51.9763,-14.7828],[-51.964,-14.7632],[-51.9561,-14.7611],[-51.9497,-14.7833],[-51.9385,-14.7854],[-51.9338,-14.7763],[-51.9382,-14.7641],[-51.9049,-14.7701],[-51.9081,-14.7613],[-51.8936,-14.7463],[-51.8951,-14.7359],[-51.8833,-14.7333],[-51.8627,-14.7438],[-51.8674,-14.7263],[-51.8555,-14.7124],[-51.8605,-14.705],[-51.8466,-14.6943],[-51.8293,-14.701],[-51.8216,-14.6956],[-51.8278,-14.6803],[-51.8047,-14.6648],[-51.8122,-14.6558],[-51.7972,-14.6365],[-51.7858,-14.638],[-51.7822,-14.6445],[-51.775,-14.641],[-51.7769,-14.6121],[-51.7601,-14.5985],[-51.7206,-14.6004],[-51.6945,-14.5763],[-51.6914,-14.536],[-51.6997,-14.4975],[-51.7084,-14.4942],[-51.7142,-14.4781],[-51.7101,-14.4723],[-51.7254,-14.4599],[-51.7091,-14.4547],[-51.719,-14.4371],[-51.7041,-14.4284],[-51.7049,-14.4123],[-51.7154,-14.3951],[-51.7081,-14.3787],[-51.7195,-14.3722]]]}},{"type":"Feature","properties":{"code":"5106265","name":"Novo Mundo"},"geometry":{"type":"Polygon","coordinates":[[[-55.5576,-10.057],[-55.5445,-10.0635],[-55.5229,-10.0974],[-55.4974,-10.0962],[-55.4772,-10.1261],[-55.4624,-10.1228],[-55.4176,-10.1633],[-55.3747,-10.169],[-55.3517,-10.1873],[-55.2761,-10.1473],[-55.2662,-10.1159],[-55.248,-10.0947],[-55.2405,-10.0941],[-55.2291,-10.1175],[-55.2435,-10.1341],[-55.2422,-10.1461],[-55.2231,-10.1534],[-55.2084,-10.1726],[-55.1855,-10.1654],[-55.1817,-10.1782],[-55.1859,-10.1821],[-55.1763,-10.1941],[-55.1702,-10.1907],[-55.1579,-10.165],[-55.172,-10.1314],[-55.167,-10.0925],[-55.1562,-10.0914],[-55.152,-10.0819],[-55.1613,-10.0666],[-55.1168,-10.0353],[-55.0796,-10.0272],[-55.0648,-10.0076],[-55.0522,-10.0074],[-55.0496,-9.9922],[-55.0418,-9.9944],[-55.0364,-9.9886],[-55.0406,-9.976],[-55.0326,-9.9685],[-55.0321,-9.9521],[-55.0398,-9.909],[-55.0332,-9.9077],[-55.0344,-9.8968],[-55.054,-9.8795],[-55.0447,-9.8755],[-55.0362,-9.8434],[-55.027,-9.8331],[-55.018,-9.8369],[-55.0029,-9.8195],[-54.9952,-9.8208],[-54.9854,-9.797],[-54.9905,-9.7804],[-54.9711,-9.7268],[-54.9655,-9.6864],[-54.9572,-9.677],[-54.9704,-9.6511],[-54.9815,-9.5919],[-54.9662,-9.577],[-54.9787,-9.569],[-54.9855,-9.5543],[-54.9964,-9.5236],[-54.9956,-9.5053],[-55.8672,-9.4343],[-55.8695,-9.4474],[-55.8891,-9.4446],[-55.9029,-9.4566],[-55.9058,-9.4888],[-55.8916,-9.5088],[-55.8942,-9.522],[-55.9227,-9.5858],[-55.9315,-9.5868],[-55.9339,-9.6085],[-55.9195,-9.6523],[-55.8894,-9.6774],[-55.8654,-9.721],[-55.8322,-9.7365],[-55.8048,-9.7351],[-55.7815,-9.7618],[-55.7527,-9.7718],[-55.7333,-9.788],[-55.6709,-9.8987],[-55.6527,-9.8946],[-55.6447,-9.8822],[-55.6296,-9.8821],[-55.5749,-9.9513],[-55.5763,-9.967],[-55.5612,-9.9881],[-55.5576,-10.057]]]}},{"type":"Feature","properties":{"code":"5106273","name":"Novo Horizonte do Norte"},"geometry":{"type":"Polygon","coordinates":[[[-57.4081,-11.4939],[-57.3851,-11.5092],[-57.3817,-11.5179],[-57.3656,-11.5239],[-57.3258,-11.5207],[-57.2798,-11.502],[-57.2132,-11.425],[-57.1841,-11.4287],[-57.1416,-11.4556],[-57.1253,-11.4596],[-57.0648,-11.4354],[-57.0433,-11.4483],[-57.0277,-11.4104],[-57.0572,-11.3883],[-57.0631,-11.3459],[-57.0701,-11.3388],[-57.0964,-11.344],[-57.1065,-11.3566],[-57.1298,-11.3523],[-57.1378,-11.3456],[-57.139,-11.3177],[-57.1517,-11.3177],[-57.1547,-11.3121],[-57.1865,-11.3164],[-57.2049,-11.3137],[-57.2112,-11.305],[-57.2371,-11.3043],[-57.2477,-11.2918],[-57.2763,-11.2889],[-57.2822,-11.2754],[-57.3144,-11.2666],[-57.3123,-11.2608],[-57.3236,-11.2479],[-57.345,-11.2623],[-57.3581,-11.2625],[-57.369,-11.2764],[-57.403,-11.2844],[-57.4049,-11.2929],[-57.4279,-11.2941],[-57.4343,-11.3003],[-57.465,-11.2908],[-57.4818,-11.2977],[-57.493,-11.2951],[-57.5241,-11.3178],[-57.5368,-11.3146],[-57.5547,-11.3215],[-57.5519,-11.3525],[-57.5245,-11.3557],[-57.5159,-11.3724],[-57.471,-11.4095],[-57.4758,-11.4232],[-57.4416,-11.4411],[-57.4414,-11.4609],[-57.4104,-11.4786],[-57.4081,-11.4939]]]}},{"type":"Feature","properties":{"code":"5106281","name":"Novo São Joaquim"},"geometry":{"type":"Polygon","coordinates":[[[-52.9387,-15.269],[-52.9218,-15.2443],[-52.8987,-15.2398],[-52.8998,-15.216],[-52.8799,-15.1979],[-52.8406,-15.1247],[-52.7805,-15.0787],[-52.7392,-15.0229],[-52.743,-15.0174],[-52.733,-15.006],[-52.7266,-14.9797],[-52.7294,-14.9526],[-52.722,-14.9352],[-52.6988,-14.9189],[-52.6917,-14.8873],[-52.6697,-14.844],[-52.6759,-14.8373],[-52.6757,-14.8235],[-52.6616,-14.8009],[-52.6416,-14.7986],[-52.6539,-14.7831],[-52.7047,-14.774],[-52.7067,-14.7856],[-52.7287,-14.7866],[-52.7343,-14.7766],[-52.7457,-14.7879],[-52.7696,-14.7956],[-52.7742,-14.7797],[-52.7886,-14.7734],[-52.8141,-14.779],[-52.8237,-14.7688],[-52.8527,-14.7759],[-52.8702,-14.7504],[-52.8824,-14.7539],[-52.8898,-14.7446],[-52.908,-14.7545],[-52.9174,-14.7478],[-52.9172,-14.7408],[-52.9544,-14.7256],[-52.9799,-14.743],[-53.0239,-14.7386],[-53.0414,-14.8089],[-53.0867,-14.8538],[-53.0842,-14.8647],[-53.0983,-14.8793],[-53.12,-14.867],[-53.1358,-14.8734],[-53.1796,-14.8642],[-53.2071,-14.8766],[-53.2252,-14.8693],[-53.2396,-14.8763],[-53.2823,-14.8703],[-53.2917,-14.8628],[-53.5218,-14.9564],[-53.5668,-14.9608],[-53.633,-15.0455],[-53.6786,-15.0761],[-53.7003,-15.0819],[-53.7025,-15.098],[-53.7342,-15.133],[-53.762,-15.1208],[-53.7975,-15.1305],[-53.8586,-15.1047],[-53.8696,-15.0865],[-53.9007,-15.0888],[-53.9248,-15.0832],[-53.9408,-15.1099],[-53.9419,-15.1363],[-53.9333,-15.1409],[-53.9403,-15.1669],[-53.9272,-15.1828],[-53.9457,-15.2177],[-53.9443,-15.2434],[-53.9325,-15.2438],[-53.9301,-15.2508],[-53.9122,-15.245],[-53.9072,-15.2491],[-53.9146,-15.2584],[-53.8882,-15.2588],[-53.8836,-15.2639],[-53.8753,-15.2632],[-53.8742,-15.2486],[-53.8618,-15.2454],[-53.8577,-15.2532],[-53.8227,-15.2614],[-53.8097,-15.2684],[-53.8061,-15.2791],[-53.7971,-15.2797],[-53.7871,-15.2923],[-53.7846,-15.3085],[-53.7757,-15.3024],[-53.7685,-15.3209],[-53.7581,-15.3188],[-53.7497,-15.331],[-53.7352,-15.3301],[-53.7416,-15.3407],[-53.733,-15.3433],[-53.6986,-15.3432],[-53.6931,-15.3384],[-53.6836,-15.3437],[-53.6844,-15.35],[-53.6663,-15.3523],[-53.6577,-15.3421],[-53.6252,-15.3653],[-53.6155,-15.366],[-53.6085,-15.3487],[-53.5991,-15.3581],[-53.5662,-15.3602],[-53.5492,-15.3763],[-53.5144,-15.3631],[-53.5131,-15.3827],[-53.5209,-15.3931],[-53.5095,-15.4005],[-53.5033,-15.3925],[-53.5085,-15.3813],[-53.4843,-15.3808],[-53.481,-15.3682],[-53.4631,-15.3637],[-53.4619,-15.3496],[-53.4552,-15.3465],[-53.453,-15.3548],[-53.4445,-15.3545],[-53.4433,-15.3466],[-53.397,-15.3477],[-53.3859,-15.3577],[-53.3815,-15.3736],[-53.3432,-15.3768],[-53.3407,-15.367],[-53.3212,-15.3658],[-53.3134,-15.3371],[-53.295,-15.3365],[-53.3035,-15.3053],[-53.2982,-15.2956],[-53.2902,-15.298],[-53.2898,-15.2812],[-53.2635,-15.2436],[-53.2384,-15.2374],[-53.2347,-15.2283],[-53.2121,-15.2229],[-53.2021,-15.2125],[-53.19,-15.2211],[-53.1656,-15.2179],[-53.1644,-15.2288],[-53.1519,-15.226],[-53.1459,-15.2347],[-53.1162,-15.23],[-53.08,-15.2509],[-53.0488,-15.2511],[-53.0524,-15.2612],[-53.0412,-15.2745],[-53.022,-15.2618],[-52.9972,-15.273],[-52.99,-15.2851],[-52.9836,-15.2707],[-52.9682,-15.2794],[-52.9387,-15.269]]]}},{"type":"Feature","properties":{"code":"5106299","name":"Paranaíta"},"geometry":{"type":"Polygon","coordinates":[[[-56.938,-9.9363],[-56.8977,-9.9481],[-56.6583,-9.9361],[-56.6526,-9.929],[-56.6356,-9.9307],[-56.5921,-9.9186],[-56.5265,-9.9355],[-56.4893,-9.9312],[-56.4435,-9.9076],[-56.3793,-9.9195],[-56.3303,-9.9019],[-56.3479,-9.8689],[-56.3397,-9.8291],[-56.3308,-9.8285],[-56.3283,-9.8098],[-56.3562,-9.7644],[-56.3505,-9.7377],[-56.3563,-9.7241],[-56.3414,-9.6829],[-56.34,-9.6314],[-56.3077,-9.5478],[-56.2633,-9.4958],[-56.2533,-9.472],[-56.2585,-9.4444],[-56.2711,-9.4345],[-56.2773,-9.4156],[-56.2723,-9.4008],[-56.6719,-9.3674],[-56.7084,-9.3732],[-56.7377,-9.3968],[-56.7611,-9.405],[-56.7723,-9.391],[-56.7792,-9.3172],[-56.7852,-9.3166],[-56.8034,-9.2675],[-56.8201,-9.2463],[-56.8603,-9.2316],[-56.8795,-9.2397],[-56.9493,-9.224],[-56.9955,-9.2338],[-57.0226,-9.2197],[-57.0393,-9.197],[-57.0598,-9.1824],[-57.0614,-9.1916],[-57.0823,-9.1926],[-57.0784,-9.2062],[-57.0976,-9.2068],[-57.1005,-9.2165],[-57.087,-9.239],[-57.0874,-9.2872],[-57.0741,-9.2957],[-57.0682,-9.3081],[-57.0688,-9.3188],[-57.0863,-9.3375],[-57.0813,-9.3928],[-57.0948,-9.405],[-57.1246,-9.4026],[-57.1313,-9.4216],[-57.1104,-9.4339],[-57.0901,-9.4598],[-57.064,-9.4582],[-57.0572,-9.4638],[-57.0549,-9.4712],[-57.0642,-9.4767],[-57.0449,-9.5004],[-57.0628,-9.5096],[-57.0479,-9.5384],[-57.02,-9.5424],[-57.0151,-9.5588],[-57.0039,-9.5522],[-56.9956,-9.566],[-56.9822,-9.5593],[-56.9754,-9.5801],[-56.9694,-9.5736],[-56.9636,-9.5758],[-56.9657,-9.5884],[-56.9416,-9.5938],[-56.9391,-9.6194],[-56.9261,-9.627],[-56.9283,-9.637],[-56.9202,-9.6479],[-56.9277,-9.665],[-56.9148,-9.6701],[-56.8962,-9.7139],[-56.8828,-9.7243],[-56.89,-9.7392],[-56.878,-9.7506],[-56.8874,-9.7711],[-56.8841,-9.7812],[-56.8661,-9.7966],[-56.8501,-9.7947],[-56.853,-9.8156],[-56.8654,-9.8186],[-56.8517,-9.8524],[-56.8417,-9.858],[-56.8516,-9.8694],[-56.864,-9.8478],[-56.8916,-9.8518],[-56.9094,-9.8709],[-56.908,-9.883],[-56.8932,-9.8935],[-56.8975,-9.9098],[-56.9192,-9.9187],[-56.9224,-9.9277],[-56.938,-9.9363]]]}},{"type":"Feature","properties":{"code":"5106307","name":"Paranatinga"},"geometry":{"type":"Polygon","coordinates":[[[-53.224,-13.7749],[-53.2506,-13.7718],[-53.2664,-13.7582],[-53.2838,-13.7543],[-53.2888,-13.7457],[-53.2858,-13.7208],[-53.2914,-13.7165],[-53.3253,-13.7106],[-53.3527,-13.7155],[-53.3623,-13.7057],[-53.3801,-13.7011],[-53.417,-13.6679],[-53.4058,-13.6554],[-53.4204,-13.6535],[-53.4295,-13.6597],[-53.4694,-13.653],[-53.5068,-13.7213],[-53.5198,-13.7204],[-53.5395,-13.7444],[-53.553,-13.7456],[-53.5664,-13.7621],[-53.6128,-13.7793],[-53.6308,-13.7764],[-53.6371,-13.764],[-53.6566,-13.7602],[-53.6857,-13.7686],[-53.6998,-13.7665],[-53.7067,-13.7483],[-53.7028,-13.7386],[-53.721,-13.7316],[-53.7044,-13.7072],[-53.6989,-13.7072],[-53.7056,-13.6755],[-53.7016,-13.6621],[-53.6856,-13.6578],[-53.6836,-13.6405],[-53.6519,-13.6],[-53.64,-13.5715],[-53.6488,-13.5523],[-53.6319,-13.4897],[-53.6392,-13.4872],[-53.6429,-13.4544],[-53.6683,-13.4737],[-53.6767,-13.5059],[-53.6854,-13.5087],[-53.6828,-13.5203],[-53.7108,-13.5495],[-53.7145,-13.5643],[-53.7233,-13.5634],[-53.7548,-13.5857],[-53.7828,-13.5901],[-53.8156,-13.6486],[-53.8539,-13.6891],[-53.8502,-13.7007],[-53.8863,-13.7322],[-53.9175,-13.7425],[-53.9266,-13.7766],[-53.9604,-13.7972],[-53.9861,-13.788],[-53.9984,-13.791],[-54.0129,-13.814],[-54.0192,-13.8027],[-54.0431,-13.7961],[-54.0613,-13.8138],[-54.0884,-13.8054],[-54.077,-13.7838],[-54.0912,-13.7455],[-54.0809,-13.7416],[-54.0772,-13.7328],[-54.0837,-13.7304],[-54.0777,-13.7217],[-54.0829,-13.7122],[-54.0903,-13.713],[-54.0766,-13.6913],[-54.0798,-13.6793],[-54.0535,-13.6564],[-54.046,-13.6231],[-54.0528,-13.6083],[-54.0465,-13.6032],[-54.0469,-13.5744],[-54.0387,-13.5692],[-54.0341,-13.5497],[-54.0381,-13.5441],[-54.0314,-13.5352],[-54.0375,-13.5302],[-54.0324,-13.5234],[-54.0358,-13.5085],[-54.0186,-13.4181],[-54.0254,-13.375],[-54.0071,-13.328],[-54.0067,-13.2935],[-54.0152,-13.2596],[-54.0249,-13.2462],[-54.01,-13.2114],[-54.0115,-13.1759],[-54.0021,-13.1647],[-54.0064,-13.1353],[-53.9781,-13.0895],[-53.9777,-13.0551],[-53.9963,-13.0142],[-53.9844,-13.0005],[-53.9823,-12.9829],[-53.9721,-12.9838],[-53.9335,-12.948],[-53.9338,-12.9342],[-53.9279,-12.9288],[-53.933,-12.9143],[-53.921,-12.9049],[-53.9226,-12.8961],[-53.909,-12.8973],[-53.8912,-12.8761],[-53.8968,-12.8729],[-53.8953,-12.8618],[-53.8839,-12.8573],[-53.8922,-12.8428],[-53.8717,-12.8354],[-53.8613,-12.8056],[-53.8401,-12.7913],[-53.8414,-12.7843],[-53.8352,-12.7807],[-53.8389,-12.7626],[-53.8331,-12.758],[-53.8336,-12.7441],[-53.8414,-12.7406],[-53.8462,-12.7184],[-53.8373,-12.7132],[-53.8418,-12.703],[-53.8119,-12.6783],[-53.8164,-12.6689],[-53.8051,-12.6624],[-53.7998,-12.6042],[-53.7767,-12.5762],[-53.7744,-12.5504],[-53.7847,-12.5464],[-53.7848,-12.5284],[-53.7949,-12.5292],[-53.7969,-12.5201],[-53.7919,-12.4934],[-53.7976,-12.4713],[-53.7755,-12.4411],[-53.7733,-12.4261],[-53.7638,-12.4275],[-53.7563,-12.4173],[-53.7434,-12.4165],[-53.7382,-12.4039],[-53.7282,-12.4015],[-53.7179,-12.359],[-53.7119,-12.3525],[-53.7013,-12.3548],[-53.6923,-12.3429],[-53.6701,-12.2899],[-53.6642,-12.2899],[-53.6599,-12.2723],[-53.6509,-12.2705],[-53.6445,-12.2424],[-53.6318,-12.2388],[-53.622,-12.2243],[-53.6017,-12.2119],[-53.5983,-12.2001],[-53.6042,-12.193],[-53.5896,-12.178],[-53.5967,-12.1552],[-53.5926,-12.1331],[-53.5779,-12.1229],[-53.5812,-12.1068],[-53.5536,-12.089],[-53.5503,-12.0697],[-53.5376,-12.0565],[-53.539,-12.0223],[-53.5359,-12.0156],[-53.5229,-12.0141],[-53.5233,-11.9953],[-53.5476,-11.9486],[-53.5589,-11.9576],[-53.571,-11.9532],[-53.6013,-11.9605],[-53.6096,-11.9561],[-53.6184,-11.9622],[-53.6071,-11.9699],[-53.6095,-11.9799],[-53.6281,-11.9776],[-53.6306,-11.9879],[-53.6191,-12.0063],[-53.6343,-12.0025],[-53.6503,-12.0171],[-53.6529,-12.0234],[-53.646,-12.0263],[-53.6565,-12.0403],[-53.6948,-12.0494],[-53.7122,-12.0346],[-53.717,-12.0393],[-53.7254,-12.0356],[-53.7211,-12.0484],[-53.726,-12.0568],[-53.7516,-12.0677],[-53.766,-12.0896],[-53.7824,-12.0942],[-53.7892,-12.1238],[-53.8191,-12.1518],[-53.8135,-12.1593],[-53.8175,-12.1676],[-53.8238,-12.167],[-53.824,-12.1778],[-53.8407,-12.179],[-53.8395,-12.1909],[-53.8526,-12.208],[-53.8501,-12.2145],[-53.8656,-12.2205],[-53.8742,-12.2357],[-53.8868,-12.2246],[-53.8912,-12.2354],[-53.9023,-12.2405],[-53.9175,-12.2061],[-53.9391,-12.2238],[-53.9406,-12.2138],[-53.9515,-12.2186],[-53.9695,-12.2133],[-53.9891,-12.2376],[-53.9875,-12.2501],[-54.0035,-12.2594],[-54.019,-12.2555],[-54.02,-12.2692],[-54.0291,-12.2688],[-54.0446,-12.296],[-54.0592,-12.2948],[-54.0697,-12.315],[-54.0807,-12.3139],[-54.0715,-12.3318],[-54.0873,-12.3468],[-54.1066,-12.3403],[-54.1304,-12.3482],[-54.1369,-12.3747],[-54.1458,-12.388],[-54.1563,-12.392],[-54.1548,-12.4091],[-54.1668,-12.4161],[-54.1559,-12.4247],[-54.1746,-12.4371],[-54.1765,-12.4719],[-54.1687,-12.4871],[-54.1951,-12.4941],[-54.2004,-12.5122],[-54.2181,-12.5349],[-54.2282,-12.5406],[-54.2455,-12.5384],[-54.2451,-12.5444],[-54.2719,-12.5573],[-54.2839,-12.5764],[-54.2991,-12.5751],[-54.2988,-12.592],[-54.3113,-12.5979],[-54.3088,-12.6131],[-54.3162,-12.6139],[-54.3126,-12.6258],[-54.3243,-12.6461],[-54.3279,-12.6718],[-54.3208,-12.6787],[-54.3296,-12.703],[-54.3359,-12.7007],[-54.342,-12.7177],[-54.3359,-12.7237],[-54.3468,-12.7434],[-54.3402,-12.8],[-54.3298,-12.8041],[-54.3289,-12.8137],[-54.3388,-12.8484],[-54.3272,-12.854],[-54.3319,-12.8721],[-54.3231,-12.8845],[-54.3334,-12.8867],[-54.3646,-12.9693],[-54.4066,-13.0065],[-54.4014,-13.0171],[-54.4076,-13.0295],[-54.4011,-13.0617],[-54.4224,-13.0805],[-54.4214,-13.0941],[-54.4302,-13.1],[-54.4238,-13.1114],[-54.436,-13.1198],[-54.4546,-13.1565],[-54.455,-13.1705],[-54.4661,-13.1803],[-54.4591,-13.1953],[-54.4669,-13.2089],[-54.4653,-13.2219],[-54.4726,-13.2351],[-54.5326,-13.2623],[-54.542,-13.2753],[-54.5541,-13.3389],[-54.5796,-13.3514],[-54.6069,-13.3923],[-54.6283,-13.4062],[-54.6287,-13.4263],[-54.6523,-13.4562],[-54.6457,-13.4917],[-54.6498,-13.5024],[-54.6683,-13.5117],[-54.6714,-13.523],[-54.6523,-13.5597],[-54.6518,-13.5757],[-54.6664,-13.5987],[-54.6643,-13.6062],[-54.6781,-13.636],[-54.672,-13.6385],[-54.6624,-13.7009],[-54.6709,-13.7286],[-54.6434,-13.7904],[-54.6491,-13.8008],[-54.6633,-13.8141],[-54.6957,-13.8216],[-54.7576,-13.8718],[-55.1001,-13.6989],[-55.0842,-13.7164],[-55.087,-13.7301],[-55.046,-13.7502],[-55.0509,-13.7651],[-55.0471,-13.779],[-55.0266,-13.7855],[-55.0295,-13.7912],[-55.0183,-13.8053],[-54.9963,-13.8231],[-54.9987,-13.851],[-54.9729,-13.8691],[-54.9797,-13.8778],[-55.0043,-13.8725],[-55.0155,-13.8796],[-54.9922,-13.8879],[-54.9752,-13.8797],[-54.9684,-13.8847],[-54.9625,-13.8953],[-54.9748,-13.9116],[-54.9699,-13.9348],[-54.9487,-13.9544],[-54.9378,-13.9471],[-54.9368,-13.935],[-54.9317,-13.9361],[-54.9319,-13.9639],[-54.9111,-13.9658],[-54.9079,-13.9767],[-54.9187,-13.9789],[-54.9185,-13.9882],[-54.905,-13.9885],[-54.8996,-13.9984],[-54.9191,-14.0002],[-54.9096,-14.0321],[-54.9155,-14.0358],[-54.9242,-14.0282],[-54.9279,-14.0357],[-54.9214,-14.061],[-54.9268,-14.0916],[-54.9184,-14.0967],[-54.904,-14.0939],[-54.9086,-14.1044],[-54.8995,-14.1089],[-54.888,-14.1042],[-54.8973,-14.1272],[-54.8867,-14.1426],[-54.8912,-14.1505],[-54.8706,-14.1683],[-54.872,-14.2226],[-54.8505,-14.2292],[-54.8434,-14.2547],[-54.818,-14.2499],[-54.8089,-14.2648],[-54.8165,-14.284],[-54.8131,-14.3037],[-54.8002,-14.2796],[-54.7863,-14.31],[-54.7722,-14.3215],[-54.7673,-14.311],[-54.7536,-14.3235],[-54.7429,-14.32],[-54.7394,-14.3116],[-54.723,-14.3398],[-54.7143,-14.3382],[-54.7231,-14.3212],[-54.7176,-14.3127],[-54.6949,-14.3214],[-54.6943,-14.3288],[-54.705,-14.3311],[-54.7094,-14.3419],[-54.7014,-14.3419],[-54.695,-14.3516],[-54.7081,-14.3735],[-54.6807,-14.377],[-54.6627,-14.3871],[-54.6593,-14.3984],[-54.6481,-14.4061],[-54.6453,-14.3954],[-54.6335,-14.4163],[-54.6204,-14.3986],[-54.6059,-14.3963],[-54.6027,-14.4131],[-54.5959,-14.3985],[-54.5831,-14.4096],[-54.5897,-14.4201],[-54.5831,-14.4306],[-54.5582,-14.4342],[-54.5667,-14.4553],[-54.55,-14.4764],[-54.5154,-14.4783],[-54.5119,-14.4855],[-54.4913,-14.4806],[-54.4762,-14.4883],[-54.4673,-14.4743],[-54.4572,-14.4752],[-54.4455,-14.5097],[-54.4339,-14.5073],[-54.4223,-14.5229],[-54.3987,-14.5318],[-54.3896,-14.5495],[-54.3972,-14.5859],[-54.3865,-14.6089],[-54.3906,-14.6132],[-54.3602,-14.6358],[-54.3305,-14.6401],[-54.3355,-14.6821],[-54.3297,-14.6966],[-54.3358,-14.7005],[-54.3375,-14.7328],[-54.2009,-14.6888],[-54.1841,-14.6531],[-54.1446,-14.6442],[-54.1339,-14.6281],[-54.1027,-14.6146],[-54.0959,-14.6206],[-54.0404,-14.6138],[-54.0304,-14.6069],[-53.9955,-14.6129],[-53.961,-14.6039],[-53.9323,-14.6193],[-53.9242,-14.6347],[-53.8711,-14.6201],[-53.869,-14.6243],[-53.8317,-14.6169],[-53.7772,-14.6352],[-53.7222,-14.6129],[-53.6976,-14.5754],[-53.6321,-14.5675],[-53.5842,-14.5487],[-53.5515,-14.5119],[-53.5607,-14.5057],[-53.5512,-14.4844],[-53.5309,-14.4615],[-53.5175,-14.4619],[-53.5193,-14.4513],[-53.4986,-14.4406],[-53.4923,-14.4223],[-53.4835,-14.4207],[-53.4794,-14.4103],[-53.455,-14.3903],[-53.4523,-14.3667],[-53.457,-14.3603],[-53.452,-14.3514],[-53.4633,-14.3146],[-53.4541,-14.289],[-53.4552,-14.2647],[-53.4195,-14.2299],[-53.4154,-14.2107],[-53.4038,-14.208],[-53.4074,-14.1992],[-53.3976,-14.1926],[-53.4004,-14.1838],[-53.3767,-14.1659],[-53.3618,-14.1246],[-53.3622,-14.0873],[-53.3674,-14.081],[-53.3618,-14.0712],[-53.3654,-14.066],[-53.3554,-14.0539],[-53.3569,-14.0442],[-53.3637,-14.044],[-53.3545,-14.0311],[-53.3592,-14.0242],[-53.3451,-14.021],[-53.3461,-14.002],[-53.3272,-14.0034],[-53.3162,-13.9601],[-53.2995,-13.9577],[-53.2821,-13.9057],[-53.2579,-13.8823],[-53.2622,-13.8645],[-53.2553,-13.8594],[-53.2615,-13.8341],[-53.2516,-13.83],[-53.2491,-13.8001],[-53.2265,-13.7859],[-53.224,-13.7749]]]}},{"type":"Feature","properties":{"code":"5106315","name":"Novo Santo Antônio"},"geometry":{"type":"Polygon","coordinates":[[[-51.1296,-12.4349],[-51.0766,-12.4351],[-51.0769,-12.4184],[-51.0678,-12.4111],[-51.0545,-12.4184],[-51.0423,-12.4041],[-51.0364,-12.4072],[-51.0296,-12.4004],[-51.0218,-12.4063],[-51.0063,-12.3922],[-50.9908,-12.3933],[-50.9932,-12.4022],[-50.9768,-12.4133],[-50.988,-12.4406],[-50.9931,-12.4917],[-50.9782,-12.4999],[-50.986,-12.5134],[-50.9775,-12.5269],[-50.9665,-12.5298],[-50.9618,-12.5178],[-50.9524,-12.522],[-50.9556,-12.5378],[-50.9493,-12.5443],[-50.9611,-12.5623],[-50.9468,-12.5788],[-50.9242,-12.6258],[-50.9329,-12.6382],[-50.929,-12.6517],[-50.9341,-12.662],[-50.9237,-12.6846],[-50.9371,-12.6843],[-50.9455,-12.6928],[-50.8969,-12.8492],[-50.8428,-12.892],[-50.8323,-12.8865],[-50.8264,-12.8719],[-50.8054,-12.8611],[-50.7815,-12.866],[-50.7831,-12.8477],[-50.7725,-12.8447],[-50.7714,-12.8357],[-50.7791,-12.8142],[-50.7757,-12.8081],[-50.7628,-12.815],[-50.7523,-12.811],[-50.7517,-12.7975],[-50.7303,-12.7845],[-50.7309,-12.7712],[-50.7389,-12.7688],[-50.7409,-12.7607],[-50.7345,-12.733],[-50.726,-12.7245],[-50.7107,-12.7231],[-50.7088,-12.6904],[-50.6992,-12.6825],[-50.6981,-12.669],[-50.693,-12.6706],[-50.6838,-12.6584],[-50.6839,-12.6481],[-50.6964,-12.6497],[-50.7013,-12.6435],[-50.7065,-12.6097],[-50.7001,-12.5951],[-50.6739,-12.6001],[-50.668,-12.596],[-50.6675,-12.5842],[-50.6865,-12.5692],[-50.6655,-12.5403],[-50.6596,-12.5061],[-50.6471,-12.4855],[-50.653,-12.4601],[-50.6423,-12.4525],[-50.6236,-12.4553],[-50.6183,-12.429],[-50.6337,-12.4139],[-50.6269,-12.384],[-50.6446,-12.3459],[-50.6378,-12.3253],[-50.6489,-12.2991],[-50.6313,-12.2849],[-50.6323,-12.2686],[-50.6508,-12.245],[-50.6437,-12.223],[-50.6814,-12.2169],[-50.6868,-12.2007],[-50.6792,-12.1881],[-50.679,-12.1553],[-50.6704,-12.1376],[-50.676,-12.1239],[-50.6674,-12.0817],[-50.6676,-12.0646],[-50.6866,-12.0451],[-50.6778,-12.0195],[-50.6841,-12.0108],[-50.6822,-11.9909],[-50.6568,-11.9668],[-50.6547,-11.948],[-50.668,-11.9301],[-50.6591,-11.9143],[-50.6406,-11.9027],[-50.6393,-11.8846],[-50.6654,-11.8645],[-50.6863,-11.859],[-50.691,-11.8172],[-50.722,-11.7397],[-50.7173,-11.7274],[-50.7289,-11.7266],[-50.7405,-11.7397],[-50.7245,-11.7565],[-50.732,-11.7668],[-50.7625,-11.785],[-50.7644,-11.802],[-50.7758,-11.8104],[-50.8056,-11.8149],[-50.8214,-11.8465],[-50.8327,-11.8565],[-50.8307,-11.8638],[-50.8441,-11.8783],[-50.8416,-11.8879],[-50.8557,-11.929],[-50.8566,-11.9529],[-50.8722,-11.9754],[-50.8742,-12.0004],[-50.8792,-12.0092],[-50.8909,-12.0117],[-50.8941,-12.0313],[-50.9049,-12.0267],[-50.9013,-12.0393],[-50.9188,-12.049],[-50.9174,-12.062],[-50.9289,-12.0629],[-50.9357,-12.0762],[-50.9423,-12.0731],[-50.9503,-12.0851],[-50.943,-12.0996],[-50.9603,-12.1073],[-50.9827,-12.103],[-51.0085,-12.1214],[-51.0498,-12.1247],[-51.0737,-12.1095],[-51.0847,-12.0836],[-51.0941,-12.0772],[-51.1327,-12.0716],[-51.1664,-12.097],[-51.1835,-12.0976],[-51.2036,-12.1084],[-51.2319,-12.105],[-51.3061,-12.1705],[-51.3095,-12.2204],[-51.3035,-12.2215],[-51.2884,-12.2468],[-51.3103,-12.3182],[-51.3035,-12.3367],[-51.2899,-12.3463],[-51.273,-12.3398],[-51.2654,-12.3459],[-51.2413,-12.3462],[-51.2402,-12.3545],[-51.2229,-12.3711],[-51.217,-12.3671],[-51.1627,-12.3948],[-51.1609,-12.4059],[-51.1491,-12.4097],[-51.1396,-12.4273],[-51.1257,-12.4275],[-51.1296,-12.4349]]]}},{"type":"Feature","properties":{"code":"5106372","name":"Pedra Preta"},"geometry":{"type":"Polygon","coordinates":[[[-54.168,-16.5057],[-54.1953,-16.6596],[-54.453,-16.5597],[-54.4844,-16.5747],[-54.4984,-16.5655],[-54.5001,-16.5565],[-54.5223,-16.5685],[-54.533,-16.5924],[-54.5468,-16.5969],[-54.5537,-16.6102],[-54.5397,-16.6422],[-54.5465,-16.6517],[-54.564,-16.6578],[-54.5699,-16.6692],[-54.5871,-16.6725],[-54.5985,-16.7013],[-54.5901,-16.7121],[-54.5985,-16.7303],[-54.5866,-16.7565],[-54.5825,-17.0783],[-54.5662,-17.0731],[-54.5321,-17.0789],[-54.4683,-17.1118],[-54.4444,-17.103],[-54.4185,-17.1058],[-54.3977,-17.0967],[-54.3772,-17.0994],[-54.3565,-17.0886],[-54.3168,-17.0914],[-54.3083,-17.086],[-54.2908,-17.0923],[-54.2698,-17.0697],[-54.2198,-17.0682],[-54.1918,-17.0321],[-54.1796,-17.027],[-54.1575,-17.0447],[-54.0169,-16.9335],[-54.0169,-16.9257],[-54.0014,-16.9165],[-54.0067,-16.8902],[-54.0,-16.8768],[-53.9763,-16.8633],[-53.9413,-16.8264],[-53.8916,-16.8033],[-53.8841,-16.7906],[-53.883,-16.7691],[-53.8706,-16.7658],[-53.8492,-16.7388],[-53.8289,-16.7302],[-53.8278,-16.7063],[-53.8448,-16.6876],[-53.8503,-16.6638],[-53.8353,-16.5796],[-53.8463,-16.5829],[-53.8558,-16.5746],[-53.8833,-16.594],[-53.8911,-16.5913],[-53.9171,-16.5594],[-53.9358,-16.5525],[-53.9372,-16.5438],[-53.9589,-16.5291],[-53.9808,-16.5244],[-53.98,-16.4988],[-53.9924,-16.4909],[-54.0043,-16.4935],[-54.0044,-16.4831],[-54.0122,-16.4768],[-54.0232,-16.4785],[-54.0368,-16.468],[-54.0554,-16.4706],[-54.0611,-16.48],[-54.0681,-16.4753],[-54.1097,-16.4828],[-54.1117,-16.4966],[-54.1197,-16.4892],[-54.1297,-16.4928],[-54.1299,-16.5003],[-54.168,-16.5057]]]}},{"type":"Feature","properties":{"code":"5106422","name":"Peixoto de Azevedo"},"geometry":{"type":"Polygon","coordinates":[[[-54.6084,-10.5928],[-54.6003,-10.6094],[-54.5919,-10.6016],[-54.5838,-10.6067],[-54.5831,-10.5963],[-54.5544,-10.607],[-54.5353,-10.595],[-54.5354,-10.5821],[-54.5233,-10.5709],[-54.4832,-10.5674],[-54.4635,-10.5525],[-54.4445,-10.5517],[-54.4431,-10.5452],[-54.4227,-10.5349],[-54.4109,-10.5067],[-54.3767,-10.4701],[-54.3511,-10.4552],[-54.3049,-10.4583],[-54.2722,-10.4479],[-54.264,-10.4365],[-54.255,-10.4412],[-54.2459,-10.4333],[-54.2003,-10.4436],[-54.1797,-10.4358],[-54.1745,-10.443],[-54.1541,-10.4482],[-54.0776,-10.4503],[-54.0417,-10.4924],[-53.9765,-10.516],[-53.9193,-10.5662],[-53.8637,-10.5627],[-53.7875,-10.5385],[-53.7375,-10.5401],[-53.6591,-10.5158],[-53.3193,-10.6432],[-53.127,-10.774],[-53.0984,-10.7777],[-53.0959,-10.7443],[-53.0843,-10.7105],[-53.0848,-10.6959],[-53.0949,-10.6863],[-53.0933,-10.6532],[-53.0898,-10.6428],[-53.0569,-10.6155],[-53.0507,-10.5978],[-53.0533,-10.5859],[-53.0857,-10.57],[-53.0873,-10.5611],[-53.083,-10.4998],[-53.0661,-10.4571],[-53.0572,-10.4013],[-53.0459,-10.3642],[-53.0214,-10.3228],[-53.0011,-10.3136],[-52.97,-10.3119],[-52.9589,-10.3025],[-52.9558,-10.2905],[-52.9543,-10.2736],[-52.9713,-10.2546],[-52.9692,-10.2344],[-52.9777,-10.2275],[-52.979,-10.1704],[-52.9836,-10.1564],[-52.9959,-10.1559],[-53.0031,-10.14],[-52.9914,-10.1082],[-52.9957,-10.0844],[-52.9917,-10.071],[-52.9192,-10.0037],[-52.8998,-9.9968],[-52.8879,-9.9573],[-52.8689,-9.9488],[-52.8602,-9.922],[-52.8268,-9.9068],[-52.7987,-9.8804],[-52.776,-9.8325],[-52.7282,-9.803],[-52.7101,-9.8062],[-52.6883,-9.7913],[-52.657,-9.7819],[-52.6301,-9.731],[-52.6313,-9.6975],[-52.6193,-9.6823],[-53.5891,-9.611],[-53.6102,-9.6256],[-53.6018,-9.6357],[-53.6032,-9.6554],[-53.6207,-9.656],[-53.6339,-9.6654],[-53.6389,-9.6584],[-53.6592,-9.681],[-53.6775,-9.679],[-53.682,-9.6895],[-53.7069,-9.6958],[-53.7146,-9.707],[-53.7314,-9.703],[-53.7331,-9.7078],[-53.7612,-9.7103],[-53.7679,-9.7274],[-53.7536,-9.7262],[-53.7515,-9.7431],[-53.7635,-9.7479],[-53.7626,-9.7645],[-53.7829,-9.7688],[-53.7791,-9.7767],[-53.7879,-9.7772],[-53.7947,-9.7855],[-53.7898,-9.7894],[-53.8046,-9.8021],[-53.8085,-9.7946],[-53.8349,-9.7898],[-53.8394,-9.7971],[-53.8348,-9.8036],[-53.8447,-9.8189],[-53.839,-9.8408],[-53.8551,-9.8439],[-53.866,-9.8382],[-53.8763,-9.845],[-53.8862,-9.8408],[-53.8922,-9.8483],[-53.9011,-9.8463],[-53.9029,-9.8549],[-53.9206,-9.8472],[-53.9438,-9.8505],[-53.9594,-9.8859],[-53.9754,-9.8893],[-53.9878,-9.9317],[-53.9978,-9.9345],[-54.0055,-9.9751],[-54.0203,-9.9911],[-54.0296,-9.9842],[-54.0575,-9.9978],[-54.0552,-10.0093],[-54.0695,-10.0292],[-54.0701,-10.0402],[-54.0867,-10.054],[-54.092,-10.0771],[-54.113,-10.0947],[-54.1019,-10.1289],[-54.1012,-10.163],[-54.0837,-10.1949],[-54.0644,-10.1995],[-54.0577,-10.2117],[-54.013,-10.2476],[-54.0243,-10.2537],[-54.0348,-10.235],[-54.0617,-10.2326],[-54.082,-10.2492],[-54.0983,-10.2523],[-54.1142,-10.2422],[-54.1269,-10.245],[-54.1435,-10.2377],[-54.1588,-10.2455],[-54.176,-10.2447],[-54.192,-10.256],[-54.2094,-10.2537],[-54.2212,-10.242],[-54.2449,-10.2578],[-54.2794,-10.2419],[-54.2886,-10.2458],[-54.2986,-10.2632],[-54.306,-10.2619],[-54.3222,-10.2706],[-54.3262,-10.2796],[-54.3412,-10.2839],[-54.3569,-10.3044],[-54.3623,-10.3258],[-54.3744,-10.3316],[-54.3789,-10.3263],[-54.431,-10.3237],[-54.4488,-10.3409],[-54.4632,-10.3386],[-54.4753,-10.3456],[-54.5034,-10.3842],[-54.5254,-10.3899],[-54.547,-10.3719],[-54.6552,-10.3542],[-54.8572,-10.2398],[-54.8993,-10.231],[-54.9164,-10.2483],[-54.927,-10.2294],[-54.9517,-10.2108],[-54.9655,-10.2218],[-54.9831,-10.1919],[-54.9859,-10.1752],[-54.9772,-10.1443],[-54.9826,-10.1362],[-55.0005,-10.1364],[-55.0086,-10.144],[-55.0033,-10.1523],[-55.0098,-10.1671],[-55.0244,-10.1705],[-55.0358,-10.1569],[-55.0341,-10.1344],[-55.0472,-10.1276],[-55.0559,-10.1301],[-55.0738,-10.1527],[-55.0687,-10.1664],[-55.0759,-10.1687],[-55.0789,-10.1584],[-55.1008,-10.1534],[-55.1094,-10.1641],[-55.0981,-10.171],[-55.0969,-10.1804],[-55.1348,-10.1771],[-55.1471,-10.1976],[-55.146,-10.2068],[-55.1326,-10.2041],[-55.1273,-10.2094],[-55.1539,-10.2258],[-55.0329,-10.3027],[-54.721,-10.4127],[-54.7129,-10.4087],[-54.7107,-10.4185],[-54.7002,-10.4252],[-54.6944,-10.4191],[-54.6647,-10.4298],[-54.6554,-10.4439],[-54.6668,-10.4539],[-54.6528,-10.4668],[-54.6438,-10.4972],[-54.6444,-10.5051],[-54.6523,-10.5065],[-54.633,-10.5446],[-54.613,-10.5421],[-54.6143,-10.5524],[-54.6053,-10.5666],[-54.6084,-10.5928]]]}},{"type":"Feature","properties":{"code":"5106455","name":"Planalto da Serra"},"geometry":{"type":"Polygon","coordinates":[[[-54.3375,-14.7328],[-54.3358,-14.7005],[-54.3297,-14.6966],[-54.3355,-14.6821],[-54.3305,-14.6401],[-54.3602,-14.6358],[-54.3906,-14.6132],[-54.3865,-14.6089],[-54.3972,-14.5859],[-54.3896,-14.5495],[-54.3987,-14.5318],[-54.4223,-14.5229],[-54.4339,-14.5073],[-54.4455,-14.5097],[-54.4572,-14.4752],[-54.4673,-14.4743],[-54.4762,-14.4883],[-54.4913,-14.4806],[-54.5119,-14.4855],[-54.5154,-14.4783],[-54.55,-14.4764],[-54.5667,-14.4553],[-54.5582,-14.4342],[-54.5831,-14.4306],[-54.5897,-14.4201],[-54.5831,-14.4096],[-54.5959,-14.3985],[-54.6027,-14.4131],[-54.6059,-14.3963],[-54.6204,-14.3986],[-54.6335,-14.4163],[-54.6453,-14.3954],[-54.6481,-14.4061],[-54.6593,-14.3984],[-54.6627,-14.3871],[-54.6807,-14.377],[-54.7081,-14.3735],[-54.695,-14.3516],[-54.7014,-14.3419],[-54.7094,-14.3419],[-54.705,-14.3311],[-54.6943,-14.3288],[-54.6949,-14.3214],[-54.7176,-14.3127],[-54.7231,-14.3212],[-54.7143,-14.3382],[-54.723,-14.3398],[-54.7394,-14.3116],[-54.7429,-14.32],[-54.7536,-14.3235],[-54.7673,-14.311],[-54.7722,-14.3215],[-54.7863,-14.31],[-54.8002,-14.2796],[-54.8131,-14.3037],[-54.815,-14.294],[-54.8248,-14.2947],[-54.8311,-14.3188],[-54.8568,-14.3268],[-54.8525,-14.3361],[-54.8656,-14.3569],[-54.8692,-14.3824],[-54.8845,-14.3966],[-54.8982,-14.395],[-54.9138,-14.4026],[-54.9155,-14.4132],[-54.9297,-14.4194],[-54.9144,-14.4392],[-54.9003,-14.484],[-54.9293,-14.5439],[-54.9069,-14.6516],[-54.913,-14.6546],[-54.9101,-14.6731],[-54.9229,-14.6779],[-54.9268,-14.689],[-54.9156,-14.7144],[-54.9221,-14.7246],[-54.9505,-14.7374],[-54.9495,-14.7473],[-54.9333,-14.7701],[-54.9298,-14.7679],[-54.9239,-14.7939],[-54.8995,-14.7947],[-54.8905,-14.7858],[-54.8743,-14.7889],[-54.8564,-14.7816],[-54.8376,-14.7883],[-54.829,-14.784],[-54.8248,-14.7957],[-54.8036,-14.7951],[-54.7908,-14.8013],[-54.7716,-14.7925],[-54.7675,-14.7984],[-54.7473,-14.7962],[-54.7357,-14.8026],[-54.7187,-14.7819],[-54.6946,-14.7805],[-54.6929,-14.7698],[-54.6782,-14.7606],[-54.6653,-14.7627],[-54.6555,-14.7498],[-54.6124,-14.7343],[-54.6069,-14.7385],[-54.6164,-14.7493],[-54.6071,-14.7782],[-54.5982,-14.7855],[-54.5842,-14.7913],[-54.5283,-14.7796],[-54.5064,-14.7839],[-54.4296,-14.76],[-54.3943,-14.7614],[-54.3721,-14.748],[-54.3483,-14.7447],[-54.3375,-14.7328]]]}},{"type":"Feature","properties":{"code":"5106505","name":"Poconé"},"geometry":{"type":"Polygon","coordinates":[[[-56.3011,-16.397],[-56.2968,-16.3734],[-56.2707,-16.3506],[-56.2482,-16.3169],[-56.2481,-16.2779],[-56.2426,-16.2598],[-56.2184,-16.2287],[-56.216,-16.1877],[-56.3028,-16.1945],[-56.3316,-16.2101],[-56.3227,-16.2308],[-56.3289,-16.2397],[-56.3589,-16.2467],[-56.372,-16.2611],[-56.4248,-16.2552],[-56.4552,-16.2805],[-56.469,-16.28],[-56.481,-16.2713],[-56.4948,-16.2777],[-56.4987,-16.294],[-56.5372,-16.3071],[-56.5399,-16.3025],[-56.5156,-16.2624],[-56.5205,-16.2538],[-56.5169,-16.2399],[-56.499,-16.2278],[-56.4865,-16.2339],[-56.4567,-16.2198],[-56.4419,-16.1884],[-56.4469,-16.1821],[-56.4326,-16.17],[-56.4336,-16.1612],[-56.3843,-16.1166],[-56.3802,-16.1026],[-56.3814,-16.0746],[-56.3922,-16.0638],[-56.3896,-16.0467],[-56.3985,-16.0375],[-56.4541,-16.0148],[-56.4853,-15.9927],[-56.4946,-15.9944],[-56.5092,-15.9719],[-56.5469,-15.9564],[-56.5608,-15.9411],[-56.5557,-15.9119],[-56.5652,-15.8827],[-56.5193,-15.8133],[-56.5137,-15.7932],[-56.4913,-15.7849],[-56.4772,-15.7417],[-56.448,-15.6977],[-56.737,-15.8056],[-56.7531,-15.8013],[-56.7504,-15.7945],[-56.7577,-15.7885],[-56.7829,-15.7933],[-56.7883,-15.785],[-56.8284,-15.8265],[-56.8643,-15.8189],[-56.8701,-15.8005],[-56.8858,-15.8017],[-56.8805,-15.7938],[-56.8954,-15.7766],[-56.8937,-15.7668],[-56.9195,-15.7598],[-56.9469,-15.7721],[-56.9598,-15.7686],[-56.9777,-15.7952],[-56.9908,-15.7969],[-56.9994,-15.8059],[-57.0075,-15.8037],[-57.0165,-15.813],[-57.0412,-15.8492],[-57.0487,-15.851],[-57.0526,-15.8641],[-57.0784,-15.8808],[-57.0905,-15.9183],[-57.1031,-15.9285],[-57.111,-15.9518],[-57.1179,-15.959],[-57.1279,-15.9548],[-57.1334,-15.9648],[-57.1311,-15.9823],[-57.1535,-16.0008],[-57.1445,-16.0215],[-57.1494,-16.033],[-57.1455,-16.039],[-57.1288,-16.0406],[-57.1166,-16.0575],[-57.1211,-16.0697],[-57.1123,-16.0793],[-57.1099,-16.099],[-57.118,-16.1074],[-57.1257,-16.1404],[-57.0958,-16.1742],[-57.0908,-16.2006],[-57.081,-16.2135],[-57.0827,-16.2273],[-57.0717,-16.2679],[-57.0845,-16.3374],[-57.0756,-16.4194],[-57.1716,-16.4423],[-57.1865,-16.4744],[-57.188,-16.5278],[-57.2397,-16.5459],[-57.2649,-16.5704],[-57.2651,-16.5778],[-57.3,-16.5982],[-57.3131,-16.5952],[-57.331,-16.6152],[-57.3558,-16.617],[-57.4029,-16.6382],[-57.3985,-16.6638],[-57.4104,-16.6675],[-57.409,-16.6783],[-57.3956,-16.679],[-57.4052,-16.7033],[-57.4005,-16.7087],[-57.405,-16.7371],[-57.3889,-16.7649],[-57.3981,-16.7739],[-57.386,-16.7864],[-57.3739,-16.7857],[-57.3773,-16.8052],[-57.3634,-16.823],[-57.374,-16.8356],[-57.3723,-16.8601],[-57.384,-16.8783],[-57.4057,-16.8751],[-57.4323,-16.9206],[-57.4237,-16.9305],[-57.4342,-16.9339],[-57.4205,-16.9412],[-57.4177,-16.9521],[-57.4105,-16.9505],[-57.4094,-16.9592],[-57.4193,-16.967],[-57.4116,-16.972],[-57.4058,-16.9622],[-57.3778,-17.0033],[-57.3919,-17.0045],[-57.3776,-17.0145],[-57.3782,-17.0208],[-57.3981,-17.0382],[-57.3982,-17.0603],[-57.3854,-17.0723],[-57.3857,-17.0894],[-57.3682,-17.1134],[-57.3727,-17.1204],[-57.3651,-17.1285],[-57.3666,-17.1404],[-57.3597,-17.1443],[-57.368,-17.1539],[-57.3528,-17.1782],[-57.355,-17.1872],[-57.3496,-17.1923],[-57.3542,-17.1976],[-57.3346,-17.2072],[-57.3339,-17.2222],[-57.3489,-17.2463],[-57.3396,-17.2732],[-57.3491,-17.2834],[-57.3313,-17.2842],[-57.3354,-17.3051],[-57.3282,-17.3152],[-57.3392,-17.3155],[-57.328,-17.327],[-57.3432,-17.3313],[-57.3356,-17.3422],[-57.3376,-17.3587],[-57.3664,-17.3526],[-57.3635,-17.3769],[-57.3683,-17.3838],[-57.3813,-17.3774],[-57.3841,-17.3926],[-57.4264,-17.4187],[-57.4354,-17.4464],[-57.4451,-17.4487],[-57.458,-17.4712],[-57.4682,-17.467],[-57.4797,-17.4797],[-57.477,-17.5038],[-57.4856,-17.5116],[-57.4814,-17.5252],[-57.4909,-17.524],[-57.5008,-17.5356],[-57.5354,-17.5466],[-57.5449,-17.5635],[-57.558,-17.563],[-57.5625,-17.5696],[-57.6071,-17.583],[-57.6188,-17.6017],[-57.6323,-17.6041],[-57.6267,-17.6118],[-57.6313,-17.6183],[-57.6439,-17.6082],[-57.6488,-17.6127],[-57.6778,-17.605],[-57.6841,-17.6108],[-57.6927,-17.627],[-57.6718,-17.6641],[-57.672,-17.6821],[-57.6807,-17.6849],[-57.6846,-17.7165],[-57.6636,-17.7299],[-57.6403,-17.7174],[-57.6231,-17.7364],[-57.6149,-17.7668],[-57.6034,-17.7717],[-57.6027,-17.779],[-57.6126,-17.7794],[-57.6024,-17.8049],[-57.5779,-17.8002],[-57.5697,-17.8166],[-57.5576,-17.8162],[-57.552,-17.8282],[-57.531,-17.8391],[-57.5352,-17.8522],[-57.5164,-17.8628],[-57.4853,-17.8622],[-57.4777,-17.8789],[-57.4525,-17.9026],[-57.4459,-17.892],[-57.4473,-17.8757],[-57.4263,-17.8564],[-57.3847,-17.8434],[-57.3801,-17.8273],[-57.3681,-17.8262],[-57.3501,-17.8371],[-57.3252,-17.8292],[-57.3065,-17.8105],[-57.2833,-17.8227],[-57.2838,-17.8129],[-57.2648,-17.8203],[-57.2455,-17.8063],[-57.2517,-17.798],[-57.24,-17.7962],[-57.2252,-17.7828],[-57.2111,-17.7889],[-57.1912,-17.7858],[-57.1749,-17.7762],[-57.154,-17.7773],[-57.1481,-17.7685],[-57.119,-17.781],[-57.1148,-17.7742],[-57.1015,-17.7722],[-57.0753,-17.7368],[-57.0567,-17.7295],[-57.0478,-17.7325],[-57.0334,-17.6947],[-57.0193,-17.6922],[-57.0133,-17.6724],[-57.0004,-17.6707],[-56.9882,-17.6593],[-56.9852,-17.6448],[-56.958,-17.608],[-56.9728,-17.6136],[-56.9823,-17.6096],[-56.976,-17.596],[-56.9824,-17.5802],[-56.952,-17.5694],[-56.9462,-17.5548],[-56.9096,-17.5325],[-56.8958,-17.5394],[-56.876,-17.533],[-56.8615,-17.5052],[-56.8652,-17.49],[-56.846,-17.4806],[-56.8499,-17.4707],[-56.8454,-17.4624],[-56.8254,-17.4589],[-56.8409,-17.442],[-56.8332,-17.435],[-56.8227,-17.4376],[-56.8196,-17.4302],[-56.842,-17.4182],[-56.8314,-17.4097],[-56.8287,-17.39],[-56.786,-17.3875],[-56.789,-17.3741],[-56.7629,-17.3606],[-56.7609,-17.3516],[-56.7689,-17.3409],[-56.7572,-17.3368],[-56.7578,-17.3267],[-56.7435,-17.3273],[-56.7339,-17.3099],[-56.7233,-17.3085],[-56.7202,-17.2953],[-56.7104,-17.2922],[-56.7121,-17.2837],[-56.7032,-17.2812],[-56.7237,-17.2609],[-56.7166,-17.2542],[-56.7069,-17.2596],[-56.7004,-17.2546],[-56.708,-17.2457],[-56.7035,-17.2398],[-56.6975,-17.243],[-56.6789,-17.227],[-56.6684,-17.2278],[-56.6557,-17.1946],[-56.657,-17.1724],[-56.6424,-17.1624],[-56.6494,-17.1517],[-56.6318,-17.1023],[-56.6108,-17.0912],[-56.6039,-17.069],[-56.596,-17.0688],[-56.5876,-17.0493],[-56.5874,-17.0163],[-56.6321,-16.9801],[-56.6205,-16.9674],[-56.6247,-16.9389],[-56.6346,-16.9329],[-56.6149,-16.9],[-56.6099,-16.9024],[-56.6078,-16.883],[-56.6189,-16.8718],[-56.6042,-16.861],[-56.6099,-16.8539],[-56.5981,-16.8366],[-56.5836,-16.8403],[-56.5728,-16.8221],[-56.5592,-16.8181],[-56.564,-16.8115],[-56.5435,-16.7924],[-56.5135,-16.791],[-56.5039,-16.777],[-56.497,-16.7632],[-56.507,-16.7249],[-56.4821,-16.7077],[-56.4783,-16.6913],[-56.4688,-16.6965],[-56.4657,-16.6785],[-56.4785,-16.6634],[-56.4671,-16.6603],[-56.4712,-16.6548],[-56.4651,-16.6393],[-56.4546,-16.6405],[-56.4523,-16.6314],[-56.461,-16.6268],[-56.4365,-16.5914],[-56.4405,-16.5813],[-56.4086,-16.5667],[-56.3978,-16.5331],[-56.3918,-16.5269],[-56.3776,-16.5269],[-56.3775,-16.5173],[-56.3584,-16.51],[-56.3597,-16.5016],[-56.348,-16.4879],[-56.3431,-16.4957],[-56.3219,-16.475],[-56.3188,-16.4612],[-56.3273,-16.4562],[-56.3277,-16.4404],[-56.3152,-16.4429],[-56.3059,-16.4368],[-56.3045,-16.4254],[-56.313,-16.4181],[-56.3135,-16.4069],[-56.3011,-16.397]]]}},{"type":"Feature","properties":{"code":"5106653","name":"Pontal do Araguaia"},"geometry":{"type":"Polygon","coordinates":[[[-52.2543,-15.8937],[-52.2595,-15.9035],[-52.2681,-15.8981],[-52.2833,-15.9081],[-52.3134,-15.9102],[-52.3297,-15.9],[-52.3541,-15.8964],[-52.3675,-15.9028],[-52.3679,-15.8878],[-52.4252,-15.8805],[-52.4314,-15.8685],[-52.4433,-15.8737],[-52.5039,-15.8633],[-52.5377,-15.8479],[-52.5462,-15.8304],[-52.5649,-15.8306],[-52.5948,-15.8133],[-52.6061,-15.8014],[-52.6056,-15.7756],[-52.6678,-15.7279],[-52.6891,-15.7202],[-52.7144,-15.7403],[-52.7261,-15.7399],[-52.7282,-15.7283],[-52.7509,-15.7214],[-52.7666,-15.7349],[-52.7778,-15.7324],[-52.7862,-15.7217],[-52.8127,-15.7226],[-52.8118,-15.7375],[-52.8226,-15.7357],[-52.8466,-15.709],[-52.8688,-15.6996],[-52.9003,-15.7164],[-52.9171,-15.7083],[-52.9337,-15.7231],[-52.9495,-15.725],[-52.9518,-15.7321],[-52.9578,-15.7338],[-52.96,-15.7228],[-52.9807,-15.7387],[-52.9985,-15.7391],[-52.9996,-15.7262],[-53.0271,-15.7383],[-53.0412,-15.7378],[-53.0466,-15.7462],[-53.0417,-15.7545],[-53.0449,-15.7643],[-53.0259,-15.7899],[-53.037,-15.7957],[-53.0273,-15.8281],[-53.0332,-15.8602],[-53.0675,-15.8822],[-53.0777,-15.9026],[-53.0716,-15.929],[-53.0497,-15.9498],[-53.0566,-15.9605],[-53.0472,-15.9997],[-53.0487,-16.0188],[-53.0719,-16.0471],[-53.0638,-16.0759],[-53.0401,-16.0845],[-53.0195,-16.1049],[-53.0038,-16.1068],[-53.0002,-16.1226],[-52.9812,-16.1333],[-52.9709,-16.1254],[-52.9275,-16.1339],[-52.8967,-16.1267],[-52.9078,-16.1136],[-52.8835,-16.1109],[-52.8799,-16.1014],[-52.8911,-16.0815],[-52.8676,-16.0779],[-52.8788,-16.0658],[-52.8763,-16.0588],[-52.8689,-16.0598],[-52.84,-16.0355],[-52.8258,-16.0329],[-52.8168,-16.0392],[-52.8061,-16.0362],[-52.7893,-16.051],[-52.7804,-16.0715],[-52.7601,-16.08],[-52.7554,-16.0922],[-52.7156,-16.0827],[-52.695,-16.0978],[-52.6694,-16.0856],[-52.6579,-16.0907],[-52.6619,-16.1014],[-52.6505,-16.1093],[-52.645,-16.0961],[-52.6302,-16.114],[-52.6168,-16.1167],[-52.607,-16.0999],[-52.5799,-16.0964],[-52.5697,-16.0707],[-52.5585,-16.0721],[-52.5511,-16.0862],[-52.5409,-16.0787],[-52.5213,-16.0798],[-52.5165,-16.0876],[-52.4867,-16.0914],[-52.4846,-16.1092],[-52.4761,-16.1114],[-52.4717,-16.1267],[-52.4606,-16.1277],[-52.4371,-16.1088],[-52.3989,-16.0933],[-52.3713,-16.0963],[-52.3673,-16.0833],[-52.3504,-16.0841],[-52.3285,-16.0704],[-52.3243,-16.0397],[-52.3108,-16.007],[-52.2891,-15.9794],[-52.2898,-15.9646],[-52.2669,-15.9477],[-52.2569,-15.9309],[-52.2543,-15.8937]]]}},{"type":"Feature","properties":{"code":"5106703","name":"Ponte Branca"},"geometry":{"type":"Polygon","coordinates":[[[-52.8324,-16.7722],[-52.8293,-16.7589],[-52.8082,-16.7423],[-52.8022,-16.748],[-52.7862,-16.741],[-52.7857,-16.7144],[-52.7616,-16.7068],[-52.759,-16.6711],[-52.768,-16.6728],[-52.7695,-16.6675],[-52.7411,-16.6521],[-52.7482,-16.6398],[-52.7462,-16.6307],[-52.7339,-16.6332],[-52.7224,-16.6471],[-52.7153,-16.637],[-52.726,-16.6145],[-52.7379,-16.6135],[-52.7407,-16.605],[-52.731,-16.5975],[-52.7391,-16.5925],[-52.7328,-16.5859],[-52.7531,-16.5775],[-52.7552,-16.5924],[-52.7658,-16.5906],[-52.7711,-16.6056],[-52.7806,-16.6015],[-52.8245,-16.6099],[-52.831,-16.617],[-52.8469,-16.6132],[-52.8686,-16.6186],[-52.8913,-16.6069],[-52.9347,-16.6142],[-52.9351,-16.5943],[-52.9436,-16.5925],[-52.9471,-16.582],[-52.9413,-16.5658],[-52.9612,-16.5699],[-52.9803,-16.5542],[-53.0065,-16.5513],[-53.0351,-16.5583],[-53.0523,-16.5448],[-53.0796,-16.5464],[-53.0714,-16.5297],[-53.0751,-16.527],[-53.1329,-16.5414],[-53.1442,-16.5349],[-53.1655,-16.5366],[-53.1565,-16.5746],[-53.1473,-16.5859],[-53.1164,-16.583],[-53.0934,-16.6057],[-53.0835,-16.6235],[-53.0896,-16.6413],[-53.0804,-16.6596],[-53.0902,-16.6664],[-53.0645,-16.6858],[-53.0631,-16.695],[-53.0318,-16.7157],[-53.0272,-16.727],[-53.0193,-16.7247],[-52.9939,-16.7371],[-52.9954,-16.7571],[-52.9807,-16.757],[-52.9583,-16.7701],[-52.9362,-16.7684],[-52.9325,-16.7923],[-52.914,-16.8127],[-52.9085,-16.8109],[-52.9073,-16.7994],[-52.8928,-16.7941],[-52.8851,-16.777],[-52.8681,-16.7812],[-52.8591,-16.7688],[-52.8455,-16.7666],[-52.8324,-16.7722]]]}},{"type":"Feature","properties":{"code":"5106752","name":"Pontes e Lacerda"},"geometry":{"type":"Polygon","coordinates":[[[-59.1077,-14.6614],[-59.1473,-14.6694],[-59.1622,-14.6983],[-59.1668,-14.7349],[-59.16,-14.7535],[-59.1423,-14.7539],[-59.1492,-14.7722],[-59.1758,-14.7867],[-59.2033,-14.8258],[-59.2278,-14.8254],[-59.2399,-14.8385],[-59.2555,-14.832],[-59.2705,-14.837],[-59.2863,-14.86],[-59.3111,-14.867],[-59.3146,-14.8761],[-59.3351,-14.8773],[-59.3481,-14.9121],[-59.3703,-14.9293],[-59.3668,-14.9528],[-59.4024,-14.9625],[-59.4468,-14.9591],[-59.4776,-14.9832],[-59.5013,-14.9669],[-59.5298,-14.96],[-59.5452,-14.9629],[-59.5534,-14.9781],[-59.5714,-14.9775],[-59.5746,-15.0015],[-59.5391,-15.048],[-59.4928,-15.1435],[-59.4474,-15.2194],[-59.4324,-15.2272],[-59.4897,-15.4413],[-60.0159,-15.5614],[-60.0242,-15.5695],[-60.0323,-15.5895],[-60.0297,-15.5984],[-60.0483,-15.6368],[-60.0423,-15.6799],[-60.0311,-15.6869],[-60.0326,-15.6992],[-60.0245,-15.7179],[-60.0103,-15.7241],[-60.0033,-15.7435],[-60.0142,-15.7815],[-59.9769,-15.8166],[-59.9703,-15.8344],[-59.9774,-15.8624],[-59.9515,-15.8787],[-59.9553,-15.8991],[-59.9448,-15.9098],[-59.9487,-15.9262],[-59.9374,-15.931],[-59.9419,-15.9477],[-59.9227,-15.9791],[-59.8935,-15.9846],[-59.8462,-15.9671],[-59.8326,-15.9548],[-59.8248,-15.9572],[-59.8166,-15.9801],[-59.8024,-15.9906],[-59.7909,-16.0296],[-59.7624,-16.0482],[-59.7601,-16.0872],[-59.7398,-16.088],[-59.7135,-16.112],[-59.7112,-16.1229],[-59.6906,-16.1335],[-59.6692,-16.1641],[-59.6473,-16.1607],[-59.5963,-16.1791],[-59.5771,-16.1955],[-59.5642,-16.1909],[-59.5603,-16.1807],[-59.5088,-16.1701],[-59.506,-16.1581],[-59.4727,-16.1474],[-59.4796,-16.1218],[-59.5193,-16.1086],[-59.5277,-16.0859],[-59.5263,-16.0714],[-59.5019,-16.0514],[-59.4883,-16.0477],[-59.4636,-16.059],[-59.4136,-16.0687],[-59.4008,-16.061],[-59.3922,-16.0064],[-59.3521,-15.9754],[-59.3162,-15.9585],[-59.2823,-15.8841],[-59.2592,-15.8637],[-59.2048,-15.774],[-59.1638,-15.7442],[-59.1529,-15.7241],[-59.1547,-15.6678],[-59.1674,-15.6353],[-59.1382,-15.6325],[-59.1126,-15.6125],[-59.1173,-15.5928],[-59.1137,-15.563],[-59.1031,-15.5419],[-59.1022,-15.5242],[-59.0946,-15.5165],[-59.0986,-15.4998],[-59.0878,-15.4777],[-59.1041,-15.4409],[-59.1409,-15.4025],[-59.197,-15.3668],[-59.1934,-15.3318],[-59.1613,-15.3203],[-59.1817,-15.2994],[-59.1987,-15.2999],[-59.2133,-15.2919],[-59.2256,-15.257],[-59.2225,-15.25],[-59.1731,-15.2697],[-59.1489,-15.2291],[-59.1183,-15.2321],[-59.0953,-15.2183],[-59.0623,-15.2262],[-59.0413,-15.2458],[-59.0197,-15.2435],[-59.0138,-15.2327],[-59.0118,-15.197],[-58.99,-15.1644],[-58.9853,-15.1418],[-58.9648,-15.1263],[-58.995,-15.0577],[-59.0191,-15.0487],[-59.0346,-15.0254],[-59.0428,-14.9556],[-59.0277,-14.9186],[-59.0406,-14.817],[-59.0286,-14.7233],[-59.082,-14.6659],[-59.1077,-14.6614]]]}},{"type":"Feature","properties":{"code":"5106778","name":"Porto Alegre do Norte"},"geometry":{"type":"Polygon","coordinates":[[[-52.2003,-10.9246],[-52.1814,-10.9492],[-52.1545,-10.9644],[-52.1409,-10.9828],[-52.1123,-10.9938],[-52.0696,-10.995],[-52.0604,-11.0067],[-52.0503,-10.9953],[-52.0309,-11.0147],[-52.0093,-11.0196],[-51.9904,-11.0213],[-51.9771,-11.0114],[-51.9638,-11.011],[-51.8908,-10.9695],[-51.8779,-10.9534],[-51.8575,-10.9472],[-51.8328,-10.9523],[-51.8229,-10.9405],[-51.8081,-10.9462],[-51.7685,-10.9367],[-51.7439,-10.9408],[-51.7316,-10.9666],[-51.7018,-10.9687],[-51.6657,-10.9952],[-51.642,-10.9982],[-51.6296,-10.9904],[-51.6223,-11.0004],[-51.6081,-11.0039],[-51.6009,-10.9986],[-51.5878,-11.0016],[-51.5866,-10.9961],[-51.5708,-11.003],[-51.5663,-11.0121],[-51.5698,-11.0275],[-51.5541,-11.0394],[-51.5446,-11.0357],[-51.5266,-11.0405],[-51.5247,-11.0333],[-51.4846,-11.0358],[-51.466,-11.0293],[-51.4577,-11.0339],[-51.4323,-11.0236],[-51.4284,-11.0313],[-51.4202,-11.0261],[-51.4087,-11.03],[-51.393,-11.0204],[-51.3921,-11.0116],[-51.3651,-11.0152],[-51.3473,-10.9986],[-51.3392,-11.0023],[-51.335,-10.9978],[-51.3399,-10.9724],[-51.3276,-10.9855],[-51.3315,-11.006],[-51.3231,-11.0183],[-51.3061,-11.0082],[-51.2783,-11.006],[-51.2628,-10.9917],[-51.2631,-10.9853],[-51.2464,-10.9833],[-51.2308,-10.9638],[-51.2284,-10.9464],[-51.2028,-10.9437],[-51.1891,-10.9137],[-51.1866,-10.9222],[-51.1637,-10.9277],[-51.1468,-10.9187],[-51.1378,-10.8988],[-51.1154,-10.8973],[-51.1165,-10.8911],[-51.0999,-10.8878],[-51.0905,-10.8783],[-51.0881,-10.885],[-51.0718,-10.8834],[-51.0685,-10.8619],[-51.0555,-10.8481],[-51.0597,-10.8366],[-51.0473,-10.8369],[-51.0354,-10.8287],[-51.0366,-10.8158],[-51.0283,-10.8146],[-51.0337,-10.8029],[-51.0301,-10.7842],[-51.0082,-10.7807],[-51.0062,-10.7643],[-51.8174,-10.7271],[-51.8137,-10.7134],[-51.8265,-10.7057],[-51.8198,-10.6957],[-51.837,-10.6728],[-51.8364,-10.6654],[-51.8651,-10.6692],[-51.9018,-10.6466],[-51.9255,-10.6581],[-51.9405,-10.6593],[-51.9487,-10.6508],[-51.9537,-10.6308],[-51.9671,-10.6119],[-51.9707,-10.585],[-51.9697,-10.5668],[-51.9624,-10.5598],[-51.9659,-10.5502],[-52.028,-10.5389],[-52.0558,-10.5499],[-52.0748,-10.5381],[-52.1266,-10.5471],[-52.1231,-10.5292],[-52.1318,-10.5158],[-52.1552,-10.508],[-52.1798,-10.4888],[-52.1991,-10.4874],[-52.2,-10.4977],[-52.1847,-10.5046],[-52.1838,-10.5219],[-52.2018,-10.5225],[-52.2015,-10.5275],[-52.1927,-10.536],[-52.1946,-10.5472],[-52.1786,-10.5592],[-52.1814,-10.5714],[-52.1956,-10.5857],[-52.1834,-10.6022],[-52.1894,-10.6077],[-52.1901,-10.623],[-52.2044,-10.628],[-52.1987,-10.64],[-52.2046,-10.6533],[-52.1757,-10.6748],[-52.1823,-10.679],[-52.1936,-10.6696],[-52.1966,-10.6788],[-52.1831,-10.6843],[-52.1906,-10.6925],[-52.1923,-10.7109],[-52.1733,-10.7218],[-52.1716,-10.7337],[-52.1836,-10.7396],[-52.1789,-10.7473],[-52.1871,-10.7517],[-52.1726,-10.7838],[-52.1868,-10.798],[-52.1832,-10.824],[-52.1971,-10.8273],[-52.199,-10.8345],[-52.1897,-10.8441],[-52.1927,-10.8533],[-52.1809,-10.8785],[-52.1941,-10.8927],[-52.1858,-10.9172],[-52.2003,-10.9246]]]}},{"type":"Feature","properties":{"code":"5106802","name":"Porto dos Gaúchos"},"geometry":{"type":"Polygon","coordinates":[[[-57.4132,-11.7143],[-57.3854,-11.7227],[-57.3707,-11.7091],[-57.3611,-11.7121],[-57.3529,-11.7263],[-57.3553,-11.7379],[-57.3686,-11.7412],[-57.3508,-11.7717],[-57.3083,-11.7552],[-57.2508,-11.804],[-57.2366,-11.8251],[-57.1964,-11.8457],[-57.1883,-11.8907],[-57.1646,-11.9356],[-57.163,-11.9599],[-57.1507,-11.9767],[-57.1449,-12.0067],[-57.1074,-11.9985],[-57.0892,-11.9775],[-57.0756,-11.9752],[-57.0642,-11.9612],[-57.0441,-11.9707],[-56.9797,-11.9558],[-56.9587,-11.9597],[-56.8904,-11.9184],[-56.8335,-11.9264],[-56.8224,-11.916],[-56.7869,-11.9138],[-56.7773,-11.9346],[-56.752,-11.9397],[-56.7173,-11.9756],[-56.6887,-11.9886],[-56.6624,-11.985],[-56.6469,-11.9922],[-56.6397,-11.9902],[-56.6352,-11.9756],[-56.613,-11.9685],[-56.5957,-11.9727],[-56.5824,-11.9576],[-56.5667,-11.9609],[-56.5434,-11.9879],[-56.5032,-11.9807],[-56.4613,-11.9953],[-56.4548,-12.0042],[-56.4623,-12.0207],[-56.4472,-12.03],[-56.4453,-12.0533],[-56.4364,-12.0561],[-56.4071,-12.0947],[-56.3992,-12.1607],[-56.389,-12.1846],[-56.3366,-12.1495],[-56.3153,-12.1441],[-56.3224,-12.1128],[-56.2583,-12.0053],[-56.2408,-11.9541],[-56.2139,-11.9395],[-56.211,-11.9181],[-56.194,-11.9088],[-56.1621,-11.9076],[-56.153,-11.9014],[-56.1581,-11.8582],[-56.1285,-11.8355],[-56.0995,-11.8251],[-56.1058,-11.8001],[-56.0989,-11.7447],[-56.076,-11.7216],[-56.0777,-11.6964],[-56.0156,-11.669],[-55.9987,-11.6435],[-55.9788,-11.6359],[-55.9645,-11.6159],[-56.1301,-11.6446],[-56.1919,-11.6399],[-56.3873,-11.5561],[-56.433,-11.5477],[-56.535,-11.5619],[-56.5789,-11.5531],[-56.6641,-11.5221],[-56.7583,-11.5319],[-56.7645,-11.526],[-56.7624,-11.4922],[-56.7929,-11.5004],[-56.8467,-11.4972],[-56.8538,-11.5077],[-56.8633,-11.5086],[-56.8821,-11.494],[-56.9097,-11.4868],[-56.8919,-11.4499],[-56.8991,-11.4159],[-56.8899,-11.3804],[-56.8948,-11.369],[-56.9398,-11.3906],[-56.96,-11.3845],[-57.0296,-11.389],[-57.042,-11.3644],[-57.0601,-11.3591],[-57.0572,-11.3883],[-57.0277,-11.4104],[-57.0433,-11.4483],[-57.0648,-11.4354],[-57.1253,-11.4596],[-57.1416,-11.4556],[-57.1841,-11.4287],[-57.2132,-11.425],[-57.2798,-11.502],[-57.3073,-11.5148],[-57.3656,-11.5239],[-57.3817,-11.5179],[-57.3851,-11.5092],[-57.4081,-11.4939],[-57.4207,-11.5333],[-57.4355,-11.5447],[-57.4429,-11.5636],[-57.4298,-11.5781],[-57.401,-11.5673],[-57.391,-11.5745],[-57.3953,-11.5873],[-57.4193,-11.5991],[-57.4192,-11.6096],[-57.3907,-11.6245],[-57.4102,-11.6553],[-57.3936,-11.6767],[-57.4115,-11.7006],[-57.4132,-11.7143]]]}},{"type":"Feature","properties":{"code":"5106828","name":"Porto Esperidião"},"geometry":{"type":"Polygon","coordinates":[[[-58.3908,-15.8848],[-58.4,-15.8662],[-58.4136,-15.8585],[-58.4231,-15.859],[-58.4314,-15.8505],[-58.4422,-15.8514],[-58.4454,-15.8599],[-58.4652,-15.8503],[-58.4667,-15.8404],[-58.4587,-15.8305],[-58.462,-15.8235],[-58.497,-15.802],[-58.5061,-15.7803],[-58.5241,-15.7792],[-58.5361,-15.7639],[-58.538,-15.7397],[-58.5519,-15.726],[-58.5604,-15.693],[-58.7157,-15.6894],[-58.7386,-15.6533],[-58.7517,-15.6455],[-58.7805,-15.6414],[-58.7999,-15.6197],[-58.9283,-15.5837],[-58.9798,-15.5471],[-59.0075,-15.5353],[-59.0232,-15.4978],[-59.0878,-15.4777],[-59.0986,-15.4998],[-59.0946,-15.5165],[-59.1022,-15.5242],[-59.1031,-15.5419],[-59.1137,-15.563],[-59.1173,-15.5928],[-59.1126,-15.6125],[-59.1382,-15.6325],[-59.1674,-15.6353],[-59.1547,-15.6678],[-59.1529,-15.7241],[-59.1638,-15.7442],[-59.2048,-15.774],[-59.2592,-15.8637],[-59.2823,-15.8841],[-59.3162,-15.9585],[-59.3521,-15.9754],[-59.3922,-16.0064],[-59.4008,-16.061],[-59.4136,-16.0687],[-59.4636,-16.059],[-59.4883,-16.0477],[-59.5019,-16.0514],[-59.5263,-16.0714],[-59.5277,-16.0859],[-59.5193,-16.1086],[-59.4796,-16.1218],[-59.4727,-16.1474],[-59.4865,-16.1567],[-59.4904,-16.1715],[-59.4652,-16.202],[-59.4513,-16.2588],[-59.4522,-16.2676],[-59.4692,-16.2796],[-58.7857,-16.308],[-58.7944,-16.2923],[-58.7884,-16.2866],[-58.7961,-16.2506],[-58.772,-16.2155],[-58.7702,-16.1903],[-58.7611,-16.1732],[-58.7149,-16.1417],[-58.7036,-16.1114],[-58.7038,-16.0925],[-58.6861,-16.0714],[-58.6948,-16.0323],[-58.6827,-16.0187],[-58.6529,-16.0143],[-58.6382,-16.0021],[-58.631,-15.981],[-58.597,-15.9636],[-58.5833,-15.9434],[-58.5616,-15.9494],[-58.5084,-15.9449],[-58.4882,-15.9314],[-58.4502,-15.9201],[-58.4141,-15.8928],[-58.3908,-15.8848]]]}},{"type":"Feature","properties":{"code":"5106851","name":"Porto Estrela"},"geometry":{"type":"Polygon","coordinates":[[[-56.9793,-15.391],[-56.989,-15.376],[-56.9853,-15.349],[-57.0069,-15.3352],[-56.988,-15.3245],[-56.9879,-15.3093],[-56.9667,-15.2965],[-56.965,-15.288],[-56.981,-15.2867],[-56.9751,-15.2761],[-56.9805,-15.2716],[-56.9744,-15.2607],[-56.9769,-15.2482],[-56.9666,-15.2383],[-56.9711,-15.2271],[-56.9993,-15.2224],[-57.0088,-15.2133],[-57.0243,-15.2157],[-57.0528,-15.1998],[-57.0515,-15.2088],[-57.0245,-15.2269],[-57.0551,-15.277],[-57.0956,-15.2517],[-57.1082,-15.2536],[-57.1247,-15.2453],[-57.1295,-15.2344],[-57.1383,-15.2326],[-57.185,-15.26],[-57.1977,-15.2578],[-57.2216,-15.2704],[-57.2361,-15.2678],[-57.2504,-15.2803],[-57.2505,-15.2931],[-57.2332,-15.3052],[-57.2304,-15.3254],[-57.244,-15.3326],[-57.265,-15.3295],[-57.2681,-15.3348],[-57.2835,-15.3316],[-57.2963,-15.3363],[-57.3011,-15.3525],[-57.2981,-15.3735],[-57.3071,-15.3847],[-57.2924,-15.3929],[-57.295,-15.4029],[-57.3169,-15.4103],[-57.3228,-15.4221],[-57.3122,-15.4434],[-57.3202,-15.4527],[-57.3208,-15.4656],[-57.3334,-15.4657],[-57.3501,-15.4826],[-57.3673,-15.4852],[-57.3646,-15.5102],[-57.3784,-15.5355],[-57.4131,-15.5316],[-57.4191,-15.5427],[-57.4326,-15.5347],[-57.4389,-15.5414],[-57.434,-15.5491],[-57.4429,-15.554],[-57.4403,-15.5613],[-57.449,-15.5718],[-57.4415,-15.575],[-57.4481,-15.5816],[-57.4381,-15.6067],[-57.4499,-15.6124],[-57.462,-15.6304],[-57.484,-15.6297],[-57.4838,-15.6379],[-57.497,-15.6472],[-57.4979,-15.6557],[-57.4849,-15.6587],[-57.4909,-15.6809],[-57.5016,-15.6853],[-57.5172,-15.7168],[-57.519,-15.7411],[-57.514,-15.7495],[-57.4884,-15.7455],[-57.4829,-15.7542],[-57.4682,-15.7488],[-57.4508,-15.7548],[-57.4461,-15.7472],[-57.4275,-15.7443],[-57.4062,-15.7195],[-57.3827,-15.7188],[-57.3787,-15.7139],[-57.3494,-15.7252],[-57.3205,-15.7535],[-57.3218,-15.7628],[-57.3074,-15.7778],[-57.3168,-15.8026],[-57.2793,-15.8332],[-57.286,-15.8601],[-57.2783,-15.8578],[-57.272,-15.8333],[-57.2449,-15.7922],[-57.225,-15.7906],[-57.22,-15.7972],[-57.2311,-15.8088],[-57.2337,-15.823],[-57.2248,-15.8509],[-57.2229,-15.8099],[-57.1927,-15.7931],[-57.177,-15.7748],[-57.1814,-15.767],[-57.1754,-15.7466],[-57.1366,-15.6916],[-57.1425,-15.6779],[-57.1361,-15.6665],[-57.1207,-15.6672],[-57.114,-15.654],[-57.1238,-15.6409],[-57.1194,-15.6313],[-57.1137,-15.6314],[-57.1073,-15.6124],[-57.0983,-15.6091],[-57.1024,-15.603],[-57.0928,-15.5837],[-57.078,-15.5687],[-57.0604,-15.5657],[-57.0653,-15.5605],[-57.0601,-15.549],[-57.0638,-15.5376],[-57.0416,-15.5257],[-57.0158,-15.4848],[-56.9966,-15.4692],[-56.9811,-15.4634],[-56.9688,-15.4661],[-56.9576,-15.4572],[-56.9648,-15.4436],[-56.9828,-15.4365],[-56.9867,-15.4274],[-56.9805,-15.4205],[-56.9905,-15.4083],[-56.9793,-15.391]]]}},{"type":"Feature","properties":{"code":"5107008","name":"Poxoréu"},"geometry":{"type":"Polygon","coordinates":[[[-54.4744,-16.0411],[-54.4832,-16.1044],[-54.4588,-16.1345],[-54.4186,-16.1435],[-54.4207,-16.1657],[-54.4348,-16.1864],[-54.4499,-16.1918],[-54.4597,-16.2142],[-54.461,-16.2453],[-54.4402,-16.2757],[-54.4291,-16.2669],[-54.4074,-16.2819],[-54.3935,-16.2992],[-54.3891,-16.3277],[-54.3535,-16.3331],[-54.3418,-16.3217],[-54.329,-16.3255],[-54.3222,-16.3395],[-54.3095,-16.3425],[-54.2993,-16.3292],[-54.2758,-16.3445],[-54.2673,-16.3267],[-54.2523,-16.3194],[-54.2283,-16.3163],[-54.227,-16.323],[-54.2163,-16.3261],[-54.2005,-16.3091],[-54.1887,-16.3076],[-54.1834,-16.2952],[-54.1702,-16.3039],[-54.1497,-16.2997],[-54.1466,-16.3067],[-54.1292,-16.3093],[-54.1172,-16.3217],[-54.1131,-16.3162],[-54.0951,-16.3189],[-54.0655,-16.3344],[-54.0655,-16.3528],[-54.047,-16.3511],[-54.039,-16.3602],[-54.032,-16.3553],[-54.0275,-16.3715],[-53.967,-16.359],[-53.9567,-16.3626],[-53.9487,-16.3561],[-53.9425,-16.3236],[-53.9516,-16.3108],[-53.9389,-16.2754],[-53.9443,-16.2669],[-53.9169,-16.2542],[-53.9418,-16.2072],[-53.9238,-16.1964],[-53.9082,-16.2013],[-53.8878,-16.1902],[-53.8563,-16.1883],[-53.8479,-16.1947],[-53.8357,-16.1918],[-53.8266,-16.2031],[-53.8044,-16.21],[-53.8053,-16.1934],[-53.7941,-16.1891],[-53.7933,-16.1829],[-53.8222,-16.1759],[-53.8199,-16.166],[-53.8325,-16.1568],[-53.8306,-16.1498],[-53.8575,-16.1499],[-53.8493,-16.1381],[-53.8546,-16.1327],[-53.8522,-16.1224],[-53.8323,-16.1194],[-53.8263,-16.1041],[-53.8107,-16.094],[-53.8295,-16.0599],[-53.8468,-16.0588],[-53.8703,-16.0266],[-53.8789,-16.0031],[-53.8608,-16.0023],[-53.8505,-15.9952],[-53.8506,-16.0085],[-53.842,-16.0103],[-53.8333,-16.0004],[-53.8124,-16.0013],[-53.8036,-15.9583],[-53.7842,-15.9485],[-53.8011,-15.9314],[-53.783,-15.9249],[-53.7766,-15.8988],[-53.7661,-15.8854],[-53.7842,-15.8608],[-53.8018,-15.8485],[-53.8214,-15.8474],[-53.8464,-15.8337],[-53.8546,-15.8221],[-53.8793,-15.7652],[-53.8883,-15.7633],[-53.8901,-15.7516],[-53.8808,-15.741],[-53.8843,-15.7231],[-53.8967,-15.7076],[-53.9103,-15.7031],[-53.9064,-15.6742],[-53.8983,-15.6714],[-53.9098,-15.6468],[-53.9332,-15.6375],[-53.9377,-15.6149],[-53.9169,-15.5865],[-53.9162,-15.5722],[-53.9253,-15.5636],[-53.9168,-15.5539],[-53.9101,-15.4927],[-53.882,-15.4852],[-53.8741,-15.4668],[-53.8578,-15.458],[-53.8433,-15.4326],[-53.8135,-15.4091],[-53.8051,-15.3709],[-53.7973,-15.365],[-53.7538,-15.3622],[-53.7506,-15.3486],[-53.7351,-15.3481],[-53.733,-15.3433],[-53.7416,-15.3407],[-53.7352,-15.3301],[-53.7497,-15.331],[-53.7581,-15.3188],[-53.7685,-15.3209],[-53.7757,-15.3024],[-53.7846,-15.3085],[-53.7871,-15.2923],[-53.7971,-15.2797],[-53.8061,-15.2791],[-53.8097,-15.2684],[-53.8577,-15.2532],[-53.8618,-15.2454],[-53.8742,-15.2486],[-53.8753,-15.2632],[-53.899,-15.2612],[-53.9007,-15.2679],[-53.9597,-15.2955],[-54.0038,-15.3059],[-54.0197,-15.3176],[-54.0346,-15.3337],[-54.0344,-15.3513],[-54.0583,-15.3912],[-54.0572,-15.4097],[-54.033,-15.4682],[-54.0291,-15.5142],[-54.0301,-15.5422],[-54.0481,-15.5819],[-54.044,-15.6156],[-54.1149,-15.6285],[-54.1318,-15.624],[-54.138,-15.6428],[-54.1838,-15.6758],[-54.1938,-15.6736],[-54.1938,-15.6635],[-54.1712,-15.6529],[-54.1805,-15.6453],[-54.1924,-15.6504],[-54.1943,-15.6407],[-54.2247,-15.6445],[-54.2204,-15.6122],[-54.2282,-15.6095],[-54.2199,-15.5995],[-54.2208,-15.5753],[-54.2075,-15.564],[-54.2018,-15.5683],[-54.1919,-15.562],[-54.1928,-15.5454],[-54.2115,-15.5296],[-54.2149,-15.5402],[-54.2249,-15.5376],[-54.2344,-15.5514],[-54.2539,-15.553],[-54.254,-15.5612],[-54.2992,-15.571],[-54.3647,-15.5978],[-54.4004,-15.5884],[-54.4024,-15.5832],[-54.4748,-15.5895],[-54.4302,-15.5597],[-54.4164,-15.5206],[-54.4008,-15.5025],[-54.3808,-15.4963],[-54.3578,-15.4548],[-54.3479,-15.4475],[-54.3058,-15.4385],[-54.2816,-15.4204],[-54.2771,-15.3781],[-54.2604,-15.3528],[-54.2643,-15.3379],[-54.2822,-15.3285],[-54.288,-15.3353],[-54.3217,-15.3332],[-54.3425,-15.3494],[-54.3466,-15.3422],[-54.3611,-15.3496],[-54.3614,-15.3584],[-54.377,-15.3702],[-54.3982,-15.3794],[-54.41,-15.3774],[-54.4208,-15.3923],[-54.4132,-15.3986],[-54.4274,-15.4115],[-54.4469,-15.3987],[-54.452,-15.4036],[-54.4605,-15.3977],[-54.4795,-15.4053],[-54.4856,-15.4013],[-54.4909,-15.4094],[-54.5065,-15.4022],[-54.5379,-15.4533],[-54.5423,-15.4778],[-54.5619,-15.4963],[-54.5636,-15.506],[-54.5462,-15.5359],[-54.5525,-15.5647],[-54.5745,-15.5902],[-54.6647,-15.6278],[-54.6365,-15.6475],[-54.6299,-15.6847],[-54.6128,-15.703],[-54.6157,-15.719],[-54.5672,-15.7479],[-54.5695,-15.7572],[-54.5902,-15.7781],[-54.6268,-15.7879],[-54.6533,-15.8084],[-54.6809,-15.8589],[-54.6773,-15.8621],[-54.6901,-15.8755],[-54.6869,-15.882],[-54.6959,-15.8893],[-54.6757,-15.8901],[-54.6696,-15.8971],[-54.6173,-15.8861],[-54.6071,-15.8994],[-54.5756,-15.8815],[-54.4575,-15.922],[-54.4574,-15.9417],[-54.4389,-15.9675],[-54.453,-15.9792],[-54.4504,-16.0074],[-54.4744,-16.0411]]]}},{"type":"Feature","properties":{"code":"5107040","name":"Primavera do Leste"},"geometry":{"type":"Polygon","coordinates":[[[-54.5276,-15.4009],[-54.4909,-15.4094],[-54.4856,-15.4013],[-54.4795,-15.4053],[-54.4605,-15.3977],[-54.452,-15.4036],[-54.4469,-15.3987],[-54.4274,-15.4115],[-54.4132,-15.3986],[-54.4208,-15.3923],[-54.41,-15.3774],[-54.3982,-15.3794],[-54.377,-15.3702],[-54.3614,-15.3584],[-54.3611,-15.3496],[-54.3466,-15.3422],[-54.3425,-15.3494],[-54.3217,-15.3332],[-54.288,-15.3353],[-54.2822,-15.3285],[-54.2643,-15.3379],[-54.2604,-15.3528],[-54.2771,-15.3781],[-54.2816,-15.4204],[-54.3058,-15.4385],[-54.3479,-15.4475],[-54.3578,-15.4548],[-54.3808,-15.4963],[-54.4008,-15.5025],[-54.4164,-15.5206],[-54.4302,-15.5597],[-54.4748,-15.5895],[-54.4024,-15.5832],[-54.4004,-15.5884],[-54.3647,-15.5978],[-54.2992,-15.571],[-54.254,-15.5612],[-54.2539,-15.553],[-54.2344,-15.5514],[-54.2249,-15.5376],[-54.2149,-15.5402],[-54.2115,-15.5296],[-54.1928,-15.5454],[-54.1919,-15.562],[-54.2018,-15.5683],[-54.2075,-15.564],[-54.2208,-15.5753],[-54.2199,-15.5995],[-54.2282,-15.6095],[-54.2204,-15.6122],[-54.2247,-15.6445],[-54.1943,-15.6407],[-54.1924,-15.6504],[-54.1805,-15.6453],[-54.1712,-15.6529],[-54.1938,-15.6635],[-54.1938,-15.6736],[-54.1838,-15.6758],[-54.1681,-15.6673],[-54.138,-15.6428],[-54.1318,-15.624],[-54.1149,-15.6285],[-54.044,-15.6156],[-54.0481,-15.5819],[-54.0301,-15.5422],[-54.0291,-15.5142],[-54.033,-15.4682],[-54.0572,-15.4097],[-54.0583,-15.3912],[-54.0344,-15.3513],[-54.0346,-15.3337],[-54.0197,-15.3176],[-54.0038,-15.3059],[-53.9597,-15.2955],[-53.9007,-15.2679],[-53.899,-15.2612],[-53.9146,-15.2584],[-53.9072,-15.2491],[-53.9122,-15.245],[-53.9301,-15.2508],[-53.9325,-15.2438],[-53.9443,-15.2434],[-53.9457,-15.2177],[-53.9272,-15.1828],[-53.9403,-15.1669],[-53.9333,-15.1409],[-53.9419,-15.1363],[-53.9408,-15.1099],[-53.9248,-15.0832],[-53.9464,-15.0732],[-53.9415,-15.0614],[-53.9472,-15.0394],[-53.9328,-14.9917],[-53.9847,-14.9633],[-54.0031,-14.929],[-54.0174,-14.926],[-54.0148,-14.9143],[-54.0266,-14.8982],[-54.1014,-14.8687],[-54.1096,-14.8586],[-54.1634,-14.8478],[-54.1974,-14.8249],[-54.0757,-14.8282],[-54.0416,-14.8187],[-54.0179,-14.7925],[-53.99,-14.7846],[-53.9837,-14.7712],[-53.9331,-14.7557],[-53.9245,-14.7456],[-53.911,-14.7466],[-53.8882,-14.726],[-53.8685,-14.7214],[-53.8618,-14.7033],[-53.8297,-14.6868],[-53.8198,-14.6746],[-53.795,-14.6711],[-53.7786,-14.6491],[-53.7772,-14.6352],[-53.8317,-14.6169],[-53.869,-14.6243],[-53.8711,-14.6201],[-53.9242,-14.6347],[-53.9323,-14.6193],[-53.961,-14.6039],[-53.9955,-14.6129],[-54.0304,-14.6069],[-54.0404,-14.6138],[-54.0959,-14.6206],[-54.1027,-14.6146],[-54.1339,-14.6281],[-54.1446,-14.6442],[-54.1841,-14.6531],[-54.2009,-14.6888],[-54.2114,-14.6939],[-54.3375,-14.7328],[-54.3483,-14.7447],[-54.3721,-14.748],[-54.4019,-14.7636],[-54.4296,-14.76],[-54.5064,-14.7839],[-54.5283,-14.7796],[-54.5147,-14.7928],[-54.4966,-14.8418],[-54.4983,-14.863],[-54.6563,-14.917],[-54.697,-14.9528],[-54.6968,-14.964],[-54.6541,-14.9592],[-54.6323,-14.9788],[-54.6199,-14.9813],[-54.5598,-14.9712],[-54.5036,-15.0359],[-54.4849,-15.0283],[-54.4807,-15.0368],[-54.4549,-15.0457],[-54.4414,-15.0652],[-54.4385,-15.1104],[-54.4793,-15.1196],[-54.4945,-15.1372],[-54.4875,-15.1592],[-54.4722,-15.1699],[-54.4565,-15.2057],[-54.5351,-15.2458],[-54.4868,-15.2561],[-54.4956,-15.2722],[-54.5211,-15.2845],[-54.531,-15.3085],[-54.5501,-15.3313],[-54.5555,-15.3578],[-54.5496,-15.3752],[-54.5308,-15.3783],[-54.5276,-15.4009]]]}},{"type":"Feature","properties":{"code":"5107065","name":"Querência"},"geometry":{"type":"Polygon","coordinates":[[[-52.9452,-12.5851],[-52.918,-12.6097],[-52.8996,-12.6061],[-52.8748,-12.6228],[-52.8562,-12.6137],[-52.8241,-12.6288],[-52.8118,-12.6287],[-52.7851,-12.6501],[-52.7769,-12.6448],[-52.7666,-12.6517],[-52.7515,-12.639],[-52.7128,-12.6579],[-52.7035,-12.6511],[-52.6719,-12.6663],[-52.6345,-12.6678],[-52.6334,-12.6774],[-52.6198,-12.6847],[-52.5943,-12.7226],[-52.57,-12.7283],[-52.5574,-12.7179],[-52.5399,-12.72],[-52.5318,-12.7128],[-52.513,-12.7196],[-52.4962,-12.7386],[-52.4943,-12.7609],[-52.5059,-12.7927],[-52.496,-12.8061],[-52.4931,-12.8237],[-52.4685,-12.8394],[-52.4628,-12.8514],[-52.4634,-12.8655],[-52.4795,-12.8736],[-52.4845,-12.9034],[-52.4677,-12.9206],[-52.4743,-12.9634],[-52.4597,-12.9874],[-52.4648,-13.0004],[-52.4623,-13.0191],[-52.4494,-13.0519],[-52.4318,-13.0528],[-52.4182,-13.0711],[-52.4102,-13.1116],[-52.4032,-13.1136],[-52.3827,-13.1521],[-52.3578,-13.1538],[-52.3481,-13.1637],[-52.3492,-13.1864],[-52.3354,-13.1914],[-52.3278,-13.2099],[-52.2916,-13.2138],[-52.2803,-13.2408],[-52.1906,-13.1815],[-52.1647,-13.1826],[-52.1561,-13.174],[-52.1522,-13.1593],[-52.1403,-13.1505],[-52.1424,-13.1249],[-52.1195,-13.1021],[-52.1309,-13.0969],[-52.1266,-13.0908],[-52.1328,-13.0835],[-52.1302,-13.0575],[-52.1395,-13.0373],[-52.1365,-13.0012],[-52.1441,-12.9855],[-52.135,-12.9755],[-52.1432,-12.9717],[-52.131,-12.9396],[-52.142,-12.9058],[-52.1401,-12.8884],[-52.1349,-12.8663],[-52.1286,-12.8638],[-52.1131,-12.8275],[-52.1194,-12.7868],[-52.1136,-12.7476],[-52.1229,-12.7342],[-52.1151,-12.7319],[-52.1221,-12.7131],[-52.1107,-12.7044],[-52.1058,-12.6864],[-52.109,-12.661],[-52.0995,-12.6651],[-52.0844,-12.6381],[-52.0772,-12.6415],[-52.062,-12.631],[-52.058,-12.6177],[-52.063,-12.6097],[-52.0486,-12.5889],[-52.0478,-12.5759],[-52.0597,-12.5685],[-52.0583,-12.5496],[-52.0492,-12.5482],[-52.0387,-12.5087],[-52.0512,-12.4889],[-52.0439,-12.4768],[-52.0546,-12.4745],[-52.055,-12.4657],[-52.0473,-12.4655],[-52.0448,-12.4572],[-52.0508,-12.4487],[-52.0423,-12.4382],[-52.0536,-12.4327],[-52.0499,-12.4232],[-52.0613,-12.3979],[-52.046,-12.3852],[-52.0612,-12.3768],[-52.058,-12.3635],[-52.0639,-12.3455],[-52.0556,-12.3255],[-52.0672,-12.3148],[-52.0661,-12.2884],[-52.08,-12.2779],[-52.1037,-12.2802],[-52.1346,-12.262],[-52.1385,-12.2531],[-52.1495,-12.2514],[-52.1504,-12.2361],[-52.1619,-12.23],[-52.1594,-12.2207],[-52.1676,-12.2032],[-52.164,-12.1864],[-52.1745,-12.1817],[-52.1628,-12.1722],[-52.16,-12.1448],[-52.1487,-12.1393],[-52.1468,-12.1282],[-52.1564,-12.122],[-52.1453,-12.1124],[-52.1358,-12.1124],[-52.1382,-12.0922],[-52.1199,-12.0942],[-52.1203,-12.0579],[-52.1115,-12.0566],[-52.1143,-12.0353],[-52.1078,-12.0259],[-52.1277,-12.0082],[-52.1336,-11.9926],[-52.1407,-11.9932],[-52.1526,-11.9797],[-52.1269,-11.9893],[-52.1211,-11.9882],[-52.1218,-11.9809],[-52.1725,-11.9572],[-52.1738,-11.9502],[-52.1924,-11.9463],[-52.1972,-11.9214],[-52.2108,-11.9198],[-52.2208,-11.895],[-52.2448,-11.8814],[-52.238,-11.8631],[-52.2532,-11.854],[-52.2497,-11.8156],[-52.2762,-11.7791],[-52.2896,-11.7901],[-52.2971,-11.7882],[-52.2966,-11.7757],[-52.3122,-11.7637],[-52.3219,-11.7702],[-52.3587,-11.7467],[-52.3636,-11.7267],[-52.3882,-11.7216],[-52.387,-11.7139],[-52.3996,-11.7142],[-52.4023,-11.7212],[-52.4104,-11.7169],[-52.4173,-11.728],[-52.4362,-11.701],[-52.4468,-11.6983],[-52.465,-11.7076],[-52.4716,-11.6977],[-52.4542,-11.6869],[-52.4647,-11.682],[-52.4814,-11.6908],[-52.5046,-11.6882],[-52.5177,-11.7071],[-52.5444,-11.6705],[-52.574,-11.6817],[-52.5715,-11.6966],[-52.5834,-11.7047],[-52.6067,-11.6851],[-52.6154,-11.6936],[-52.6429,-11.6789],[-52.6615,-11.6503],[-52.6728,-11.6519],[-52.6786,-11.6738],[-52.7106,-11.657],[-52.7206,-11.6375],[-52.7311,-11.6342],[-52.7332,-11.6461],[-52.7487,-11.6467],[-52.7745,-11.631],[-52.7911,-11.6394],[-52.8024,-11.6268],[-52.7919,-11.6163],[-52.7944,-11.61],[-52.8042,-11.6073],[-52.8053,-11.623],[-52.8133,-11.6202],[-52.8141,-11.6089],[-52.8314,-11.6025],[-52.8397,-11.6156],[-52.8464,-11.6134],[-52.8592,-11.6033],[-52.8674,-11.586],[-52.8787,-11.581],[-52.8842,-11.5933],[-52.9346,-11.5764],[-52.9484,-11.6157],[-52.9595,-11.6081],[-52.96,-11.5681],[-52.9751,-11.5506],[-52.9735,-11.5377],[-52.9631,-11.5264],[-52.9682,-11.52],[-52.987,-11.5195],[-53.0065,-11.5378],[-53.0178,-11.5295],[-53.0221,-11.5145],[-53.0392,-11.5079],[-53.0412,-11.4822],[-53.0571,-11.4687],[-53.0627,-11.4537],[-53.0738,-11.4525],[-53.0851,-11.4616],[-53.1044,-11.4525],[-53.0975,-11.422],[-53.0827,-11.4243],[-53.0766,-11.411],[-53.0929,-11.4021],[-53.1019,-11.4131],[-53.1101,-11.4111],[-53.115,-11.3976],[-53.1092,-11.3936],[-53.1106,-11.3752],[-53.1203,-11.3788],[-53.1525,-11.362],[-53.1534,-11.3347],[-53.1635,-11.3395],[-53.1706,-11.3374],[-53.1708,-11.327],[-53.1824,-11.3285],[-53.205,-11.2953],[-53.2285,-11.2803],[-53.2354,-11.2902],[-53.2434,-11.2626],[-53.2356,-11.2619],[-53.2336,-11.2692],[-53.224,-11.267],[-53.2286,-11.2545],[-53.2249,-11.2476],[-53.2451,-11.2204],[-53.2448,-11.2111],[-53.2604,-11.229],[-53.2512,-11.2639],[-53.2571,-11.2739],[-53.2768,-11.2792],[-53.2908,-11.3022],[-53.3024,-11.3133],[-53.3108,-11.3122],[-53.3443,-11.3593],[-53.3783,-11.3913],[-53.3843,-11.4135],[-53.4004,-11.4359],[-53.428,-11.4249],[-53.4393,-11.4316],[-53.4419,-11.4646],[-53.4695,-11.5004],[-53.4756,-11.5179],[-53.4849,-11.5047],[-53.4939,-11.5046],[-53.4948,-11.5204],[-53.5473,-11.5681],[-53.5364,-11.5916],[-53.5653,-11.6062],[-53.5716,-11.6159],[-53.5699,-11.6536],[-53.6084,-11.7437],[-53.6016,-11.7868],[-53.5873,-11.8255],[-53.5875,-11.8602],[-53.5762,-11.8726],[-53.562,-11.9099],[-53.5472,-11.9236],[-53.5474,-11.9366],[-53.5371,-11.9311],[-53.5261,-11.9418],[-53.5042,-11.9494],[-53.4937,-11.9445],[-53.4873,-11.9494],[-53.4807,-11.9808],[-53.4734,-11.9857],[-53.4509,-11.9759],[-53.4374,-11.9937],[-53.4138,-12.0037],[-53.4126,-12.014],[-53.3854,-12.022],[-53.3877,-12.0422],[-53.3563,-12.0574],[-53.362,-12.0823],[-53.3417,-12.0968],[-53.3428,-12.1379],[-53.3357,-12.1502],[-53.3096,-12.1553],[-53.3004,-12.1639],[-53.3202,-12.1918],[-53.3004,-12.2014],[-53.2986,-12.2079],[-53.3093,-12.22],[-53.3068,-12.2292],[-53.2806,-12.233],[-53.2786,-12.2221],[-53.2603,-12.2287],[-53.2429,-12.2569],[-53.2279,-12.2672],[-53.2274,-12.2817],[-53.2218,-12.2838],[-53.2099,-12.2685],[-53.1909,-12.2641],[-53.1897,-12.3148],[-53.1754,-12.314],[-53.1622,-12.3253],[-53.1456,-12.3213],[-53.141,-12.3297],[-53.1441,-12.345],[-53.1212,-12.3484],[-53.1212,-12.3634],[-53.101,-12.3763],[-53.1123,-12.3953],[-53.1062,-12.4337],[-53.0909,-12.4448],[-53.0896,-12.4589],[-53.0354,-12.4857],[-53.0315,-12.4947],[-53.0407,-12.5044],[-53.0396,-12.5155],[-53.0186,-12.5098],[-53.015,-12.5193],[-53.021,-12.5408],[-53.0108,-12.5461],[-53.0084,-12.5251],[-53.0018,-12.5184],[-52.9858,-12.5294],[-52.9764,-12.5504],[-52.9657,-12.5565],[-52.9713,-12.5727],[-52.9677,-12.5859],[-52.9452,-12.5851]]]}},{"type":"Feature","properties":{"code":"5107107","name":"São José dos Quatro Marcos"},"geometry":{"type":"Polygon","coordinates":[[[-58.5604,-15.693],[-58.235,-15.709],[-58.2154,-15.6962],[-58.1749,-15.7126],[-58.1583,-15.6949],[-58.0183,-15.3588],[-58.051,-15.3609],[-58.0696,-15.3761],[-58.0757,-15.3728],[-58.1089,-15.4122],[-58.1259,-15.4134],[-58.1914,-15.387],[-58.193,-15.3746],[-58.214,-15.3777],[-58.2109,-15.363],[-58.2211,-15.3504],[-58.2882,-15.5254],[-58.5846,-15.5126],[-58.5824,-15.5681],[-58.5682,-15.5843],[-58.5565,-15.5858],[-58.5578,-15.6204],[-58.5643,-15.6241],[-58.5613,-15.6309],[-58.5692,-15.6435],[-58.5575,-15.6511],[-58.5537,-15.66],[-58.56,-15.6664],[-58.5496,-15.6733],[-58.5604,-15.693]]]}},{"type":"Feature","properties":{"code":"5107156","name":"Reserva do Cabaçal"},"geometry":{"type":"Polygon","coordinates":[[[-58.7223,-15.0],[-58.5092,-14.9999],[-58.5046,-15.0256],[-58.5289,-15.0497],[-58.5215,-15.0992],[-58.5092,-15.1102],[-58.4814,-15.102],[-58.4264,-15.1254],[-58.406,-15.1201],[-58.3915,-15.1284],[-58.3855,-15.1248],[-58.3613,-15.1417],[-58.3478,-15.137],[-58.3328,-15.142],[-58.3351,-15.1503],[-58.326,-15.1562],[-58.3181,-15.179],[-58.3028,-15.1844],[-58.2775,-15.1844],[-58.2583,-15.1506],[-58.2625,-15.1306],[-58.2534,-15.1088],[-58.265,-15.1017],[-58.2762,-15.1036],[-58.3139,-15.0624],[-58.3257,-14.9608],[-58.3376,-14.9461],[-58.3455,-14.9195],[-58.3347,-14.885],[-58.3172,-14.8717],[-58.3084,-14.8469],[-58.2969,-14.8344],[-58.3027,-14.8223],[-58.2979,-14.8042],[-58.335,-14.7996],[-58.3427,-14.7949],[-58.3439,-14.7851],[-58.3703,-14.7764],[-58.3722,-14.7524],[-58.4039,-14.739],[-58.3963,-14.722],[-58.4009,-14.718],[-58.3928,-14.7098],[-58.4801,-14.6835],[-58.4914,-14.6856],[-58.5193,-14.7393],[-58.532,-14.7478],[-58.5431,-14.7466],[-58.5518,-14.7569],[-58.5489,-14.7718],[-58.5555,-14.7781],[-58.5687,-14.7756],[-58.5732,-14.7886],[-58.5891,-14.797],[-58.6108,-14.8274],[-58.6243,-14.8343],[-58.6242,-14.8599],[-58.6348,-14.8771],[-58.6418,-14.8778],[-58.6423,-14.9169],[-58.6691,-14.9444],[-58.6738,-14.9628],[-58.7113,-14.9762],[-58.7223,-15.0]]]}},{"type":"Feature","properties":{"code":"5107180","name":"Ribeirão Cascalheira"},"geometry":{"type":"Polygon","coordinates":[[[-52.1247,-13.1071],[-52.1191,-13.1143],[-52.1028,-13.109],[-52.062,-13.1135],[-52.0593,-13.1228],[-52.0362,-13.1296],[-51.9973,-13.1551],[-51.9841,-13.1749],[-51.9652,-13.181],[-51.9558,-13.2047],[-51.9402,-13.2068],[-51.9302,-13.2162],[-51.9313,-13.2496],[-51.9143,-13.2626],[-51.9152,-13.3024],[-51.9024,-13.3228],[-51.9089,-13.3593],[-51.905,-13.3709],[-51.8894,-13.3784],[-51.8881,-13.3906],[-51.9118,-13.427],[-51.9112,-13.4378],[-51.9017,-13.4725],[-51.8915,-13.4828],[-51.8813,-13.4812],[-51.8724,-13.4882],[-51.8778,-13.5153],[-51.8435,-13.4472],[-51.8171,-13.424],[-51.8025,-13.4216],[-51.7896,-13.4296],[-51.7402,-13.4177],[-51.7276,-13.4181],[-51.7151,-13.4281],[-51.6971,-13.4265],[-51.6831,-13.4114],[-51.6612,-13.402],[-51.6463,-13.383],[-51.624,-13.3801],[-51.62,-13.3703],[-51.5917,-13.3567],[-51.5759,-13.355],[-51.5448,-13.3641],[-51.5235,-13.4041],[-51.5099,-13.4116],[-51.506,-13.4059],[-51.4945,-13.4076],[-51.3808,-13.4527],[-51.3665,-13.435],[-51.35,-13.4274],[-51.3473,-13.3969],[-51.3296,-13.3866],[-51.3052,-13.3573],[-51.3124,-13.3465],[-51.3409,-13.3535],[-51.3421,-13.3413],[-51.3021,-13.3242],[-51.2695,-13.2998],[-51.2618,-13.27],[-51.2746,-13.2555],[-51.2715,-13.2455],[-51.2408,-13.2499],[-51.2235,-13.2401],[-51.2098,-13.2452],[-51.2005,-13.2407],[-51.2072,-13.2218],[-51.1902,-13.2092],[-51.1879,-13.1974],[-51.2003,-13.1745],[-51.1972,-13.1684],[-51.1788,-13.1674],[-51.1729,-13.1494],[-51.1391,-13.1341],[-51.1348,-13.1238],[-51.1429,-13.1137],[-51.142,-13.1],[-51.1175,-13.0863],[-51.1069,-13.0876],[-51.1002,-13.0787],[-51.1178,-13.048],[-51.1052,-13.0369],[-51.1216,-13.0285],[-51.1252,-13.0168],[-51.1132,-13.0037],[-51.1186,-12.9879],[-51.1109,-12.9768],[-51.1161,-12.9678],[-51.0853,-12.956],[-51.067,-12.9292],[-51.0488,-12.932],[-51.027,-12.9182],[-51.0345,-12.9065],[-51.0321,-12.889],[-51.0169,-12.8681],[-50.9996,-12.8717],[-50.9971,-12.8624],[-51.0075,-12.8541],[-51.0122,-12.8261],[-51.0235,-12.8127],[-51.0055,-12.7862],[-50.9904,-12.7812],[-51.004,-12.7706],[-50.997,-12.7638],[-50.9787,-12.7675],[-50.9743,-12.7591],[-50.9751,-12.7501],[-50.9953,-12.7345],[-50.9938,-12.7251],[-50.9657,-12.7157],[-50.9371,-12.6843],[-50.9237,-12.6846],[-50.9341,-12.662],[-50.929,-12.6517],[-50.9329,-12.6382],[-50.9242,-12.6258],[-50.9468,-12.5788],[-50.9611,-12.5623],[-50.9493,-12.5443],[-50.9556,-12.5378],[-50.9524,-12.522],[-50.9618,-12.5178],[-50.9665,-12.5298],[-50.9775,-12.5269],[-50.986,-12.5134],[-50.9782,-12.4999],[-50.9931,-12.4917],[-50.9795,-12.4085],[-50.9932,-12.4022],[-50.9908,-12.3933],[-50.9973,-12.3895],[-51.0218,-12.4063],[-51.0296,-12.4004],[-51.0364,-12.4072],[-51.0423,-12.4041],[-51.0545,-12.4184],[-51.0678,-12.4111],[-51.0769,-12.4184],[-51.0766,-12.4351],[-51.1773,-12.4282],[-51.196,-12.4339],[-51.2204,-12.4197],[-51.2511,-12.4139],[-51.2749,-12.3977],[-51.3303,-12.4238],[-51.3831,-12.4614],[-51.4147,-12.4656],[-51.4269,-12.4632],[-51.4244,-12.4572],[-51.5385,-12.4437],[-51.6499,-12.4714],[-51.6475,-12.5004],[-51.6571,-12.5129],[-51.7026,-12.5364],[-51.7431,-12.5451],[-51.7869,-12.5365],[-51.8174,-12.5473],[-51.8714,-12.5163],[-51.8934,-12.5156],[-51.9023,-12.5018],[-51.9003,-12.4725],[-51.9143,-12.4436],[-51.9104,-12.4233],[-51.9158,-12.3923],[-51.9078,-12.3844],[-51.9155,-12.3686],[-51.9086,-12.3495],[-51.928,-12.3154],[-51.9328,-12.2931],[-51.9264,-12.2766],[-51.947,-12.2568],[-51.9412,-12.2469],[-51.9575,-12.2474],[-51.9818,-12.2754],[-51.9853,-12.3135],[-52.0041,-12.309],[-52.0273,-12.2792],[-52.0435,-12.2729],[-52.0661,-12.2884],[-52.0672,-12.3148],[-52.0556,-12.3255],[-52.0639,-12.3455],[-52.058,-12.3635],[-52.0612,-12.3768],[-52.046,-12.3852],[-52.0613,-12.3979],[-52.0499,-12.4232],[-52.0536,-12.4327],[-52.0423,-12.4382],[-52.0508,-12.4487],[-52.0448,-12.4572],[-52.0473,-12.4655],[-52.055,-12.4657],[-52.0546,-12.4745],[-52.0439,-12.4768],[-52.0512,-12.4889],[-52.0387,-12.5087],[-52.0492,-12.5482],[-52.0583,-12.5496],[-52.0597,-12.5685],[-52.0478,-12.5759],[-52.0486,-12.5889],[-52.063,-12.6097],[-52.058,-12.6177],[-52.062,-12.631],[-52.0772,-12.6415],[-52.0844,-12.6381],[-52.0995,-12.6651],[-52.109,-12.661],[-52.1058,-12.6864],[-52.1107,-12.7044],[-52.1221,-12.7131],[-52.1151,-12.7319],[-52.1229,-12.7342],[-52.1136,-12.7476],[-52.1194,-12.7868],[-52.1131,-12.8275],[-52.1286,-12.8638],[-52.1349,-12.8663],[-52.142,-12.9058],[-52.131,-12.9396],[-52.1432,-12.9717],[-52.135,-12.9755],[-52.1441,-12.9855],[-52.1365,-13.0012],[-52.1395,-13.0373],[-52.1302,-13.0575],[-52.1328,-13.0835],[-52.1266,-13.0908],[-52.1309,-13.0969],[-52.1195,-13.1021],[-52.1247,-13.1071]]]}},{"type":"Feature","properties":{"code":"5107198","name":"Ribeirãozinho"},"geometry":{"type":"Polygon","coordinates":[[[-52.6812,-16.3017],[-52.7059,-16.2982],[-52.7246,-16.3117],[-52.7297,-16.3305],[-52.7734,-16.3569],[-52.781,-16.3844],[-52.7666,-16.4106],[-52.778,-16.4349],[-52.784,-16.4313],[-52.8368,-16.4565],[-52.8492,-16.476],[-52.8593,-16.479],[-52.8864,-16.5091],[-52.8944,-16.5262],[-52.9211,-16.5404],[-52.9201,-16.5497],[-52.9413,-16.5658],[-52.9471,-16.582],[-52.9436,-16.5925],[-52.9351,-16.5943],[-52.9347,-16.6142],[-52.8913,-16.6069],[-52.8686,-16.6186],[-52.8469,-16.6132],[-52.831,-16.617],[-52.8245,-16.6099],[-52.7806,-16.6015],[-52.7711,-16.6056],[-52.7658,-16.5906],[-52.7552,-16.5924],[-52.7531,-16.5775],[-52.7032,-16.5963],[-52.7078,-16.5753],[-52.7003,-16.5723],[-52.6947,-16.5822],[-52.6756,-16.5855],[-52.67,-16.5823],[-52.6732,-16.5706],[-52.6596,-16.5702],[-52.6705,-16.5576],[-52.6631,-16.5514],[-52.6545,-16.5607],[-52.6463,-16.5461],[-52.6354,-16.5511],[-52.626,-16.5211],[-52.6373,-16.5029],[-52.6128,-16.5018],[-52.6061,-16.486],[-52.6132,-16.4688],[-52.6051,-16.4628],[-52.6192,-16.4463],[-52.6389,-16.4371],[-52.6449,-16.4271],[-52.641,-16.4157],[-52.6533,-16.4086],[-52.6745,-16.4124],[-52.6893,-16.3946],[-52.6776,-16.381],[-52.6927,-16.3664],[-52.6922,-16.3483],[-52.6826,-16.3441],[-52.6868,-16.3149],[-52.6812,-16.3017]]]}},{"type":"Feature","properties":{"code":"5107206","name":"Rio Branco"},"geometry":{"type":"Polygon","coordinates":[[[-57.9608,-15.2214],[-57.9729,-15.216],[-57.9921,-15.2243],[-58.0176,-15.2223],[-58.0359,-15.2083],[-58.0388,-15.1922],[-58.1359,-15.197],[-58.1436,-15.1895],[-58.1433,-15.1783],[-58.1723,-15.1797],[-58.198,-15.1616],[-58.231,-15.1618],[-58.2427,-15.1727],[-58.2583,-15.1506],[-58.2796,-15.1843],[-58.2577,-15.2306],[-58.284,-15.2478],[-58.2715,-15.2581],[-58.274,-15.2927],[-58.2615,-15.2918],[-58.2425,-15.3212],[-58.2426,-15.3335],[-58.2109,-15.363],[-58.214,-15.3777],[-58.193,-15.3746],[-58.1914,-15.387],[-58.1789,-15.3928],[-58.1259,-15.4134],[-58.1089,-15.4122],[-58.0886,-15.3893],[-58.0811,-15.332],[-58.0443,-15.2976],[-58.0381,-15.2825],[-58.0308,-15.2843],[-58.0195,-15.2619],[-57.966,-15.2347],[-57.9608,-15.2214]]]}},{"type":"Feature","properties":{"code":"5107248","name":"Santa Carmem"},"geometry":{"type":"Polygon","coordinates":[[[-55.2718,-11.904],[-55.3184,-11.9247],[-55.3307,-11.9473],[-55.3791,-11.9676],[-55.3909,-11.9989],[-55.3794,-12.0476],[-55.3827,-12.0581],[-55.4099,-12.0812],[-55.4091,-12.0894],[-55.3069,-12.0896],[-55.2878,-12.1131],[-55.2483,-12.1233],[-55.2251,-12.1149],[-55.1886,-12.128],[-55.169,-12.1203],[-55.141,-12.1204],[-55.1298,-12.1371],[-55.1385,-12.161],[-55.1255,-12.1776],[-55.1009,-12.1832],[-55.0853,-12.1811],[-55.0564,-12.1542],[-55.0331,-12.1558],[-55.0289,-12.1638],[-55.0349,-12.1937],[-55.0128,-12.2346],[-55.0127,-12.2455],[-54.985,-12.2249],[-54.9727,-12.2027],[-54.9783,-12.1753],[-54.9733,-12.1651],[-54.9316,-12.1302],[-54.8867,-12.1198],[-54.8355,-12.1283],[-54.8308,-12.121],[-54.8023,-12.1179],[-54.7345,-12.0913],[-54.7254,-12.073],[-54.7142,-12.0652],[-54.6538,-12.0696],[-54.6196,-12.0481],[-54.5784,-12.0425],[-54.5351,-12.0273],[-54.5078,-12.008],[-54.4863,-12.0022],[-54.443,-12.0092],[-54.4268,-11.998],[-54.4013,-11.9954],[-54.38,-11.9784],[-54.3782,-11.969],[-54.3579,-11.957],[-54.3572,-11.9505],[-54.3312,-11.9357],[-54.299,-11.8935],[-54.3003,-11.8814],[-54.2876,-11.8783],[-54.2863,-11.872],[-54.3895,-11.8835],[-54.4242,-11.8752],[-54.4739,-11.8847],[-54.5009,-11.8636],[-54.5384,-11.8609],[-54.5601,-11.8617],[-54.5792,-11.8767],[-54.6255,-11.8818],[-54.6021,-11.846],[-54.5824,-11.8409],[-54.5661,-11.8031],[-54.5771,-11.8],[-54.5953,-11.7794],[-54.6082,-11.7832],[-54.584,-11.7542],[-54.589,-11.727],[-54.5767,-11.68],[-54.6034,-11.6852],[-54.6276,-11.707],[-54.6518,-11.7142],[-54.6724,-11.6665],[-54.6844,-11.6583],[-54.7186,-11.6595],[-54.7279,-11.6492],[-54.7569,-11.6915],[-54.7737,-11.7501],[-54.7705,-11.7741],[-54.7573,-11.7878],[-54.7561,-11.8071],[-54.7822,-11.8145],[-54.8023,-11.8105],[-54.8125,-11.8019],[-54.8083,-11.7944],[-54.8177,-11.7673],[-54.8475,-11.7358],[-54.8729,-11.754],[-54.8759,-11.7388],[-54.924,-11.7057],[-54.9397,-11.7059],[-55.002,-11.6532],[-55.008,-11.6693],[-55.0276,-11.6834],[-55.0671,-11.6969],[-55.0826,-11.7342],[-55.1009,-11.7497],[-55.1045,-11.788],[-55.1123,-11.7898],[-55.1213,-11.8046],[-55.1703,-11.813],[-55.2078,-11.8101],[-55.258,-11.8645],[-55.2718,-11.904]]]}},{"type":"Feature","properties":{"code":"5107263","name":"Santo Afonso"},"geometry":{"type":"Polygon","coordinates":[[[-56.9773,-14.4356],[-56.9933,-14.4337],[-57.004,-14.4174],[-57.0158,-14.4253],[-57.1309,-14.4131],[-57.1427,-14.4207],[-57.1477,-14.4063],[-57.1405,-14.3947],[-57.1479,-14.3931],[-57.2008,-14.4131],[-57.2314,-14.4141],[-57.2422,-14.4207],[-57.2889,-14.4195],[-57.2982,-14.4262],[-57.2949,-14.378],[-57.3051,-14.3814],[-57.3184,-14.3762],[-57.3402,-14.3561],[-57.3523,-14.3591],[-57.3562,-14.3296],[-57.3672,-14.3312],[-57.3928,-14.3509],[-57.4363,-14.3076],[-57.4431,-14.3292],[-57.4385,-14.347],[-57.455,-14.3448],[-57.4845,-14.3281],[-57.5092,-14.3262],[-57.5442,-14.3617],[-57.5579,-14.3404],[-57.585,-14.3381],[-57.5727,-14.3556],[-57.5862,-14.3801],[-57.6174,-14.3964],[-57.6296,-14.3803],[-57.6432,-14.377],[-57.6538,-14.4046],[-57.6479,-14.4327],[-57.6713,-14.4191],[-57.6799,-14.3933],[-57.7198,-14.3754],[-57.7024,-14.4188],[-57.699,-14.4484],[-57.7135,-14.493],[-57.7111,-14.5013],[-57.7014,-14.5034],[-57.6895,-14.5231],[-57.68,-14.5237],[-57.6834,-14.5346],[-57.6691,-14.5561],[-57.6557,-14.5647],[-57.6449,-14.5598],[-57.647,-14.5508],[-57.6261,-14.5441],[-57.5965,-14.5053],[-57.581,-14.5057],[-57.5575,-14.474],[-57.5261,-14.4667],[-57.5038,-14.4398],[-57.4835,-14.4443],[-57.484,-14.4517],[-57.4564,-14.439],[-57.4416,-14.4571],[-57.4511,-14.4736],[-57.435,-14.4744],[-57.4323,-14.4937],[-57.4072,-14.4863],[-57.3761,-14.5045],[-57.3535,-14.498],[-57.3596,-14.4888],[-57.3413,-14.4843],[-57.3237,-14.5113],[-57.3303,-14.5199],[-57.3247,-14.5311],[-57.3067,-14.5373],[-57.3067,-14.5476],[-57.2827,-14.5565],[-57.2428,-14.55],[-57.2271,-14.5399],[-57.1961,-14.5486],[-57.1652,-14.5413],[-57.1535,-14.5459],[-57.1466,-14.5748],[-57.1415,-14.5746],[-57.1279,-14.5585],[-57.1061,-14.5625],[-57.0992,-14.5468],[-57.1034,-14.5351],[-57.073,-14.5194],[-57.0567,-14.527],[-57.0295,-14.5141],[-57.0157,-14.5309],[-57.0079,-14.5299],[-56.9636,-14.5033],[-56.9497,-14.503],[-56.93,-14.4831],[-56.9315,-14.4732],[-56.9488,-14.4764],[-56.9773,-14.4356]]]}},{"type":"Feature","properties":{"code":"5107297","name":"São José do Povo"},"geometry":{"type":"Polygon","coordinates":[[[-54.329,-16.3255],[-54.3428,-16.3286],[-54.3392,-16.3374],[-54.324,-16.3546],[-54.3352,-16.3585],[-54.3459,-16.3831],[-54.332,-16.4024],[-54.334,-16.4162],[-54.3488,-16.4289],[-54.3534,-16.4263],[-54.3579,-16.4663],[-54.3682,-16.48],[-54.3562,-16.4987],[-54.3674,-16.5061],[-54.3812,-16.5057],[-54.3791,-16.5185],[-54.3678,-16.5284],[-54.3682,-16.5388],[-54.345,-16.5475],[-54.3345,-16.5794],[-54.322,-16.582],[-54.3139,-16.5969],[-54.3026,-16.5798],[-54.2949,-16.5779],[-54.286,-16.5883],[-54.2659,-16.5803],[-54.2316,-16.601],[-54.2306,-16.6132],[-54.1894,-16.628],[-54.1678,-16.5063],[-54.1802,-16.4988],[-54.1891,-16.5021],[-54.1964,-16.4936],[-54.2094,-16.492],[-54.2192,-16.4996],[-54.2365,-16.4872],[-54.2367,-16.4764],[-54.2246,-16.4796],[-54.2081,-16.4719],[-54.2065,-16.45],[-54.2204,-16.4369],[-54.1973,-16.4052],[-54.166,-16.3946],[-54.1639,-16.3696],[-54.1704,-16.3603],[-54.2062,-16.3684],[-54.2239,-16.3598],[-54.2199,-16.3469],[-54.2283,-16.3163],[-54.2673,-16.3267],[-54.2758,-16.3445],[-54.2993,-16.3292],[-54.3095,-16.3425],[-54.3222,-16.3395],[-54.329,-16.3255]]]}},{"type":"Feature","properties":{"code":"5107305","name":"São José do Rio Claro"},"geometry":{"type":"Polygon","coordinates":[[[-56.4114,-13.8384],[-56.4015,-13.8279],[-56.4116,-13.7974],[-56.4068,-13.7733],[-56.4162,-13.7612],[-56.4039,-13.7507],[-56.4032,-13.7427],[-56.3943,-13.7433],[-56.3831,-13.7165],[-56.3843,-13.6812],[-56.3927,-13.6707],[-56.3925,-13.6555],[-56.3993,-13.6546],[-56.4177,-13.628],[-56.4119,-13.6126],[-56.4247,-13.6133],[-56.4177,-13.5877],[-56.4332,-13.5818],[-56.4353,-13.5747],[-56.4581,-13.5745],[-56.4649,-13.5602],[-56.4795,-13.5526],[-56.4801,-13.5406],[-56.5073,-13.5325],[-56.5242,-13.516],[-56.5329,-13.497],[-56.5326,-13.4702],[-56.5404,-13.466],[-56.5549,-13.4706],[-56.543,-13.4587],[-56.5448,-13.4504],[-56.5758,-13.4354],[-56.5838,-13.4064],[-56.6008,-13.4067],[-56.6115,-13.4001],[-56.6117,-13.3513],[-56.6277,-13.3384],[-56.6312,-13.3139],[-56.6446,-13.2893],[-56.6436,-13.2536],[-56.6571,-13.2552],[-56.6583,-13.2488],[-56.6493,-13.2436],[-56.6543,-13.2332],[-56.6669,-13.2203],[-56.6734,-13.2228],[-56.7021,-13.157],[-56.7163,-13.1515],[-56.7149,-13.1379],[-56.7324,-13.1278],[-56.7252,-13.1188],[-56.7445,-13.1001],[-56.7353,-13.0888],[-56.7467,-13.0718],[-56.7348,-13.0487],[-56.7407,-13.0347],[-56.7368,-13.0275],[-56.7242,-13.0262],[-56.7278,-13.0059],[-56.7139,-12.9977],[-56.7165,-12.9896],[-56.7285,-12.9914],[-56.7264,-12.9655],[-56.7365,-12.9631],[-56.7399,-12.9547],[-56.7437,-12.9693],[-56.7702,-12.9817],[-56.8293,-13.0425],[-56.8375,-13.0617],[-56.8344,-13.0766],[-56.8675,-13.1284],[-56.8685,-13.1465],[-56.8757,-13.1552],[-56.8708,-13.1615],[-56.8902,-13.1799],[-56.8919,-13.1932],[-56.8981,-13.1933],[-56.9068,-13.208],[-56.9317,-13.2173],[-56.9517,-13.2331],[-56.9505,-13.2543],[-56.9585,-13.2621],[-56.9617,-13.292],[-56.9883,-13.3071],[-56.989,-13.321],[-57.0174,-13.3667],[-57.0138,-13.394],[-57.0212,-13.4051],[-57.0156,-13.4213],[-57.0231,-13.4285],[-57.0184,-13.4358],[-57.0223,-13.4426],[-57.0115,-13.4631],[-57.0145,-13.4673],[-56.9946,-13.4918],[-57.0005,-13.5121],[-56.9952,-13.5191],[-57.0042,-13.5364],[-57.0301,-13.5629],[-57.0372,-13.5454],[-57.0676,-13.5489],[-57.0881,-13.5788],[-57.1027,-13.5794],[-57.1408,-13.6613],[-57.1533,-13.6714],[-57.1706,-13.6702],[-57.1737,-13.6848],[-57.1827,-13.6853],[-57.1905,-13.7007],[-57.2203,-13.7036],[-57.224,-13.7135],[-57.2349,-13.711],[-57.2529,-13.7275],[-57.2503,-13.7478],[-57.2757,-13.7735],[-57.2805,-13.7864],[-57.2772,-13.8028],[-57.2922,-13.8291],[-57.3274,-13.8761],[-57.3423,-13.8796],[-57.3469,-13.8877],[-57.2121,-13.9183],[-57.1855,-13.877],[-57.1541,-13.8756],[-57.1116,-13.8538],[-57.0596,-13.854],[-57.0185,-13.8236],[-56.9959,-13.8314],[-56.9883,-13.8262],[-56.9864,-13.8141],[-56.9547,-13.7901],[-56.9312,-13.8011],[-56.9146,-13.7913],[-56.9085,-13.7973],[-56.8968,-13.7928],[-56.8878,-13.7753],[-56.8651,-13.761],[-56.8183,-13.7453],[-56.8141,-13.7308],[-56.781,-13.7021],[-56.7664,-13.6638],[-56.7422,-13.6482],[-56.7199,-13.6558],[-56.7132,-13.6717],[-56.7058,-13.6701],[-56.672,-13.6972],[-56.6666,-13.7262],[-56.6752,-13.7516],[-56.6925,-13.7583],[-56.7045,-13.7925],[-56.6938,-13.7973],[-56.6961,-13.846],[-56.6773,-13.872],[-56.656,-13.8657],[-56.628,-13.874],[-56.6148,-13.867],[-56.5995,-13.8696],[-56.558,-13.8944],[-56.5298,-13.8515],[-56.5018,-13.8597],[-56.4541,-13.8402],[-56.4114,-13.8384]]]}},{"type":"Feature","properties":{"code":"5107354","name":"São José do Xingu"},"geometry":{"type":"Polygon","coordinates":[[[-52.144,-10.2707],[-52.1515,-10.2594],[-52.1752,-10.2581],[-52.2215,-10.2736],[-52.2373,-10.3031],[-52.2831,-10.3172],[-52.3187,-10.3503],[-52.3438,-10.3327],[-52.3649,-10.3263],[-52.3816,-10.3454],[-52.4094,-10.3498],[-52.4232,-10.3314],[-52.4692,-10.322],[-52.482,-10.3239],[-52.5021,-10.3504],[-52.5164,-10.3339],[-52.5265,-10.3485],[-52.5745,-10.3476],[-52.6589,-10.375],[-52.6819,-10.3708],[-52.703,-10.3885],[-52.7361,-10.3968],[-52.8082,-10.3777],[-52.8463,-10.3804],[-52.8524,-10.3879],[-52.8692,-10.3858],[-52.8885,-10.4004],[-52.8989,-10.3895],[-52.8996,-10.3744],[-52.9219,-10.3674],[-52.9273,-10.3573],[-52.9436,-10.3575],[-52.9521,-10.3344],[-52.9899,-10.3322],[-52.9834,-10.3163],[-53.0135,-10.3163],[-53.0459,-10.3642],[-53.0661,-10.4571],[-53.083,-10.4998],[-53.0857,-10.57],[-53.0533,-10.5859],[-53.0507,-10.5978],[-53.0569,-10.6155],[-53.0898,-10.6428],[-53.0933,-10.6532],[-53.0949,-10.6863],[-53.0848,-10.6959],[-53.0843,-10.7105],[-53.0987,-10.7586],[-53.0991,-10.7871],[-53.1233,-10.8191],[-53.1177,-10.8405],[-53.1262,-10.857],[-53.1167,-10.8611],[-53.1004,-10.8896],[-53.0896,-10.8871],[-53.0834,-10.895],[-53.0645,-10.8974],[-53.0577,-10.889],[-53.0521,-10.8955],[-53.0194,-10.893],[-52.9718,-10.9181],[-52.955,-10.9391],[-52.9307,-10.9551],[-52.9222,-10.9811],[-52.9267,-10.9887],[-52.9127,-11.0214],[-52.9141,-11.0347],[-52.8871,-11.0514],[-52.8706,-11.0886],[-52.8128,-11.1087],[-52.7912,-11.0959],[-52.7711,-11.0539],[-52.7565,-11.0442],[-52.7337,-11.0538],[-52.7083,-11.0543],[-52.6702,-11.0808],[-52.6409,-11.0705],[-52.6217,-11.0782],[-52.6052,-11.071],[-52.564,-11.0679],[-52.5404,-11.0724],[-52.5353,-11.0873],[-52.5011,-11.0955],[-52.4553,-11.0808],[-52.4464,-11.0683],[-52.4425,-11.098],[-52.4192,-11.0909],[-52.4142,-11.0779],[-52.3858,-11.0557],[-52.3088,-11.0547],[-52.2338,-11.0325],[-52.2182,-11.0364],[-52.2113,-11.0059],[-52.2216,-10.9946],[-52.215,-10.9876],[-52.2294,-10.9876],[-52.1944,-10.9368],[-52.1886,-10.9382],[-52.2003,-10.9246],[-52.1858,-10.9172],[-52.1941,-10.8927],[-52.1809,-10.8785],[-52.1927,-10.8533],[-52.1897,-10.8441],[-52.199,-10.8345],[-52.1971,-10.8273],[-52.1832,-10.824],[-52.1868,-10.798],[-52.1726,-10.7838],[-52.1871,-10.7517],[-52.1789,-10.7473],[-52.1836,-10.7396],[-52.1716,-10.7337],[-52.1733,-10.7218],[-52.1923,-10.7109],[-52.1906,-10.6925],[-52.1831,-10.6843],[-52.1966,-10.6788],[-52.1936,-10.6696],[-52.1823,-10.679],[-52.1757,-10.6748],[-52.2046,-10.6533],[-52.1987,-10.64],[-52.2044,-10.628],[-52.1901,-10.623],[-52.1894,-10.6077],[-52.1834,-10.6022],[-52.1956,-10.5857],[-52.1814,-10.5714],[-52.1786,-10.5592],[-52.1946,-10.5472],[-52.1927,-10.536],[-52.2015,-10.5275],[-52.2018,-10.5225],[-52.1838,-10.5219],[-52.1847,-10.5046],[-52.2,-10.4977],[-52.1991,-10.4874],[-52.1798,-10.4888],[-52.1916,-10.4747],[-52.1894,-10.4624],[-52.2164,-10.4493],[-52.2168,-10.44],[-52.1914,-10.4295],[-52.1907,-10.4249],[-52.2065,-10.4247],[-52.2108,-10.4186],[-52.2049,-10.4132],[-52.1963,-10.4165],[-52.1919,-10.4056],[-52.2049,-10.4021],[-52.1973,-10.3929],[-52.1875,-10.3903],[-52.1852,-10.3825],[-52.175,-10.3832],[-52.1751,-10.3751],[-52.1889,-10.3663],[-52.1804,-10.3587],[-52.165,-10.3603],[-52.1632,-10.3313],[-52.1682,-10.3212],[-52.1597,-10.3088],[-52.165,-10.2987],[-52.1583,-10.2968],[-52.1553,-10.2782],[-52.144,-10.2707]]]}},{"type":"Feature","properties":{"code":"5107404","name":"São Pedro da Cipa"},"geometry":{"type":"Polygon","coordinates":[[[-54.9057,-15.976],[-54.9241,-15.9982],[-54.9418,-16.001],[-54.9457,-16.0126],[-54.9381,-16.0195],[-54.9423,-16.0446],[-54.9369,-16.0553],[-54.9096,-16.0504],[-54.9109,-16.035],[-54.9172,-16.0304],[-54.8909,-15.9979],[-54.8728,-16.0034],[-54.8675,-16.0149],[-54.852,-16.0027],[-54.8366,-16.0109],[-54.81,-16.0074],[-54.7845,-15.9956],[-54.6107,-15.9811],[-54.5876,-15.9669],[-54.5865,-15.9464],[-54.5805,-15.9351],[-54.5649,-15.9323],[-54.5616,-15.912],[-54.5756,-15.8815],[-54.6071,-15.8994],[-54.6173,-15.8861],[-54.6696,-15.8971],[-54.6757,-15.8901],[-54.6853,-15.8933],[-54.7077,-15.8867],[-54.7328,-15.8913],[-54.7464,-15.8958],[-54.7465,-15.9046],[-54.7679,-15.9182],[-54.7804,-15.9171],[-54.7973,-15.9293],[-54.8626,-15.9475],[-54.9005,-15.9515],[-54.9017,-15.9664],[-54.9082,-15.9681],[-54.9057,-15.976]]]}},{"type":"Feature","properties":{"code":"5107578","name":"Rondolândia"},"geometry":{"type":"Polygon","coordinates":[[[-60.6473,-9.6366],[-60.6553,-9.6479],[-60.669,-9.6399],[-60.678,-9.6434],[-60.6779,-9.6718],[-60.6985,-9.689],[-60.7023,-9.7021],[-60.7158,-9.6999],[-60.7155,-9.7139],[-60.7273,-9.7037],[-60.7414,-9.7021],[-60.7466,-9.6935],[-60.7594,-9.6974],[-60.7725,-9.7064],[-60.7671,-9.717],[-60.787,-9.7272],[-60.7877,-9.7374],[-60.8228,-9.7493],[-60.8422,-9.7645],[-60.8768,-9.7724],[-60.9258,-9.8309],[-60.9254,-9.8377],[-60.9104,-9.8403],[-60.9086,-9.8463],[-60.9637,-9.8897],[-60.9853,-9.9241],[-60.9948,-9.9262],[-61.0211,-9.961],[-61.0336,-9.9619],[-61.0371,-9.9735],[-61.0584,-9.9785],[-61.0613,-9.9713],[-61.0929,-9.9893],[-61.1068,-9.9932],[-61.1147,-9.989],[-61.1206,-10.0214],[-61.1358,-10.0294],[-61.1279,-10.0495],[-61.1751,-10.0214],[-61.1809,-10.0059],[-61.2119,-9.9938],[-61.2133,-9.9717],[-61.2306,-9.9576],[-61.2797,-9.942],[-61.2896,-9.9507],[-61.2789,-9.9665],[-61.2791,-10.0039],[-61.2521,-10.0231],[-61.3006,-10.0126],[-61.3074,-10.0274],[-61.3159,-10.0241],[-61.3443,-10.0324],[-61.3511,-10.0284],[-61.354,-10.0369],[-61.3641,-10.0389],[-61.391,-10.0146],[-61.4151,-10.0143],[-61.4298,-10.0],[-61.5402,-10.0002],[-61.5559,-10.039],[-61.5849,-10.0616],[-61.5787,-10.0792],[-61.6016,-10.1566],[-61.5625,-10.1719],[-61.5598,-10.1931],[-61.5523,-10.1994],[-61.574,-10.209],[-61.5767,-10.2486],[-61.5454,-10.2985],[-61.5533,-10.307],[-61.5481,-10.3164],[-61.5301,-10.3333],[-61.5215,-10.3308],[-61.5148,-10.3368],[-61.5132,-10.3486],[-61.5017,-10.3538],[-61.5031,-10.3759],[-61.4957,-10.3902],[-61.4715,-10.4051],[-61.4769,-10.4106],[-61.4618,-10.4199],[-61.4671,-10.4485],[-61.4761,-10.4547],[-61.4702,-10.4614],[-61.4808,-10.4877],[-61.478,-10.5316],[-61.4663,-10.5412],[-61.48,-10.5692],[-61.4815,-10.5968],[-61.4762,-10.6077],[-61.4896,-10.6311],[-61.479,-10.643],[-61.4805,-10.6594],[-61.4845,-10.6738],[-61.4906,-10.6732],[-61.498,-10.6863],[-61.4994,-10.6986],[-61.4764,-10.7225],[-61.4853,-10.7263],[-61.4884,-10.7365],[-61.4809,-10.7442],[-61.4796,-10.7877],[-61.4738,-10.7975],[-61.486,-10.8006],[-61.4933,-10.7845],[-61.5053,-10.7848],[-61.5109,-10.7937],[-61.5034,-10.8084],[-61.5125,-10.8222],[-61.509,-10.8322],[-61.5205,-10.8419],[-61.5251,-10.8558],[-61.5255,-10.8871],[-61.52,-10.8987],[-61.5244,-10.9034],[-61.5147,-10.9116],[-61.5233,-10.9403],[-61.5195,-10.9497],[-61.5258,-10.955],[-61.5301,-10.979],[-61.5468,-10.9776],[-61.5503,-10.9861],[-61.0006,-10.9922],[-60.4601,-10.9899],[-60.4639,-10.9806],[-60.4425,-10.9542],[-60.4341,-10.932],[-60.4488,-10.9072],[-60.4365,-10.899],[-60.4291,-10.879],[-60.4104,-10.8714],[-60.4042,-10.8525],[-60.4298,-10.8155],[-60.4176,-10.7829],[-60.3964,-10.7642],[-60.4003,-10.7544],[-60.4265,-10.7413],[-60.4364,-10.7197],[-60.4467,-10.714],[-60.4836,-10.7145],[-60.4875,-10.6961],[-60.5054,-10.6901],[-60.5224,-10.6714],[-60.5178,-10.6405],[-60.5285,-10.6268],[-60.5375,-10.5934],[-60.5188,-10.5679],[-60.5358,-10.4906],[-60.5257,-10.4841],[-60.5239,-10.4707],[-60.5594,-10.4328],[-60.5994,-10.412],[-60.6067,-10.351],[-60.6024,-10.3326],[-60.6247,-10.3165],[-60.6374,-10.2932],[-60.6266,-10.2593],[-60.6379,-10.2436],[-60.6273,-10.1981],[-60.6329,-10.171],[-60.6478,-10.1519],[-60.6472,-10.1357],[-60.6168,-10.1064],[-60.6118,-10.0736],[-60.6387,-10.0429],[-60.6361,-10.0375],[-60.6169,-10.0364],[-60.6095,-10.0246],[-60.6108,-10.0112],[-60.6396,-9.9806],[-60.6316,-9.959],[-60.6471,-9.9564],[-60.6845,-9.9661],[-60.6923,-9.9591],[-60.6896,-9.9335],[-60.6584,-9.8902],[-60.6753,-9.8389],[-60.6968,-9.834],[-60.7051,-9.8233],[-60.6723,-9.795],[-60.679,-9.7596],[-60.6866,-9.7495],[-60.6815,-9.7367],[-60.6613,-9.7183],[-60.6528,-9.6888],[-60.6392,-9.6711],[-60.6373,-9.6375],[-60.6473,-9.6366]]]}},{"type":"Feature","properties":{"code":"5107602","name":"Rondonópolis"},"geometry":{"type":"Polygon","coordinates":[[[-54.1894,-16.628],[-54.2306,-16.6132],[-54.2316,-16.601],[-54.2659,-16.5803],[-54.286,-16.5883],[-54.2949,-16.5779],[-54.3026,-16.5798],[-54.3139,-16.5969],[-54.322,-16.582],[-54.3345,-16.5794],[-54.345,-16.5475],[-54.3682,-16.5388],[-54.3678,-16.5284],[-54.3791,-16.5185],[-54.3812,-16.5057],[-54.3674,-16.5061],[-54.3562,-16.4987],[-54.3682,-16.48],[-54.3579,-16.4663],[-54.3534,-16.4263],[-54.3488,-16.4289],[-54.334,-16.4162],[-54.332,-16.4024],[-54.3459,-16.3831],[-54.3426,-16.3709],[-54.3352,-16.3585],[-54.324,-16.3546],[-54.3392,-16.3374],[-54.3418,-16.3217],[-54.3535,-16.3331],[-54.3891,-16.3277],[-54.3935,-16.2992],[-54.4074,-16.2819],[-54.4291,-16.2669],[-54.4402,-16.2757],[-54.461,-16.2453],[-54.4597,-16.2142],[-54.4499,-16.1918],[-54.4348,-16.1864],[-54.4207,-16.1657],[-54.4186,-16.1435],[-54.4588,-16.1345],[-54.4832,-16.1044],[-54.4794,-16.0684],[-54.547,-16.0902],[-54.5957,-16.1203],[-54.6368,-16.1296],[-54.647,-16.1389],[-54.6582,-16.136],[-54.6619,-16.1444],[-54.6898,-16.1609],[-54.6937,-16.1719],[-54.7194,-16.1659],[-54.7504,-16.1895],[-54.7904,-16.2058],[-54.8253,-16.2624],[-54.8714,-16.2743],[-54.8753,-16.2689],[-54.9086,-16.2689],[-54.9127,-16.3099],[-54.9195,-16.3083],[-54.94,-16.331],[-54.9365,-16.3418],[-54.9441,-16.3546],[-54.9346,-16.3745],[-54.9363,-16.3907],[-54.9418,-16.3925],[-54.9428,-16.4032],[-54.9597,-16.4107],[-54.9583,-16.4188],[-54.9704,-16.428],[-54.9782,-16.4545],[-54.9365,-16.5349],[-54.9583,-16.5412],[-54.9613,-16.5476],[-54.9493,-16.5605],[-54.9725,-16.5675],[-54.9674,-16.576],[-54.9733,-16.5842],[-54.9608,-16.5895],[-54.9571,-16.6013],[-54.9668,-16.6073],[-54.9577,-16.6253],[-54.9679,-16.6317],[-54.9682,-16.6477],[-54.9932,-16.6619],[-54.9953,-16.682],[-54.9754,-16.6732],[-54.9567,-16.6846],[-54.9531,-16.6942],[-54.9591,-16.7047],[-54.9404,-16.6979],[-54.9353,-16.7062],[-54.9498,-16.7215],[-54.9429,-16.7526],[-54.9355,-16.754],[-54.9327,-16.7625],[-54.9358,-16.7753],[-54.9139,-16.7686],[-54.9166,-16.7786],[-54.9108,-16.7806],[-54.9063,-16.7733],[-54.8979,-16.7771],[-54.9108,-16.7872],[-54.8952,-16.7991],[-54.9025,-16.8151],[-54.8941,-16.8234],[-54.9006,-16.8282],[-54.8962,-16.8365],[-54.8869,-16.836],[-54.9035,-16.8577],[-54.8967,-16.8683],[-54.9013,-16.8768],[-54.9164,-16.8769],[-54.9322,-16.9042],[-54.9196,-16.9063],[-54.9313,-16.9259],[-54.9189,-16.929],[-54.918,-16.9403],[-54.9268,-16.9427],[-54.9271,-16.9598],[-54.9183,-16.9602],[-54.9093,-16.972],[-54.9285,-16.9815],[-54.9325,-17.0157],[-54.905,-17.0156],[-54.9029,-17.0226],[-54.9143,-17.0276],[-54.9103,-17.0356],[-54.922,-17.0566],[-54.916,-17.0599],[-54.9169,-17.072],[-54.9053,-17.0771],[-54.8412,-17.0729],[-54.7241,-17.04],[-54.6887,-17.0829],[-54.663,-17.0976],[-54.6457,-17.1004],[-54.5825,-17.0783],[-54.5866,-16.7565],[-54.5985,-16.7303],[-54.5901,-16.7121],[-54.5985,-16.7013],[-54.5871,-16.6725],[-54.5699,-16.6692],[-54.564,-16.6578],[-54.5465,-16.6517],[-54.5397,-16.6422],[-54.5537,-16.6102],[-54.5468,-16.5969],[-54.533,-16.5924],[-54.5223,-16.5685],[-54.5001,-16.5565],[-54.4984,-16.5655],[-54.4844,-16.5747],[-54.453,-16.5597],[-54.1953,-16.6596],[-54.1894,-16.628]]]}},{"type":"Feature","properties":{"code":"5107701","name":"Rosário Oeste"},"geometry":{"type":"MultiPolygon","coordinates":[[[[-55.2412,-14.2399],[-55.201,-14.2505],[-55.214,-14.2621],[-55.2217,-14.2882],[-55.2349,-14.286],[-55.2375,-14.2926],[-55.287,-14.3017],[-55.3086,-14.2926],[-55.3057,-14.3093],[-55.3132,-14.3152],[-55.3178,-14.3074],[-55.3351,-14.3259],[-55.3556,-14.327],[-55.3669,-14.3389],[-55.3714,-14.333],[-55.3908,-14.3383],[-55.4076,-14.3345],[-55.4312,-14.3224],[-55.4365,-14.3508],[-55.4651,-14.3415],[-55.4592,-14.3573],[-55.4673,-14.3591],[-55.4693,-14.3517],[-55.4794,-14.3538],[-55.482,-14.3632],[-55.4989,-14.3654],[-55.5141,-14.3857],[-55.5351,-14.3888],[-55.5365,-14.4058],[-55.5693,-14.4142],[-55.5718,-14.4263],[-55.5979,-14.4306],[-55.6066,-14.4425],[-55.6243,-14.4384],[-55.6372,-14.4519],[-55.6445,-14.4423],[-55.6522,-14.4477],[-55.6605,-14.4403],[-55.6703,-14.4547],[-55.6819,-14.4496],[-55.6845,-14.4672],[-55.6949,-14.4748],[-55.7052,-14.4567],[-55.7148,-14.469],[-55.7282,-14.4587],[-55.7445,-14.4878],[-55.7541,-14.4856],[-55.7744,-14.512],[-55.782,-14.504],[-55.8256,-14.5155],[-55.8552,-14.5497],[-55.8397,-14.5785],[-55.8498,-14.5813],[-55.8352,-14.6005],[-55.8441,-14.6034],[-55.8319,-14.6178],[-55.8473,-14.6482],[-55.8636,-14.6461],[-55.8637,-14.6572],[-55.8729,-14.663],[-55.8945,-14.6611],[-55.9017,-14.6751],[-55.9175,-14.6673],[-55.9185,-14.6792],[-55.9301,-14.6831],[-55.9654,-14.6777],[-55.9777,-14.6695],[-55.9936,-14.6788],[-56.0152,-14.6654],[-56.0284,-14.6811],[-56.0388,-14.6797],[-56.0635,-14.6936],[-56.0717,-14.6901],[-56.1008,-14.6972],[-56.122,-14.671],[-56.1239,-14.6601],[-56.1384,-14.6521],[-56.1454,-14.6614],[-56.1655,-14.661],[-56.1723,-14.6789],[-56.205,-14.6679],[-56.2307,-14.6827],[-56.2298,-14.6915],[-56.2498,-14.6969],[-56.2556,-14.705],[-56.251,-14.7125],[-56.2621,-14.7224],[-56.2542,-14.7319],[-56.2848,-14.7585],[-56.2866,-14.7681],[-56.3223,-14.7486],[-56.3333,-14.7653],[-56.3678,-14.7645],[-56.4097,-14.7458],[-56.4165,-14.7505],[-56.4244,-14.7426],[-56.4431,-14.7636],[-56.4769,-14.7841],[-56.4982,-14.7895],[-56.5822,-14.8499],[-56.6605,-14.9218],[-56.6877,-14.9633],[-56.7078,-14.9813],[-56.7916,-15.1235],[-56.8195,-15.1451],[-56.8141,-15.1579],[-56.8345,-15.1761],[-56.83,-15.1869],[-56.8705,-15.227],[-56.9806,-15.3821],[-56.9793,-15.391],[-56.9905,-15.4083],[-56.9805,-15.4205],[-56.9867,-15.4274],[-56.9828,-15.4365],[-56.9648,-15.4436],[-56.9576,-15.4572],[-56.9753,-15.4652],[-56.9705,-15.4837],[-56.9747,-15.4948],[-56.9683,-15.51],[-56.9545,-15.5171],[-56.9627,-15.5279],[-56.9471,-15.5433],[-56.937,-15.5407],[-56.9446,-15.5365],[-56.8943,-15.4693],[-56.7594,-15.3421],[-56.7092,-15.2819],[-56.6854,-15.2773],[-56.6739,-15.2543],[-56.6502,-15.2322],[-56.6098,-15.2397],[-56.593,-15.2263],[-56.5738,-15.1887],[-56.5726,-15.1689],[-56.5555,-15.1632],[-56.5405,-15.1378],[-56.5178,-15.1364],[-56.4848,-15.1192],[-56.4505,-15.1436],[-56.4517,-15.1331],[-56.4646,-15.1231],[-56.4646,-15.1135],[-56.4546,-15.112],[-56.4518,-15.1041],[-56.4661,-15.0965],[-56.4593,-15.0831],[-56.4418,-15.087],[-56.4316,-15.0708],[-56.4166,-15.0702],[-56.4133,-15.0648],[-56.4017,-15.0648],[-56.3917,-15.0737],[-56.3717,-15.0438],[-56.3462,-15.0454],[-56.3315,-15.0368],[-56.3209,-15.0389],[-56.3117,-15.0258],[-56.272,-15.0073],[-56.2693,-14.9972],[-56.2439,-14.9861],[-56.2423,-14.9765],[-55.9426,-15.0347],[-55.9401,-15.0209],[-55.948,-15.0178],[-55.9581,-14.9857],[-56.0048,-14.9268],[-56.0153,-14.9047],[-56.0039,-14.9019],[-56.0009,-14.8931],[-55.9707,-14.8736],[-55.952,-14.8791],[-55.9118,-14.8657],[-55.8602,-14.8379],[-55.8435,-14.8565],[-55.8303,-14.86],[-55.8026,-14.8402],[-55.7848,-14.8377],[-55.7705,-14.8277],[-55.7619,-14.8073],[-55.7682,-14.7873],[-55.7444,-14.7799],[-55.7138,-14.7504],[-55.6807,-14.7381],[-55.3751,-14.5548],[-55.3714,-14.5695],[-55.3541,-14.5632],[-55.3096,-14.5969],[-55.2328,-14.635],[-55.1888,-14.6369],[-55.189,-14.6322],[-55.1586,-14.6277],[-55.1617,-14.6198],[-55.1355,-14.5744],[-55.1063,-14.5611],[-55.1057,-14.5473],[-55.0726,-14.5376],[-55.047,-14.5442],[-55.0336,-14.5347],[-55.0196,-14.4962],[-55.0017,-14.4901],[-54.9958,-14.4792],[-54.9951,-14.4428],[-54.987,-14.4362],[-54.9697,-14.4395],[-54.9564,-14.4341],[-54.9155,-14.4132],[-54.9138,-14.4026],[-54.8982,-14.395],[-54.8845,-14.3966],[-54.8692,-14.3824],[-54.8656,-14.3569],[-54.8525,-14.3361],[-54.8568,-14.3268],[-54.8311,-14.3188],[-54.8248,-14.2947],[-54.815,-14.294],[-54.8165,-14.284],[-54.8092,-14.2737],[-54.818,-14.2499],[-54.8434,-14.2547],[-54.8505,-14.2292],[-54.872,-14.2226],[-54.8753,-14.2115],[-54.8981,-14.2196],[-54.9213,-14.2376],[-54.9395,-14.2405],[-54.9602,-14.2212],[-54.9841,-14.2241],[-55.0365,-14.2513],[-55.0389,-14.2304],[-55.0687,-14.2054],[-55.0939,-14.2143],[-55.1188,-14.2033],[-55.1422,-14.2216],[-55.1627,-14.211],[-55.187,-14.2233],[-55.2009,-14.2178],[-55.2266,-14.2385],[-55.2412,-14.2399]]],[[[-56.683,-15.4792],[-56.6666,-15.4525],[-56.6516,-15.442],[-56.6568,-15.4309],[-56.6774,-15.4242],[-56.687,-15.4274],[-56.7008,-15.4082],[-56.7256,-15.4098],[-56.7351,-15.4035],[-56.7455,-15.4165],[-56.7611,-15.4081],[-56.7719,-15.4103],[-56.782,-15.3953],[-56.8659,-15.4675],[-56.9048,-15.517],[-56.821,-15.4714],[-56.8104,-15.4998],[-56.7834,-15.5155],[-56.7653,-15.5127],[-56.7577,-15.5219],[-56.7272,-15.5077],[-56.7168,-15.4954],[-56.7154,-15.4778],[-56.683,-15.4792]]]]}},{"type":"Feature","properties":{"code":"5107743","name":"Santa Cruz do Xingu"},"geometry":{"type":"Polygon","coordinates":[[[-52.9834,-10.3163],[-52.9899,-10.3322],[-52.9521,-10.3344],[-52.9436,-10.3575],[-52.9273,-10.3573],[-52.9219,-10.3674],[-52.8996,-10.3744],[-52.8989,-10.3895],[-52.8885,-10.4004],[-52.8692,-10.3858],[-52.8524,-10.3879],[-52.8463,-10.3804],[-52.8082,-10.3777],[-52.7361,-10.3968],[-52.703,-10.3885],[-52.6819,-10.3708],[-52.6589,-10.375],[-52.5745,-10.3476],[-52.5265,-10.3485],[-52.5164,-10.3339],[-52.5021,-10.3504],[-52.482,-10.3239],[-52.4692,-10.322],[-52.4232,-10.3314],[-52.4094,-10.3498],[-52.3816,-10.3454],[-52.3649,-10.3263],[-52.3438,-10.3327],[-52.3187,-10.3503],[-52.2831,-10.3172],[-52.2373,-10.3031],[-52.2215,-10.2736],[-52.1752,-10.2581],[-52.1515,-10.2594],[-52.144,-10.2707],[-52.1313,-10.2714],[-52.1145,-10.2498],[-52.1187,-10.2338],[-52.1027,-10.2302],[-52.0921,-10.2145],[-52.0719,-10.2135],[-52.0651,-10.2064],[-52.0786,-10.1827],[-52.0937,-10.1722],[-52.0709,-10.1589],[-52.0735,-10.1464],[-52.0618,-10.1235],[-52.0718,-10.1198],[-52.0616,-10.1063],[-52.0719,-10.0935],[-52.0925,-10.0855],[-52.103,-10.0546],[-52.1351,-10.0348],[-52.1459,-10.0443],[-52.1526,-10.0393],[-52.154,-10.0041],[-52.1742,-10.0091],[-52.1863,-10.0269],[-52.2134,-10.0162],[-52.2082,-9.9848],[-52.2237,-9.9482],[-52.2218,-9.8773],[-52.2393,-9.8655],[-52.2442,-9.854],[-52.225,-9.8377],[-52.2147,-9.8505],[-52.2037,-9.8511],[-52.1918,-9.8393],[-52.1907,-9.7982],[-52.2036,-9.7772],[-52.211,-9.7788],[-52.2149,-9.7915],[-52.2499,-9.7903],[-52.2717,-9.7793],[-52.2749,-9.7686],[-52.2634,-9.7622],[-52.2435,-9.7676],[-52.2175,-9.7626],[-52.2285,-9.7294],[-52.2489,-9.7217],[-52.2567,-9.7077],[-52.6193,-9.6823],[-52.6313,-9.6975],[-52.6301,-9.731],[-52.657,-9.7819],[-52.6883,-9.7913],[-52.7101,-9.8062],[-52.7282,-9.803],[-52.776,-9.8325],[-52.7987,-9.8804],[-52.8268,-9.9068],[-52.8602,-9.922],[-52.8689,-9.9488],[-52.8879,-9.9573],[-52.8998,-9.9968],[-52.9192,-10.0037],[-52.9917,-10.071],[-52.9957,-10.0844],[-52.9914,-10.1082],[-53.0031,-10.14],[-52.9959,-10.1559],[-52.9836,-10.1564],[-52.9777,-10.2275],[-52.9692,-10.2344],[-52.9713,-10.2546],[-52.9543,-10.2736],[-52.9589,-10.3025],[-52.9834,-10.3163]]]}},{"type":"Feature","properties":{"code":"5107750","name":"Salto do Céu"},"geometry":{"type":"Polygon","coordinates":[[[-58.2583,-15.1506],[-58.2427,-15.1727],[-58.2171,-15.1586],[-58.198,-15.1616],[-58.1723,-15.1797],[-58.1433,-15.1783],[-58.1436,-15.1895],[-58.1359,-15.197],[-58.0388,-15.1922],[-58.0359,-15.2083],[-58.0176,-15.2223],[-57.9921,-15.2243],[-57.9729,-15.216],[-57.9334,-15.2373],[-57.837,-15.198],[-57.8229,-15.1417],[-57.7423,-15.1474],[-57.695,-15.1318],[-57.6769,-15.1358],[-57.6694,-15.1318],[-57.6675,-15.1142],[-57.689,-15.0818],[-57.7009,-15.0275],[-57.7139,-15.0245],[-57.7216,-15.011],[-57.7352,-15.0064],[-57.7309,-15.0002],[-58.0177,-15.0002],[-58.0373,-14.9688],[-58.0506,-14.9682],[-58.0583,-14.9575],[-58.0532,-14.9362],[-58.0602,-14.9239],[-58.1279,-14.8898],[-58.2355,-14.9123],[-58.2456,-14.8733],[-58.2359,-14.8341],[-58.2215,-14.8229],[-58.2142,-14.8004],[-58.228,-14.77],[-58.2402,-14.7681],[-58.2979,-14.8042],[-58.3027,-14.8223],[-58.2969,-14.8344],[-58.3084,-14.8469],[-58.3172,-14.8717],[-58.3347,-14.885],[-58.3455,-14.9195],[-58.3376,-14.9461],[-58.3257,-14.9608],[-58.3139,-15.0624],[-58.2762,-15.1036],[-58.265,-15.1017],[-58.2534,-15.1088],[-58.2625,-15.1306],[-58.2583,-15.1506]]]}},{"type":"Feature","properties":{"code":"5107768","name":"Santa Rita do Trivelato"},"geometry":{"type":"Polygon","coordinates":[[[-55.3821,-14.1437],[-55.3585,-14.1587],[-55.3407,-14.1905],[-55.3474,-14.2062],[-55.3273,-14.2153],[-55.3211,-14.2279],[-55.3065,-14.2366],[-55.3071,-14.2426],[-55.2711,-14.2425],[-55.2543,-14.2489],[-55.2122,-14.2304],[-55.2009,-14.2178],[-55.187,-14.2233],[-55.1627,-14.211],[-55.1422,-14.2216],[-55.1188,-14.2033],[-55.0939,-14.2143],[-55.0687,-14.2054],[-55.0389,-14.2304],[-55.0365,-14.2513],[-54.9841,-14.2241],[-54.9602,-14.2212],[-54.9395,-14.2405],[-54.9213,-14.2376],[-54.8981,-14.2196],[-54.8753,-14.2115],[-54.8679,-14.1812],[-54.8706,-14.1683],[-54.8912,-14.1505],[-54.8867,-14.1426],[-54.8973,-14.1272],[-54.888,-14.1042],[-54.8995,-14.1089],[-54.9086,-14.1044],[-54.904,-14.0939],[-54.9184,-14.0967],[-54.9268,-14.0916],[-54.9214,-14.061],[-54.9279,-14.0357],[-54.9242,-14.0282],[-54.9155,-14.0358],[-54.9096,-14.0321],[-54.9191,-14.0002],[-54.8996,-13.9984],[-54.905,-13.9885],[-54.9185,-13.9882],[-54.9187,-13.9789],[-54.9079,-13.9767],[-54.9111,-13.9658],[-54.9319,-13.9639],[-54.9317,-13.9361],[-54.9368,-13.935],[-54.9378,-13.9471],[-54.9487,-13.9544],[-54.9699,-13.9348],[-54.9748,-13.9116],[-54.9625,-13.8953],[-54.9684,-13.8847],[-54.9752,-13.8797],[-54.9922,-13.8879],[-55.0155,-13.8796],[-55.0043,-13.8725],[-54.9797,-13.8778],[-54.9729,-13.8691],[-54.9987,-13.851],[-54.9963,-13.8231],[-55.0183,-13.8053],[-55.0295,-13.7912],[-55.0266,-13.7855],[-55.0471,-13.779],[-55.0509,-13.7651],[-55.046,-13.7502],[-55.087,-13.7301],[-55.0842,-13.7164],[-55.1001,-13.6989],[-55.0863,-13.6907],[-55.0851,-13.6634],[-55.1055,-13.6513],[-55.111,-13.6518],[-55.1128,-13.664],[-55.1208,-13.6653],[-55.1295,-13.6521],[-55.1511,-13.6526],[-55.1526,-13.641],[-55.1595,-13.6474],[-55.1783,-13.62],[-55.2039,-13.6108],[-55.2164,-13.5994],[-55.2262,-13.6017],[-55.2278,-13.6099],[-55.2423,-13.6034],[-55.2535,-13.6109],[-55.2671,-13.5972],[-55.2602,-13.5851],[-55.2657,-13.578],[-55.2802,-13.5936],[-55.2912,-13.5908],[-55.293,-13.571],[-55.3269,-13.5644],[-55.3405,-13.5418],[-55.3472,-13.4814],[-55.3563,-13.4819],[-55.3749,-13.4998],[-55.3959,-13.4936],[-55.3817,-13.4709],[-55.3938,-13.4624],[-55.3916,-13.421],[-55.42,-13.4189],[-55.4285,-13.4304],[-55.4389,-13.423],[-55.4272,-13.3884],[-55.4478,-13.3736],[-55.4571,-13.3752],[-55.455,-13.3837],[-55.4675,-13.3944],[-55.4773,-13.39],[-55.4978,-13.3664],[-55.4957,-13.3414],[-55.5005,-13.334],[-55.5527,-13.3257],[-55.5533,-13.3184],[-55.5625,-13.3138],[-55.5872,-13.3115],[-55.624,-13.3431],[-55.6322,-13.3671],[-55.6443,-13.3792],[-55.6892,-13.3546],[-55.7068,-13.3593],[-55.7144,-13.3692],[-55.7222,-13.3623],[-55.7399,-13.3612],[-55.7569,-13.3419],[-55.7694,-13.3425],[-55.7396,-13.396],[-55.6921,-13.4143],[-55.6879,-13.4211],[-55.6825,-13.4607],[-55.6688,-13.4765],[-55.6685,-13.4908],[-55.6486,-13.5068],[-55.645,-13.5377],[-55.6255,-13.5628],[-55.6217,-13.5828],[-55.6023,-13.6144],[-55.6055,-13.6954],[-55.5947,-13.706],[-55.5769,-13.7074],[-55.5654,-13.7161],[-55.567,-13.7448],[-55.5437,-13.7664],[-55.5518,-13.7714],[-55.5469,-13.7941],[-55.5287,-13.814],[-55.5303,-13.8458],[-55.5242,-13.8642],[-55.5377,-13.9039],[-55.5261,-13.9408],[-55.5131,-13.9545],[-55.4926,-13.9634],[-55.4758,-14.0059],[-55.467,-14.0078],[-55.4547,-14.0243],[-55.4312,-14.1],[-55.3991,-14.1229],[-55.3821,-14.1437]]]}},{"type":"Feature","properties":{"code":"5107776","name":"Santa Terezinha"},"geometry":{"type":"Polygon","coordinates":[[[-50.846,-9.8006],[-50.8445,-9.8673],[-50.8305,-9.8641],[-50.8029,-9.923],[-50.7807,-9.9398],[-50.7696,-9.966],[-50.7702,-9.9952],[-50.6095,-10.0756],[-50.656,-10.2026],[-50.6202,-10.2519],[-50.5881,-10.2637],[-50.587,-10.2876],[-50.5701,-10.3245],[-50.585,-10.317],[-50.5882,-10.3227],[-50.6094,-10.3175],[-50.6189,-10.3118],[-50.6182,-10.3013],[-50.634,-10.3059],[-50.6399,-10.2999],[-50.6995,-10.2946],[-50.7092,-10.3063],[-50.7199,-10.3065],[-50.7337,-10.2939],[-50.7456,-10.2948],[-50.7522,-10.282],[-50.7706,-10.2728],[-50.775,-10.2797],[-50.79,-10.2663],[-50.8049,-10.267],[-50.8165,-10.2771],[-50.862,-10.2658],[-50.8812,-10.2765],[-50.8908,-10.2706],[-50.9059,-10.275],[-50.9364,-10.2643],[-50.9356,-10.2435],[-50.9426,-10.2323],[-50.9612,-10.215],[-50.9819,-10.2082],[-51.0215,-10.2334],[-51.0347,-10.2261],[-51.0397,-10.2383],[-51.0503,-10.2373],[-51.057,-10.2497],[-51.0733,-10.2575],[-51.0835,-10.2555],[-51.0963,-10.2672],[-51.1097,-10.2676],[-51.1195,-10.2508],[-51.1262,-10.2547],[-51.1453,-10.2502],[-51.1732,-10.2744],[-51.1903,-10.2732],[-51.2253,-10.286],[-51.2759,-10.3999],[-51.2909,-10.4133],[-51.3067,-10.414],[-51.3339,-10.4281],[-51.2845,-10.4641],[-51.2734,-10.477],[-51.273,-10.4935],[-51.2631,-10.501],[-51.2863,-10.5265],[-51.2854,-10.5592],[-51.2941,-10.5714],[-51.3254,-10.5812],[-51.3048,-10.6293],[-51.3261,-10.6326],[-51.3381,-10.6208],[-51.3679,-10.6334],[-51.3718,-10.6443],[-51.3568,-10.668],[-51.3617,-10.7006],[-51.3472,-10.7193],[-51.3546,-10.7486],[-51.0062,-10.7643],[-50.9802,-10.7763],[-50.9709,-10.7746],[-50.9604,-10.7545],[-50.9152,-10.7425],[-50.9162,-10.7335],[-50.8966,-10.7232],[-50.8986,-10.7164],[-50.8566,-10.7045],[-50.8373,-10.7117],[-50.8314,-10.7079],[-50.8434,-10.6917],[-50.8242,-10.6864],[-50.8239,-10.6747],[-50.8045,-10.6572],[-50.7848,-10.6491],[-50.7284,-10.6547],[-50.7214,-10.6465],[-50.7106,-10.6471],[-50.6986,-10.6508],[-50.6964,-10.6735],[-50.6727,-10.6792],[-50.6573,-10.673],[-50.6586,-10.6842],[-50.6393,-10.6881],[-50.6164,-10.6711],[-50.6155,-10.6582],[-50.6035,-10.6609],[-50.5826,-10.6441],[-50.5632,-10.6113],[-50.5414,-10.6093],[-50.535,-10.6018],[-50.5357,-10.5889],[-50.5197,-10.5625],[-50.5226,-10.5389],[-50.5147,-10.5227],[-50.5168,-10.5055],[-50.4826,-10.49],[-50.4868,-10.462],[-50.4737,-10.4049],[-50.4483,-10.3916],[-50.4411,-10.3756],[-50.4181,-10.3546],[-50.4231,-10.3274],[-50.3816,-10.2189],[-50.3894,-10.1749],[-50.3969,-10.1709],[-50.3921,-10.134],[-50.3573,-10.0903],[-50.3547,-10.0772],[-50.3026,-10.0354],[-50.292,-9.9954],[-50.2779,-9.9708],[-50.2789,-9.9552],[-50.2672,-9.9347],[-50.2655,-9.9127],[-50.2438,-9.8712],[-50.2254,-9.854],[-50.2248,-9.8412],[-50.846,-9.8006]]]}},{"type":"Feature","properties":{"code":"5107792","name":"Santo Antônio do Leste"},"geometry":{"type":"Polygon","coordinates":[[[-53.2917,-14.8628],[-53.2943,-14.8515],[-53.3595,-14.7882],[-53.354,-14.7514],[-53.3712,-14.7358],[-53.4012,-14.7257],[-53.3963,-14.7011],[-53.3783,-14.6935],[-53.3677,-14.6385],[-53.3524,-14.6124],[-53.3509,-14.5786],[-53.3659,-14.5465],[-53.3951,-14.5167],[-53.3978,-14.4958],[-53.4071,-14.4822],[-53.4435,-14.4782],[-53.4385,-14.4545],[-53.4542,-14.4282],[-53.454,-14.4114],[-53.4672,-14.4035],[-53.4923,-14.4223],[-53.4986,-14.4406],[-53.5193,-14.4513],[-53.5175,-14.4619],[-53.5309,-14.4615],[-53.5512,-14.4844],[-53.5607,-14.5057],[-53.5515,-14.5119],[-53.5842,-14.5487],[-53.6321,-14.5675],[-53.6976,-14.5754],[-53.7222,-14.6129],[-53.7714,-14.6301],[-53.795,-14.6711],[-53.8198,-14.6746],[-53.8297,-14.6868],[-53.8618,-14.7033],[-53.8685,-14.7214],[-53.8882,-14.726],[-53.911,-14.7466],[-53.9245,-14.7456],[-53.9331,-14.7557],[-53.9837,-14.7712],[-53.99,-14.7846],[-54.0179,-14.7925],[-54.0416,-14.8187],[-54.0757,-14.8282],[-54.1974,-14.8249],[-54.1634,-14.8478],[-54.1096,-14.8586],[-54.1014,-14.8687],[-54.0266,-14.8982],[-54.0148,-14.9143],[-54.0174,-14.926],[-54.0031,-14.929],[-53.9847,-14.9633],[-53.9328,-14.9917],[-53.9472,-15.0394],[-53.9415,-15.0614],[-53.9464,-15.0732],[-53.9007,-15.0888],[-53.8696,-15.0865],[-53.8586,-15.1047],[-53.7975,-15.1305],[-53.762,-15.1208],[-53.7342,-15.133],[-53.7025,-15.098],[-53.7003,-15.0819],[-53.6786,-15.0761],[-53.633,-15.0455],[-53.5668,-14.9608],[-53.5218,-14.9564],[-53.2917,-14.8628]]]}},{"type":"Feature","properties":{"code":"5107800","name":"Santo Antônio de Leverger"},"geometry":{"type":"Polygon","coordinates":[[[-55.9489,-16.1663],[-55.9148,-16.1256],[-55.9067,-16.1318],[-55.8995,-16.1228],[-55.8886,-16.1231],[-55.6947,-16.298],[-55.6648,-16.3009],[-55.6533,-16.3206],[-55.6366,-16.3246],[-55.5973,-16.3577],[-55.5738,-16.35],[-55.5588,-16.364],[-55.5078,-16.3744],[-55.4937,-16.3892],[-55.6039,-17.3667],[-55.5907,-17.3522],[-55.579,-17.3543],[-55.5628,-17.3442],[-55.5617,-17.3365],[-55.548,-17.3376],[-55.531,-17.3283],[-55.5255,-17.3386],[-55.4858,-17.3503],[-55.4691,-17.3471],[-55.4336,-17.3713],[-55.4196,-17.3586],[-55.4067,-17.3571],[-55.3769,-17.3573],[-55.3687,-17.3639],[-55.3609,-17.3603],[-55.3538,-17.339],[-55.3128,-17.3288],[-55.3037,-17.3172],[-55.3006,-17.2904],[-55.2799,-17.2953],[-55.2654,-17.2894],[-55.2601,-17.2965],[-55.2495,-17.2911],[-55.2495,-17.2823],[-55.2055,-17.2635],[-55.2092,-17.2466],[-55.1909,-17.2247],[-55.1817,-17.2232],[-55.1841,-17.2099],[-55.1479,-17.1907],[-55.1363,-17.196],[-55.1275,-17.1851],[-55.1161,-17.1849],[-55.0955,-17.1494],[-55.0836,-17.1446],[-55.0791,-17.1341],[-55.0605,-17.1299],[-55.0377,-17.1077],[-55.0245,-17.1033],[-54.9894,-17.1166],[-54.9472,-17.1075],[-54.9341,-17.0856],[-54.9133,-17.0866],[-54.8951,-17.0742],[-54.9169,-17.072],[-54.916,-17.0599],[-54.922,-17.0566],[-54.9103,-17.0356],[-54.9143,-17.0276],[-54.9029,-17.0226],[-54.905,-17.0156],[-54.9325,-17.0157],[-54.9334,-16.9988],[-54.9274,-16.9928],[-54.9285,-16.9815],[-54.9093,-16.972],[-54.9183,-16.9602],[-54.9271,-16.9598],[-54.9268,-16.9427],[-54.918,-16.9403],[-54.9189,-16.929],[-54.9313,-16.9259],[-54.9196,-16.9063],[-54.9322,-16.9042],[-54.9164,-16.8769],[-54.9013,-16.8768],[-54.8967,-16.8683],[-54.9035,-16.8577],[-54.8869,-16.836],[-54.8962,-16.8365],[-54.9006,-16.8282],[-54.8941,-16.8234],[-54.9025,-16.8151],[-54.8952,-16.7991],[-54.9108,-16.7872],[-54.8979,-16.7771],[-54.9063,-16.7733],[-54.9108,-16.7806],[-54.9166,-16.7786],[-54.9139,-16.7686],[-54.9358,-16.7753],[-54.9327,-16.7625],[-54.9355,-16.754],[-54.9429,-16.7526],[-54.9498,-16.7215],[-54.9353,-16.7062],[-54.9404,-16.6979],[-54.9591,-16.7047],[-54.9531,-16.6942],[-54.9567,-16.6846],[-54.9754,-16.6732],[-54.9953,-16.682],[-54.9932,-16.6619],[-54.9682,-16.6477],[-54.9679,-16.6317],[-54.9577,-16.6253],[-54.9668,-16.6073],[-54.9571,-16.6013],[-54.9608,-16.5895],[-54.9733,-16.5842],[-54.9674,-16.576],[-54.9725,-16.5675],[-54.9493,-16.5605],[-54.9613,-16.5476],[-54.9583,-16.5412],[-54.9365,-16.5349],[-54.9699,-16.4706],[-54.9906,-16.4776],[-54.9819,-16.4898],[-54.9873,-16.4962],[-54.9984,-16.4905],[-54.9975,-16.5064],[-55.0064,-16.5081],[-55.0076,-16.5158],[-55.017,-16.5126],[-55.0345,-16.464],[-55.0476,-16.4515],[-55.0985,-16.4396],[-55.1168,-16.4491],[-55.1576,-16.4425],[-55.1566,-16.4653],[-55.1483,-16.4619],[-55.1408,-16.4721],[-55.1371,-16.4625],[-55.1273,-16.4608],[-55.129,-16.47],[-55.1402,-16.4747],[-55.1449,-16.4851],[-55.1566,-16.4867],[-55.1512,-16.4942],[-55.1591,-16.4963],[-55.1524,-16.5048],[-55.1483,-16.4978],[-55.1408,-16.4998],[-55.1565,-16.5142],[-55.17,-16.5201],[-55.1724,-16.505],[-55.1809,-16.506],[-55.1806,-16.5293],[-55.2176,-16.524],[-55.2535,-16.531],[-55.2697,-16.5225],[-55.3016,-16.5275],[-55.288,-16.5117],[-55.2892,-16.5017],[-55.2805,-16.4977],[-55.284,-16.4626],[-55.2987,-16.4525],[-55.2756,-16.4348],[-55.2933,-16.4358],[-55.2958,-16.425],[-55.2908,-16.4192],[-55.2978,-16.413],[-55.3022,-16.4283],[-55.3166,-16.4211],[-55.3488,-16.4217],[-55.3483,-16.4125],[-55.3641,-16.4103],[-55.3875,-16.395],[-55.3833,-16.3887],[-55.3632,-16.3859],[-55.3574,-16.3743],[-55.3632,-16.3533],[-55.3491,-16.3237],[-55.3546,-16.3125],[-55.3691,-16.3115],[-55.3708,-16.325],[-55.3789,-16.3308],[-55.3908,-16.3147],[-55.4208,-16.3135],[-55.4162,-16.3067],[-55.4467,-16.3093],[-55.4532,-16.3041],[-55.4783,-16.3126],[-55.4693,-16.2875],[-55.4771,-16.2817],[-55.4818,-16.2925],[-55.5191,-16.309],[-55.5184,-16.2601],[-55.5285,-16.2542],[-55.526,-16.2417],[-55.5408,-16.2439],[-55.5366,-16.235],[-55.5224,-16.2379],[-55.5076,-16.2285],[-55.4916,-16.1958],[-55.4582,-16.1684],[-55.4382,-16.1625],[-55.4322,-16.1469],[-55.4069,-16.1367],[-55.404,-16.1192],[-55.3816,-16.1098],[-55.3743,-16.1148],[-55.365,-16.1068],[-55.3741,-16.1008],[-55.3699,-16.086],[-55.3763,-16.0792],[-55.368,-16.0642],[-55.3714,-16.04],[-55.3489,-16.0325],[-55.36,-16.0233],[-55.3785,-16.0294],[-55.3749,-16.0175],[-55.386,-16.0173],[-55.3933,-16.0025],[-55.3793,-15.9883],[-55.4061,-15.9867],[-55.4333,-15.9657],[-55.4277,-15.9542],[-55.4174,-15.9514],[-55.4262,-15.9425],[-55.4196,-15.9311],[-55.4349,-15.9317],[-55.4358,-15.9434],[-55.4592,-15.9468],[-55.4866,-15.9706],[-55.4924,-15.9828],[-55.4991,-15.9795],[-55.5074,-15.9879],[-55.5133,-15.9835],[-55.516,-15.975],[-55.4721,-15.9125],[-55.474,-15.8784],[-55.4841,-15.8874],[-55.4853,-15.9008],[-55.5038,-15.8908],[-55.5183,-15.907],[-55.5316,-15.9033],[-55.5333,-15.9138],[-55.5416,-15.9068],[-55.5533,-15.9217],[-55.5674,-15.9206],[-55.5811,-15.9092],[-55.571,-15.8958],[-55.5719,-15.8714],[-55.5476,-15.8615],[-55.5508,-15.8508],[-55.5409,-15.8517],[-55.5649,-15.8085],[-55.5574,-15.8043],[-55.5726,-15.7906],[-55.5702,-15.7764],[-55.5341,-15.759],[-55.5387,-15.7371],[-55.6191,-15.7374],[-55.6333,-15.7154],[-55.6509,-15.7151],[-55.6708,-15.7268],[-55.7088,-15.7051],[-55.893,-15.6987],[-56.096,-15.7683],[-56.1459,-15.7697],[-56.0966,-15.7849],[-56.0904,-15.8369],[-56.1005,-15.8868],[-56.0933,-15.9304],[-56.0466,-15.9753],[-56.0378,-16.0318],[-55.9882,-16.094],[-55.9489,-16.1663]]]}},{"type":"Feature","properties":{"code":"5107859","name":"São Félix do Araguaia"},"geometry":{"type":"Polygon","coordinates":[[[-52.2503,-11.8288],[-52.2289,-11.8195],[-52.1818,-11.7597],[-52.1561,-11.7474],[-52.1066,-11.7517],[-52.0731,-11.7763],[-52.026,-11.79],[-51.9994,-11.7785],[-51.9898,-11.7646],[-51.9847,-11.7272],[-51.7619,-11.7153],[-51.722,-11.7286],[-51.6051,-11.6994],[-51.5931,-11.6927],[-51.5928,-11.6858],[-51.4534,-11.6769],[-51.4458,-11.6351],[-51.4135,-11.6046],[-51.4086,-11.5762],[-51.3955,-11.5769],[-51.3861,-11.5896],[-51.3896,-11.6088],[-51.3668,-11.6403],[-51.3489,-11.6258],[-51.2893,-11.6136],[-51.3244,-11.6526],[-51.2675,-11.6484],[-51.2855,-11.669],[-51.2805,-11.6946],[-51.2844,-11.7164],[-51.3214,-11.7168],[-51.3495,-11.7257],[-51.3694,-11.7439],[-51.3641,-11.7973],[-51.3722,-11.8032],[-51.3625,-11.8078],[-51.3561,-11.8216],[-51.3445,-11.8144],[-51.3376,-11.8191],[-51.3354,-11.8471],[-51.2967,-11.8233],[-51.2335,-11.8218],[-51.201,-11.8148],[-51.1557,-11.7886],[-51.1439,-11.802],[-51.123,-11.8054],[-51.1853,-11.8439],[-51.2002,-11.9247],[-51.2113,-11.9426],[-51.2571,-11.975],[-51.2628,-11.9958],[-51.281,-12.0112],[-51.2987,-12.0166],[-51.296,-12.0427],[-51.2251,-11.9859],[-51.2057,-11.9841],[-51.1858,-12.0068],[-51.1652,-12.0047],[-51.1456,-12.0165],[-51.1343,-12.0406],[-51.1162,-12.0582],[-51.1024,-12.0615],[-51.0653,-12.117],[-51.0498,-12.1247],[-51.0085,-12.1214],[-50.9827,-12.103],[-50.9603,-12.1073],[-50.943,-12.0996],[-50.9503,-12.0851],[-50.9423,-12.0731],[-50.9357,-12.0762],[-50.9289,-12.0629],[-50.9174,-12.062],[-50.9188,-12.049],[-50.9013,-12.0393],[-50.9049,-12.0267],[-50.8941,-12.0313],[-50.8909,-12.0117],[-50.8792,-12.0092],[-50.8742,-12.0004],[-50.8722,-11.9754],[-50.8566,-11.9529],[-50.8557,-11.929],[-50.8416,-11.8879],[-50.8441,-11.8783],[-50.8307,-11.8638],[-50.8327,-11.8565],[-50.8214,-11.8465],[-50.8123,-11.824],[-50.8056,-11.8149],[-50.7758,-11.8104],[-50.7644,-11.802],[-50.7625,-11.785],[-50.7411,-11.7748],[-50.7245,-11.7565],[-50.7405,-11.7397],[-50.6741,-11.6927],[-50.6637,-11.6775],[-50.6646,-11.6266],[-50.6591,-11.6201],[-50.6575,-11.5928],[-50.6701,-11.5816],[-50.716,-11.579],[-50.7389,-11.5445],[-50.7404,-11.5317],[-50.7348,-11.5118],[-50.7421,-11.4603],[-50.7393,-11.4354],[-50.7281,-11.4169],[-50.7285,-11.3826],[-50.7123,-11.3598],[-50.6999,-11.3102],[-51.5192,-11.1784],[-51.4893,-11.1994],[-51.4843,-11.2106],[-51.487,-11.252],[-51.5128,-11.2644],[-51.5309,-11.2897],[-51.5612,-11.3119],[-51.5604,-11.3279],[-51.5816,-11.3565],[-51.627,-11.3672],[-51.6342,-11.3807],[-51.6315,-11.4208],[-51.6608,-11.4612],[-51.7147,-11.4659],[-51.7299,-11.4814],[-51.7528,-11.4862],[-51.7628,-11.5058],[-51.7776,-11.5171],[-51.8519,-11.5068],[-51.9242,-11.5187],[-51.938,-11.5264],[-51.9403,-11.5123],[-51.9565,-11.495],[-51.9657,-11.4717],[-51.9747,-11.4698],[-51.9887,-11.4447],[-51.9975,-11.4429],[-52.0205,-11.4021],[-52.021,-11.3849],[-52.0286,-11.381],[-52.0229,-11.3752],[-52.0339,-11.3637],[-52.0322,-11.3323],[-52.037,-11.3304],[-52.0254,-11.3131],[-52.0317,-11.2959],[-52.0428,-11.2904],[-52.0452,-11.2804],[-52.0756,-11.2726],[-52.106,-11.2486],[-52.1214,-11.1999],[-52.1147,-11.1953],[-52.1179,-11.1853],[-52.1098,-11.161],[-52.1248,-11.152],[-52.1252,-11.1444],[-52.1696,-11.1179],[-52.1651,-11.1097],[-52.1721,-11.1058],[-52.1733,-11.0935],[-52.1996,-11.0869],[-52.1953,-11.0806],[-52.2006,-11.0653],[-52.2231,-11.0324],[-52.3088,-11.0547],[-52.3858,-11.0557],[-52.4142,-11.0779],[-52.4192,-11.0909],[-52.4425,-11.098],[-52.4464,-11.0683],[-52.4553,-11.0808],[-52.5011,-11.0955],[-52.5353,-11.0873],[-52.5404,-11.0724],[-52.564,-11.0679],[-52.6052,-11.071],[-52.6217,-11.0782],[-52.6409,-11.0705],[-52.6702,-11.0808],[-52.7083,-11.0543],[-52.7337,-11.0538],[-52.7565,-11.0442],[-52.7711,-11.0539],[-52.7912,-11.0959],[-52.8128,-11.1087],[-52.8706,-11.0886],[-52.8871,-11.0514],[-52.9141,-11.0347],[-52.9127,-11.0214],[-52.9267,-10.9887],[-52.9222,-10.9811],[-52.9307,-10.9551],[-52.955,-10.9391],[-52.9718,-10.9181],[-53.0194,-10.893],[-53.0521,-10.8955],[-53.0577,-10.889],[-53.0645,-10.8974],[-53.0834,-10.895],[-53.0896,-10.8871],[-53.1004,-10.8896],[-53.1167,-10.8611],[-53.1262,-10.857],[-53.1177,-10.8405],[-53.1228,-10.8305],[-53.1294,-10.8464],[-53.1631,-10.8589],[-53.1942,-10.8579],[-53.238,-10.8714],[-53.2989,-10.9295],[-53.318,-10.9577],[-53.3159,-11.0004],[-53.2855,-11.038],[-53.2823,-11.0498],[-53.2888,-11.078],[-53.267,-11.0908],[-53.2605,-11.1195],[-53.2421,-11.148],[-53.2402,-11.2017],[-53.2451,-11.2204],[-53.2249,-11.2476],[-53.2286,-11.2545],[-53.224,-11.267],[-53.2336,-11.2692],[-53.2356,-11.2619],[-53.2434,-11.2626],[-53.2417,-11.2823],[-53.2354,-11.2902],[-53.2285,-11.2803],[-53.205,-11.2953],[-53.1824,-11.3285],[-53.1708,-11.327],[-53.1706,-11.3374],[-53.1534,-11.3347],[-53.1525,-11.362],[-53.1203,-11.3788],[-53.1106,-11.3752],[-53.1092,-11.3936],[-53.115,-11.3976],[-53.1101,-11.4111],[-53.1019,-11.4131],[-53.0929,-11.4021],[-53.0766,-11.411],[-53.0827,-11.4243],[-53.0975,-11.422],[-53.1044,-11.4525],[-53.0851,-11.4616],[-53.0738,-11.4525],[-53.0627,-11.4537],[-53.0571,-11.4687],[-53.0412,-11.4822],[-53.0392,-11.5079],[-53.0221,-11.5145],[-53.0178,-11.5295],[-53.0065,-11.5378],[-52.987,-11.5195],[-52.9682,-11.52],[-52.9631,-11.5264],[-52.9735,-11.5377],[-52.9751,-11.5506],[-52.96,-11.5681],[-52.9595,-11.6081],[-52.9484,-11.6157],[-52.9346,-11.5764],[-52.8842,-11.5933],[-52.8787,-11.581],[-52.8674,-11.586],[-52.8592,-11.6033],[-52.8464,-11.6134],[-52.8397,-11.6156],[-52.8314,-11.6025],[-52.8141,-11.6089],[-52.8133,-11.6202],[-52.8053,-11.623],[-52.8042,-11.6073],[-52.7944,-11.61],[-52.7919,-11.6163],[-52.8024,-11.6268],[-52.7911,-11.6394],[-52.7745,-11.631],[-52.7487,-11.6467],[-52.7332,-11.6461],[-52.7311,-11.6342],[-52.7206,-11.6375],[-52.7106,-11.657],[-52.6786,-11.6738],[-52.6728,-11.6519],[-52.6615,-11.6503],[-52.6429,-11.6789],[-52.6154,-11.6936],[-52.6067,-11.6851],[-52.5834,-11.7047],[-52.5715,-11.6966],[-52.574,-11.6817],[-52.5444,-11.6705],[-52.5177,-11.7071],[-52.5046,-11.6882],[-52.4814,-11.6908],[-52.4647,-11.682],[-52.4542,-11.6869],[-52.4716,-11.6977],[-52.465,-11.7076],[-52.4468,-11.6983],[-52.4362,-11.701],[-52.4173,-11.728],[-52.4104,-11.7169],[-52.4023,-11.7212],[-52.3996,-11.7142],[-52.387,-11.7139],[-52.3882,-11.7216],[-52.3636,-11.7267],[-52.3587,-11.7467],[-52.3219,-11.7702],[-52.3122,-11.7637],[-52.2966,-11.7757],[-52.2971,-11.7882],[-52.2896,-11.7901],[-52.2762,-11.7791],[-52.2497,-11.8156],[-52.2503,-11.8288]]]}},{"type":"Feature","properties":{"code":"5107875","name":"Sapezal"},"geometry":{"type":"Polygon","coordinates":[[[-59.0456,-14.0],[-58.0841,-14.0],[-58.0787,-13.9816],[-58.0774,-13.9693],[-58.1689,-13.9606],[-58.2022,-13.9387],[-58.2367,-13.9263],[-58.3024,-13.849],[-58.3169,-13.7464],[-58.386,-13.5852],[-58.4081,-13.5577],[-58.397,-13.5407],[-58.3843,-13.5385],[-58.3838,-13.5263],[-58.3722,-13.5185],[-58.3772,-13.5006],[-58.3625,-13.4785],[-58.3572,-13.4796],[-58.35,-13.462],[-58.3424,-13.4011],[-58.3478,-13.3892],[-58.3406,-13.3801],[-58.3452,-13.3648],[-58.3358,-13.3236],[-58.3141,-13.2849],[-58.3223,-13.2768],[-58.3135,-13.2598],[-58.3084,-13.2605],[-58.3044,-13.241],[-58.2974,-13.2392],[-58.3038,-13.2305],[-58.2828,-13.1869],[-58.2692,-13.1088],[-58.2817,-13.0854],[-58.2812,-13.027],[-58.2727,-13.0174],[-58.283,-13.0051],[-58.2801,-12.9821],[-58.2851,-12.9759],[-58.2786,-12.9479],[-58.2978,-12.9292],[-58.2946,-12.9145],[-58.3018,-12.9067],[-58.3121,-12.9095],[-58.3279,-12.8848],[-58.3412,-12.8793],[-58.3513,-12.8605],[-58.3554,-12.8239],[-58.3665,-12.8194],[-58.3834,-12.8228],[-58.3976,-12.7988],[-58.3946,-12.7787],[-58.403,-12.7736],[-58.3967,-12.7476],[-58.4057,-12.7364],[-58.4047,-12.7098],[-58.411,-12.6978],[-58.4,-12.6769],[-58.4139,-12.659],[-58.4144,-12.6259],[-58.4277,-12.6103],[-58.4346,-12.5734],[-58.4488,-12.552],[-58.4471,-12.5412],[-58.4231,-12.5126],[-58.4258,-12.5035],[-58.4438,-12.4965],[-58.4587,-12.4615],[-58.4441,-12.4383],[-58.4445,-12.4273],[-58.4664,-12.3975],[-58.4706,-12.3615],[-58.4907,-12.3535],[-58.4939,-12.327],[-58.4847,-12.3127],[-58.489,-12.3008],[-58.5063,-12.3023],[-58.5137,-12.2819],[-58.5277,-12.2752],[-58.5268,-12.2527],[-58.5117,-12.2403],[-58.4994,-12.2047],[-58.4916,-12.2022],[-58.4855,-12.1753],[-58.4749,-12.1678],[-58.4763,-12.1437],[-58.4915,-12.1236],[-58.4865,-12.0515],[-58.4769,-12.0446],[-58.4867,-12.0337],[-58.4846,-12.0237],[-58.4687,-12.0098],[-58.4622,-11.9886],[-58.4661,-11.9581],[-58.4481,-11.9222],[-58.4602,-11.9189],[-58.4797,-11.9334],[-58.5,-11.9369],[-58.5309,-11.9983],[-58.545,-11.9865],[-58.553,-11.9919],[-58.5496,-12.0058],[-58.5608,-12.017],[-58.5814,-12.0119],[-58.5884,-12.0249],[-58.5867,-12.0371],[-58.5998,-12.0353],[-58.6105,-12.0495],[-58.6268,-12.0449],[-58.6473,-12.0556],[-58.6605,-12.0536],[-58.673,-12.0658],[-58.6836,-12.0955],[-58.6995,-12.0921],[-58.6989,-12.1022],[-58.7095,-12.1194],[-58.7371,-12.1408],[-58.7525,-12.1367],[-58.7881,-12.1581],[-58.7952,-12.1722],[-58.8246,-12.1836],[-58.8379,-12.2032],[-58.8607,-12.2053],[-58.8692,-12.2134],[-58.876,-12.2583],[-58.8462,-12.3355],[-58.8558,-12.3801],[-58.8509,-12.3956],[-58.8586,-12.4107],[-58.8538,-12.4368],[-58.8632,-12.4613],[-58.9118,-12.5009],[-58.9084,-12.5306],[-58.9209,-12.5611],[-58.9292,-12.5665],[-58.9257,-12.6255],[-58.9379,-12.6354],[-58.9263,-12.6542],[-58.9522,-12.7095],[-58.9483,-12.7564],[-58.9309,-12.8105],[-58.9349,-12.8282],[-58.9267,-12.834],[-58.9297,-12.853],[-58.9197,-12.8942],[-58.9133,-12.8996],[-58.9152,-12.9173],[-58.925,-12.9195],[-58.9292,-12.964],[-58.9417,-12.9807],[-58.9588,-12.9902],[-58.957,-13.0047],[-58.9673,-13.0219],[-58.9703,-13.0505],[-58.9764,-13.0526],[-58.967,-13.0617],[-58.9773,-13.0702],[-58.9759,-13.0796],[-58.9627,-13.0838],[-58.9609,-13.1021],[-58.9655,-13.1044],[-58.96,-13.1264],[-58.9735,-13.15],[-58.9994,-13.1685],[-59.0034,-13.1804],[-58.9817,-13.1925],[-58.9836,-13.2013],[-58.9951,-13.2187],[-59.0214,-13.2094],[-59.0374,-13.2429],[-59.0254,-13.2501],[-59.015,-13.2455],[-59.0132,-13.2538],[-59.0261,-13.2739],[-59.0284,-13.3031],[-59.0357,-13.3114],[-59.0199,-13.3362],[-59.0285,-13.3387],[-59.0298,-13.3476],[-59.021,-13.3466],[-59.0189,-13.3546],[-59.0252,-13.3602],[-59.0134,-13.37],[-59.0168,-13.3876],[-59.0058,-13.3954],[-58.9983,-13.4445],[-59.005,-13.4602],[-59.0171,-13.4613],[-59.0139,-13.4783],[-59.0291,-13.4948],[-59.0303,-13.5009],[-59.0147,-13.5115],[-59.0359,-13.5534],[-59.0263,-13.5573],[-59.0344,-13.5677],[-59.03,-13.5878],[-59.036,-13.5921],[-59.018,-13.6033],[-59.0065,-13.6207],[-59.0062,-13.632],[-59.0211,-13.6524],[-59.0166,-13.671],[-59.0,-13.6862],[-59.0087,-13.6901],[-59.014,-13.6987],[-59.0093,-13.7044],[-59.0174,-13.7121],[-59.0054,-13.7391],[-59.0095,-13.744],[-58.9955,-13.7978],[-58.9785,-13.8362],[-58.9832,-13.8558],[-59.0008,-13.8669],[-59.0111,-13.9002],[-59.0205,-13.9039],[-59.019,-13.94],[-59.0253,-13.9575],[-59.0317,-13.9595],[-59.0316,-13.9677],[-59.0241,-13.9723],[-59.0274,-13.9802],[-59.0436,-13.9842],[-59.0456,-14.0]]]}},{"type":"Feature","properties":{"code":"5107883","name":"Serra Nova Dourada"},"geometry":{"type":"Polygon","coordinates":[[[-51.6594,-11.9661],[-51.6032,-11.9814],[-51.5942,-11.9923],[-51.5879,-12.018],[-51.5626,-12.0221],[-51.5491,-12.0352],[-51.5423,-12.0596],[-51.4725,-12.1359],[-51.442,-12.1506],[-51.4222,-12.1789],[-51.3962,-12.1865],[-51.3877,-12.2028],[-51.3968,-12.2129],[-51.4012,-12.2352],[-51.3894,-12.2387],[-51.3708,-12.2753],[-51.3616,-12.3237],[-51.3498,-12.3314],[-51.3161,-12.3288],[-51.3052,-12.3476],[-51.287,-12.3523],[-51.2835,-12.347],[-51.3035,-12.3367],[-51.3103,-12.3182],[-51.2884,-12.2468],[-51.3035,-12.2215],[-51.3095,-12.2204],[-51.3061,-12.1705],[-51.2319,-12.105],[-51.2036,-12.1084],[-51.1835,-12.0976],[-51.1664,-12.097],[-51.1327,-12.0716],[-51.1162,-12.0704],[-51.0847,-12.0836],[-51.1024,-12.0615],[-51.1162,-12.0582],[-51.1343,-12.0406],[-51.1456,-12.0165],[-51.1652,-12.0047],[-51.1858,-12.0068],[-51.2057,-11.9841],[-51.2251,-11.9859],[-51.296,-12.0427],[-51.2987,-12.0166],[-51.281,-12.0112],[-51.2628,-11.9958],[-51.2571,-11.975],[-51.2113,-11.9426],[-51.2002,-11.9247],[-51.1853,-11.8439],[-51.123,-11.8054],[-51.1439,-11.802],[-51.1557,-11.7886],[-51.201,-11.8148],[-51.2335,-11.8218],[-51.2967,-11.8233],[-51.356,-11.866],[-51.4011,-11.8665],[-51.476,-11.9227],[-51.5638,-11.8662],[-51.5646,-11.8769],[-51.5514,-11.9043],[-51.5604,-11.9139],[-51.5895,-11.9157],[-51.6105,-11.9251],[-51.6515,-11.9259],[-51.6623,-11.9594],[-51.6594,-11.9661]]]}},{"type":"Feature","properties":{"code":"5107909","name":"Sinop"},"geometry":{"type":"Polygon","coordinates":[[[-55.5212,-12.1531],[-55.5102,-12.1559],[-55.4936,-12.1469],[-55.4739,-12.1571],[-55.4607,-12.1524],[-55.4364,-12.1628],[-55.4301,-12.1501],[-55.4073,-12.1577],[-55.3998,-12.1543],[-55.3733,-12.1871],[-55.3069,-12.0896],[-55.4091,-12.0894],[-55.4099,-12.0812],[-55.3827,-12.0581],[-55.3794,-12.0476],[-55.3909,-11.9989],[-55.3791,-11.9676],[-55.3307,-11.9473],[-55.3238,-11.9298],[-55.3033,-11.9135],[-55.2718,-11.904],[-55.258,-11.8645],[-55.2078,-11.8101],[-55.1703,-11.813],[-55.1213,-11.8046],[-55.1123,-11.7898],[-55.1045,-11.788],[-55.1009,-11.7497],[-55.0826,-11.7342],[-55.0671,-11.6969],[-55.0886,-11.6826],[-55.1093,-11.6832],[-55.1299,-11.6958],[-55.1476,-11.6911],[-55.1518,-11.6783],[-55.1658,-11.6705],[-55.2855,-11.6662],[-55.2932,-11.5903],[-55.3143,-11.5223],[-55.3233,-11.5249],[-55.3494,-11.5097],[-55.3507,-11.4932],[-55.3849,-11.4941],[-55.3886,-11.4999],[-55.4126,-11.491],[-55.4132,-11.4833],[-55.4247,-11.4759],[-55.4297,-11.4548],[-55.4232,-11.4365],[-55.4282,-11.386],[-55.437,-11.3725],[-55.4628,-11.3553],[-55.4703,-11.3705],[-55.4939,-11.3805],[-55.512,-11.4048],[-55.5794,-11.3689],[-55.6165,-11.321],[-55.618,-11.3098],[-55.6296,-11.3058],[-55.6417,-11.3098],[-55.671,-11.298],[-55.6926,-11.2994],[-55.7224,-11.3166],[-55.7481,-11.3207],[-55.7532,-11.3303],[-55.7982,-11.3091],[-55.8359,-11.311],[-55.8294,-11.3559],[-55.7851,-11.4212],[-55.7801,-11.446],[-55.779,-11.4584],[-55.7914,-11.458],[-55.7979,-11.4642],[-55.8138,-11.4975],[-55.7972,-11.5253],[-55.7976,-11.547],[-55.782,-11.5632],[-55.7692,-11.5984],[-55.7468,-11.6054],[-55.754,-11.6498],[-55.7038,-11.6531],[-55.6999,-11.6632],[-55.712,-11.6699],[-55.7109,-11.6855],[-55.7191,-11.6951],[-55.7342,-11.6826],[-55.7469,-11.6881],[-55.7351,-11.7088],[-55.7393,-11.722],[-55.726,-11.7329],[-55.7375,-11.7377],[-55.7089,-11.7476],[-55.6961,-11.77],[-55.6847,-11.7729],[-55.6837,-11.7825],[-55.6946,-11.7743],[-55.7007,-11.7799],[-55.6736,-11.8089],[-55.6919,-11.8247],[-55.67,-11.8466],[-55.6997,-11.8566],[-55.7116,-11.8707],[-55.7057,-11.8799],[-55.6889,-11.8748],[-55.6594,-11.8882],[-55.6579,-11.8966],[-55.6772,-11.9158],[-55.6626,-11.9267],[-55.6582,-11.938],[-55.6697,-11.9486],[-55.6675,-11.9542],[-55.656,-11.953],[-55.6446,-11.965],[-55.6468,-11.9823],[-55.6232,-11.9862],[-55.6165,-12.0095],[-55.5976,-12.0264],[-55.6051,-12.0367],[-55.5992,-12.0494],[-55.6021,-12.0625],[-55.5828,-12.1081],[-55.5344,-12.1402],[-55.5229,-12.142],[-55.5212,-12.1531]]]}},{"type":"Feature","properties":{"code":"5107925","name":"Sorriso"},"geometry":{"type":"Polygon","coordinates":[[[-55.8002,-13.3336],[-55.7569,-13.3419],[-55.7399,-13.3612],[-55.7222,-13.3623],[-55.7144,-13.3692],[-55.7068,-13.3593],[-55.6892,-13.3546],[-55.6443,-13.3792],[-55.6322,-13.3671],[-55.624,-13.3431],[-55.5872,-13.3115],[-55.5625,-13.3138],[-55.5533,-13.3184],[-55.5527,-13.3257],[-55.5005,-13.334],[-55.4957,-13.3414],[-55.4978,-13.3664],[-55.4773,-13.39],[-55.4675,-13.3944],[-55.455,-13.3837],[-55.4571,-13.3752],[-55.4478,-13.3736],[-55.4272,-13.3884],[-55.4389,-13.423],[-55.4285,-13.4304],[-55.42,-13.4189],[-55.3916,-13.421],[-55.3938,-13.4624],[-55.3817,-13.4709],[-55.3959,-13.4936],[-55.3749,-13.4998],[-55.3563,-13.4819],[-55.3472,-13.4814],[-55.3405,-13.5418],[-55.3269,-13.5644],[-55.293,-13.571],[-55.2912,-13.5908],[-55.2802,-13.5936],[-55.2657,-13.578],[-55.2602,-13.5851],[-55.2671,-13.5972],[-55.2535,-13.6109],[-55.2423,-13.6034],[-55.2278,-13.6099],[-55.2262,-13.6017],[-55.2164,-13.5994],[-55.2039,-13.6108],[-55.1783,-13.62],[-55.1595,-13.6474],[-55.1526,-13.641],[-55.1511,-13.6526],[-55.1295,-13.6521],[-55.1208,-13.6653],[-55.1128,-13.664],[-55.111,-13.6518],[-55.1055,-13.6513],[-55.0851,-13.6634],[-55.154,-13.5259],[-55.1611,-13.4735],[-55.1439,-13.4338],[-55.1754,-13.3872],[-55.1703,-13.3535],[-55.2412,-13.3547],[-55.2501,-13.3484],[-55.2546,-13.3254],[-55.2754,-13.3173],[-55.2814,-13.2986],[-55.2937,-13.2862],[-55.3092,-13.2853],[-55.3236,-13.2545],[-55.321,-13.2356],[-55.3272,-13.2141],[-55.3228,-13.1857],[-55.3136,-13.1671],[-55.2974,-13.1538],[-55.2953,-13.1234],[-55.3304,-13.0888],[-55.3447,-13.0861],[-55.3394,-13.0738],[-55.3543,-13.0599],[-55.3621,-13.0123],[-55.3515,-12.995],[-55.3598,-12.9794],[-55.3724,-12.9748],[-55.4042,-12.9269],[-55.4394,-12.8925],[-55.4567,-12.8562],[-55.4679,-12.8513],[-55.4683,-12.819],[-55.4515,-12.7974],[-55.4472,-12.7723],[-55.4911,-12.737],[-55.4868,-12.7183],[-55.5023,-12.7098],[-55.5036,-12.6853],[-55.5358,-12.6592],[-55.5434,-12.66],[-55.5685,-12.6328],[-55.5826,-12.5624],[-55.5794,-12.5389],[-55.5428,-12.503],[-55.5369,-12.4718],[-55.523,-12.4538],[-55.5281,-12.4352],[-55.5236,-12.4176],[-55.5493,-12.38],[-55.5674,-12.3389],[-55.5709,-12.3254],[-55.5644,-12.2744],[-55.5813,-12.2636],[-55.5885,-12.2659],[-55.5858,-12.1902],[-55.5839,-12.181],[-55.5742,-12.1765],[-55.5353,-12.1783],[-55.5184,-12.1481],[-55.5522,-12.1239],[-55.5782,-12.1142],[-55.6021,-12.0625],[-55.5992,-12.0494],[-55.6051,-12.0367],[-55.5976,-12.0264],[-55.6165,-12.0095],[-55.6232,-11.9862],[-55.6468,-11.9823],[-55.6446,-11.965],[-55.656,-11.953],[-55.6675,-11.9542],[-55.6697,-11.9486],[-55.6582,-11.938],[-55.6626,-11.9267],[-55.6772,-11.9158],[-55.6579,-11.8966],[-55.6594,-11.8882],[-55.6889,-11.8748],[-55.7057,-11.8799],[-55.7116,-11.8707],[-55.6997,-11.8566],[-55.67,-11.8466],[-55.6919,-11.8247],[-55.6736,-11.8089],[-55.7007,-11.7799],[-55.6946,-11.7743],[-55.6837,-11.7825],[-55.6847,-11.7729],[-55.6961,-11.77],[-55.7089,-11.7476],[-55.7375,-11.7377],[-55.726,-11.7329],[-55.7334,-11.7259],[-55.7391,-11.7356],[-55.7605,-11.7216],[-55.7827,-11.7382],[-55.8002,-11.7396],[-55.8011,-11.7495],[-55.8109,-11.7505],[-55.8167,-11.7412],[-55.8273,-11.7519],[-55.8241,-11.781],[-55.8298,-11.7867],[-55.836,-11.7793],[-55.8413,-11.7816],[-55.8424,-11.7917],[-55.8235,-11.8055],[-55.8319,-11.8092],[-55.8389,-11.8259],[-55.8367,-11.8403],[-55.8447,-11.8504],[-55.8556,-11.845],[-55.865,-11.8536],[-55.8602,-11.8623],[-55.8765,-11.8707],[-55.8789,-11.9122],[-55.8918,-11.9126],[-55.8884,-11.9388],[-55.8797,-11.9545],[-55.8925,-11.969],[-55.8875,-11.9868],[-55.8979,-12.0034],[-55.9067,-12.0062],[-55.9013,-12.0177],[-55.9086,-12.0337],[-55.9016,-12.0359],[-55.9113,-12.0601],[-55.8982,-12.0778],[-55.9104,-12.088],[-55.9034,-12.0915],[-55.8973,-12.113],[-55.9031,-12.1275],[-55.8898,-12.1278],[-55.8872,-12.14],[-55.9032,-12.1384],[-55.896,-12.1509],[-55.9034,-12.1617],[-55.9021,-12.1829],[-55.8961,-12.1842],[-55.8924,-12.2026],[-55.9001,-12.2059],[-55.9089,-12.196],[-55.9136,-12.2009],[-55.9045,-12.209],[-55.9181,-12.2136],[-55.9242,-12.2233],[-55.9177,-12.2354],[-55.9287,-12.2359],[-55.9516,-12.2603],[-55.9507,-12.2707],[-55.9604,-12.2762],[-55.9575,-12.2836],[-55.9707,-12.2977],[-55.9879,-12.3098],[-55.9958,-12.302],[-56.0039,-12.3196],[-56.0112,-12.3169],[-56.0214,-12.3564],[-56.017,-12.3668],[-56.0393,-12.3829],[-56.0489,-12.3831],[-56.0424,-12.3995],[-56.0564,-12.3929],[-56.0612,-12.3995],[-56.0511,-12.4242],[-56.0597,-12.4286],[-56.0644,-12.4492],[-56.0726,-12.4552],[-56.0706,-12.4667],[-56.0859,-12.4824],[-56.0776,-12.4867],[-56.0933,-12.5031],[-56.0942,-12.5192],[-56.0814,-12.5352],[-56.086,-12.5404],[-56.0739,-12.5461],[-56.0766,-12.5585],[-56.0694,-12.5679],[-56.0844,-12.5797],[-56.0822,-12.5914],[-56.0971,-12.5957],[-56.0945,-12.6055],[-56.1114,-12.601],[-56.1048,-12.6294],[-56.1167,-12.6382],[-56.0891,-12.6635],[-56.0947,-12.6823],[-56.0838,-12.6931],[-56.0708,-12.6789],[-56.0555,-12.6857],[-56.0519,-12.7039],[-56.0416,-12.6986],[-56.0314,-12.7659],[-56.0119,-12.7732],[-56.0125,-12.7844],[-56.0087,-12.793],[-56.0007,-12.7943],[-55.9983,-12.8161],[-55.9918,-12.821],[-55.9998,-12.8301],[-55.9932,-12.8386],[-55.9951,-12.8502],[-55.9855,-12.8497],[-55.9929,-12.8734],[-55.9481,-12.9166],[-55.9477,-12.9301],[-55.9368,-12.9381],[-55.9375,-12.9511],[-55.9243,-12.9667],[-55.9194,-12.9909],[-55.9064,-13.0059],[-55.9084,-13.0516],[-55.8903,-13.0461],[-55.8875,-13.073],[-55.8743,-13.0776],[-55.876,-13.0846],[-55.8872,-13.0817],[-55.8933,-13.0914],[-55.8863,-13.1278],[-55.8808,-13.1283],[-55.8891,-13.1424],[-55.8797,-13.1612],[-55.8929,-13.1916],[-55.8772,-13.2203],[-55.8847,-13.2347],[-55.8762,-13.2443],[-55.8848,-13.2523],[-55.8724,-13.2602],[-55.8656,-13.2575],[-55.8503,-13.2864],[-55.8139,-13.2988],[-55.8097,-13.3241],[-55.8002,-13.3336]]]}},{"type":"Feature","properties":{"code":"5107941","name":"Tabaporã"},"geometry":{"type":"Polygon","coordinates":[[[-57.0601,-11.3591],[-57.042,-11.3644],[-57.0296,-11.389],[-56.96,-11.3845],[-56.9398,-11.3906],[-56.8948,-11.369],[-56.8899,-11.3804],[-56.8991,-11.4159],[-56.8919,-11.4499],[-56.9097,-11.4868],[-56.8821,-11.494],[-56.8633,-11.5086],[-56.8538,-11.5077],[-56.8467,-11.4972],[-56.7929,-11.5004],[-56.7624,-11.4922],[-56.7645,-11.526],[-56.7583,-11.5319],[-56.6641,-11.5221],[-56.5789,-11.5531],[-56.535,-11.5619],[-56.433,-11.5477],[-56.3873,-11.5561],[-56.1919,-11.6399],[-56.1301,-11.6446],[-55.9645,-11.6159],[-55.9583,-11.5921],[-55.9431,-11.5897],[-55.9294,-11.6092],[-55.9125,-11.6061],[-55.8846,-11.586],[-55.8621,-11.5793],[-55.8411,-11.5569],[-55.8273,-11.4801],[-55.7919,-11.4462],[-55.7801,-11.446],[-55.7851,-11.4212],[-55.8294,-11.3559],[-55.8401,-11.2882],[-55.8767,-11.2782],[-55.924,-11.2443],[-55.9581,-11.2449],[-55.9752,-11.2315],[-55.9943,-11.2323],[-56.0057,-11.2131],[-56.0413,-11.2042],[-56.074,-11.172],[-56.1138,-11.1735],[-56.3129,-11.0935],[-56.4009,-11.1003],[-56.4374,-11.0865],[-56.499,-11.1011],[-56.5319,-11.0623],[-56.5918,-11.0249],[-56.5959,-11.0135],[-56.5907,-11.0014],[-56.5635,-10.9766],[-56.5706,-10.9502],[-56.5219,-10.9091],[-56.4996,-10.8693],[-56.4746,-10.8636],[-56.455,-10.8458],[-56.4472,-10.8475],[-56.4036,-10.7998],[-56.4118,-10.7026],[-56.4397,-10.6773],[-56.4693,-10.6694],[-56.5592,-10.6124],[-56.5775,-10.6083],[-56.5822,-10.6016],[-56.6285,-10.5967],[-56.6515,-10.5846],[-56.651,-10.5769],[-56.6832,-10.5319],[-56.6897,-10.5337],[-56.7114,-10.5093],[-56.7153,-10.4923],[-56.7495,-10.5247],[-56.7499,-10.5397],[-56.7824,-10.5692],[-56.791,-10.5974],[-56.7873,-10.6288],[-56.7993,-10.6522],[-56.806,-10.7168],[-56.8198,-10.7366],[-56.8029,-10.7817],[-56.7822,-10.7989],[-56.7595,-10.8365],[-56.7323,-10.8655],[-56.7381,-10.9036],[-56.7618,-10.935],[-56.7734,-10.9343],[-56.7717,-10.9548],[-56.7825,-10.9615],[-56.7867,-10.9836],[-56.8034,-10.9853],[-56.8083,-10.9733],[-56.818,-10.9713],[-56.833,-10.9781],[-56.8467,-10.9719],[-56.8493,-10.9503],[-56.868,-10.9488],[-56.8809,-10.9609],[-56.8943,-10.9437],[-56.9182,-10.9592],[-56.9214,-10.947],[-56.9343,-10.9424],[-56.9443,-10.9441],[-56.9469,-10.9511],[-56.9322,-10.9719],[-56.9428,-10.9738],[-56.9564,-10.9662],[-56.9719,-10.9766],[-56.9913,-10.9739],[-56.9977,-10.9859],[-57.0074,-10.9815],[-57.0109,-10.9708],[-57.0352,-10.9739],[-57.0444,-10.9579],[-57.0544,-10.959],[-57.0482,-10.9858],[-57.0646,-10.9857],[-57.0748,-10.994],[-57.0509,-11.0146],[-57.0493,-11.0292],[-57.0389,-11.034],[-57.0379,-11.0443],[-57.0258,-11.0552],[-57.0253,-11.0824],[-57.0177,-11.0898],[-57.0203,-11.103],[-57.003,-11.134],[-57.0203,-11.1413],[-57.0491,-11.1791],[-57.0636,-11.1844],[-57.0764,-11.2107],[-57.0686,-11.2363],[-57.0473,-11.263],[-57.0643,-11.2717],[-57.0725,-11.2691],[-57.0935,-11.283],[-57.1147,-11.3092],[-57.139,-11.3177],[-57.1378,-11.3456],[-57.1298,-11.3523],[-57.1065,-11.3566],[-57.0964,-11.344],[-57.0701,-11.3388],[-57.0601,-11.3591]]]}},{"type":"Feature","properties":{"code":"5107958","name":"Tangará da Serra"},"geometry":{"type":"Polygon","coordinates":[[[-56.9497,-14.503],[-56.9636,-14.5033],[-57.0079,-14.5299],[-57.0157,-14.5309],[-57.0295,-14.5141],[-57.0567,-14.527],[-57.073,-14.5194],[-57.1034,-14.5351],[-57.0992,-14.5468],[-57.1061,-14.5625],[-57.1279,-14.5585],[-57.1466,-14.5748],[-57.1535,-14.5459],[-57.1652,-14.5413],[-57.1961,-14.5486],[-57.2271,-14.5399],[-57.2428,-14.55],[-57.2827,-14.5565],[-57.3067,-14.5476],[-57.3067,-14.5373],[-57.3247,-14.5311],[-57.3303,-14.5199],[-57.3237,-14.5113],[-57.3413,-14.4843],[-57.3596,-14.4888],[-57.3535,-14.498],[-57.3761,-14.5045],[-57.4072,-14.4863],[-57.4323,-14.4937],[-57.435,-14.4744],[-57.4511,-14.4736],[-57.4416,-14.4571],[-57.4564,-14.439],[-57.484,-14.4517],[-57.4835,-14.4443],[-57.5038,-14.4398],[-57.5261,-14.4667],[-57.5575,-14.474],[-57.581,-14.5057],[-57.5965,-14.5053],[-57.6261,-14.5441],[-57.647,-14.5508],[-57.6449,-14.5598],[-57.6557,-14.5647],[-57.6691,-14.5561],[-57.6834,-14.5346],[-57.68,-14.5237],[-57.6895,-14.5231],[-57.7014,-14.5034],[-57.7111,-14.5013],[-57.7135,-14.493],[-57.699,-14.4484],[-57.7024,-14.4188],[-57.7198,-14.3754],[-57.7347,-14.2916],[-57.8138,-14.3026],[-57.8352,-14.2985],[-58.232,-14.3858],[-58.2299,-14.3435],[-58.2229,-14.3365],[-58.224,-14.3237],[-58.2087,-14.2808],[-58.1771,-14.2564],[-58.1797,-14.2456],[-58.1701,-14.2427],[-58.1688,-14.2315],[-58.1599,-14.2293],[-58.1441,-14.2035],[-58.1274,-14.1963],[-58.1125,-14.1804],[-58.1169,-14.1751],[-58.1083,-14.1624],[-58.097,-14.1577],[-58.1032,-14.1495],[-58.1015,-14.1375],[-58.0927,-14.135],[-58.0875,-14.1076],[-58.0978,-14.0903],[-58.0921,-14.0787],[-58.0991,-14.0629],[-58.0893,-14.0516],[-58.0921,-14.0398],[-58.0849,-14.0305],[-58.0898,-14.027],[-58.0816,-14.0124],[-58.0888,-14.006],[-58.0841,-14.0],[-59.0456,-14.0],[-59.0356,-14.0163],[-59.0404,-14.0276],[-59.0365,-14.0421],[-59.0418,-14.0446],[-59.0378,-14.0573],[-59.0457,-14.0588],[-59.045,-14.0707],[-59.0599,-14.0857],[-59.0554,-14.0921],[-59.064,-14.0953],[-59.0789,-14.145],[-59.0678,-14.1545],[-59.0696,-14.1733],[-59.0922,-14.1927],[-59.1041,-14.2305],[-59.0952,-14.2545],[-59.0875,-14.2559],[-59.0929,-14.2641],[-59.0906,-14.2764],[-59.0668,-14.2933],[-59.0577,-14.3078],[-59.062,-14.3278],[-59.0558,-14.3353],[-59.0532,-14.3623],[-59.0642,-14.3825],[-59.0667,-14.4229],[-59.0601,-14.4282],[-59.0724,-14.4493],[-59.0669,-14.4729],[-59.0721,-14.4797],[-59.0691,-14.4915],[-59.0744,-14.4934],[-59.0691,-14.5133],[-59.0749,-14.5164],[-59.0723,-14.5252],[-59.0603,-14.5226],[-59.0495,-14.5339],[-59.0457,-14.5624],[-59.051,-14.5901],[-59.037,-14.6099],[-59.0372,-14.6309],[-59.0487,-14.6444],[-59.06,-14.6439],[-59.0767,-14.6585],[-59.105,-14.6544],[-59.1077,-14.6614],[-59.0936,-14.6661],[-59.0534,-14.6524],[-59.0225,-14.6246],[-58.9625,-14.5858],[-58.8661,-14.5989],[-58.7744,-14.6015],[-58.7533,-14.5928],[-58.7525,-14.6341],[-58.7222,-14.6535],[-58.6958,-14.6918],[-58.6846,-14.699],[-58.6609,-14.7462],[-58.6689,-14.7567],[-58.648,-14.7756],[-58.6435,-14.8015],[-58.619,-14.8281],[-58.6108,-14.8274],[-58.5891,-14.797],[-58.5732,-14.7886],[-58.5687,-14.7756],[-58.5555,-14.7781],[-58.5489,-14.7718],[-58.5518,-14.7569],[-58.5431,-14.7466],[-58.532,-14.7478],[-58.5193,-14.7393],[-58.4914,-14.6856],[-58.4801,-14.6835],[-58.3928,-14.7098],[-58.4009,-14.718],[-58.3963,-14.722],[-58.4039,-14.739],[-58.3722,-14.7524],[-58.3703,-14.7764],[-58.3439,-14.7851],[-58.3427,-14.7949],[-58.335,-14.7996],[-58.2979,-14.8042],[-58.258,-14.7749],[-58.228,-14.77],[-58.1914,-14.7246],[-58.1541,-14.7151],[-58.1226,-14.7263],[-58.104,-14.7385],[-58.1025,-14.7459],[-58.0096,-14.763],[-57.9843,-14.7935],[-57.9695,-14.7902],[-57.9127,-14.83],[-57.9061,-14.8308],[-57.8981,-14.8155],[-57.8835,-14.8169],[-57.8841,-14.823],[-57.8697,-14.8282],[-57.8682,-14.8363],[-57.86,-14.8332],[-57.8428,-14.8517],[-57.8323,-14.8504],[-57.8267,-14.8682],[-57.8195,-14.8713],[-57.822,-14.8801],[-57.808,-14.907],[-57.8087,-14.9216],[-57.7951,-14.9408],[-57.7856,-14.9514],[-57.7579,-14.9604],[-57.7546,-14.9704],[-57.7444,-14.9694],[-57.7441,-14.9815],[-57.736,-14.9828],[-57.7261,-14.9583],[-57.7361,-14.9492],[-57.7328,-14.9331],[-57.7514,-14.9024],[-57.7715,-14.8946],[-57.7692,-14.8776],[-57.7768,-14.8684],[-57.7645,-14.8597],[-57.7486,-14.8618],[-57.7498,-14.829],[-57.7388,-14.8088],[-57.7288,-14.8031],[-57.7157,-14.7747],[-57.6903,-14.7733],[-57.6777,-14.7577],[-57.6625,-14.7539],[-57.6489,-14.7297],[-57.635,-14.724],[-57.6203,-14.7275],[-57.6113,-14.74],[-57.6318,-14.7341],[-57.6407,-14.7426],[-57.6346,-14.7576],[-57.6507,-14.7723],[-57.6592,-14.8074],[-57.6528,-14.8051],[-57.6433,-14.7747],[-57.6274,-14.7683],[-57.614,-14.7528],[-57.5947,-14.7479],[-57.5854,-14.7539],[-57.5704,-14.747],[-57.5427,-14.7598],[-57.5332,-14.7577],[-57.5178,-14.7326],[-57.5047,-14.7292],[-57.4896,-14.7335],[-57.4729,-14.7278],[-57.4375,-14.7403],[-57.4308,-14.7362],[-57.4292,-14.7217],[-57.4069,-14.701],[-57.3775,-14.6909],[-57.3366,-14.687],[-57.297,-14.7022],[-57.2919,-14.6816],[-57.2658,-14.6755],[-57.2656,-14.6577],[-57.2377,-14.6445],[-57.2029,-14.6433],[-57.1627,-14.6651],[-57.1424,-14.6438],[-57.1325,-14.645],[-57.1074,-14.6263],[-57.1106,-14.608],[-57.0578,-14.5869],[-57.0463,-14.5749],[-57.0507,-14.5596],[-57.0417,-14.5522],[-57.0219,-14.5576],[-56.9807,-14.5295],[-56.9664,-14.5295],[-56.9497,-14.503]]]}},{"type":"Feature","properties":{"code":"5108006","name":"Tapurah"},"geometry":{"type":"Polygon","coordinates":[[[-56.5023,-12.8832],[-56.4606,-12.901],[-56.4182,-12.8489],[-56.4111,-12.8749],[-56.4016,-12.889],[-56.3917,-12.8892],[-56.3794,-12.8805],[-56.3703,-12.8438],[-56.3444,-12.8182],[-56.3344,-12.7773],[-56.3012,-12.7603],[-56.3059,-12.7482],[-56.2853,-12.7166],[-56.2685,-12.7021],[-56.2493,-12.7015],[-56.2305,-12.6912],[-56.2152,-12.6976],[-56.1951,-12.6886],[-56.1799,-12.6896],[-56.1579,-12.6551],[-56.1293,-12.646],[-56.1048,-12.6294],[-56.1114,-12.601],[-56.0945,-12.6055],[-56.0971,-12.5957],[-56.0822,-12.5914],[-56.0844,-12.5797],[-56.0694,-12.5679],[-56.0766,-12.5585],[-56.0739,-12.5461],[-56.086,-12.5404],[-56.0814,-12.5352],[-56.0942,-12.5192],[-56.0933,-12.5031],[-56.0776,-12.4867],[-56.0859,-12.4824],[-56.0706,-12.4667],[-56.0726,-12.4552],[-56.0644,-12.4492],[-56.0597,-12.4286],[-56.0828,-12.4243],[-56.1064,-12.435],[-56.1207,-12.4284],[-56.1213,-12.4026],[-56.1322,-12.4012],[-56.1353,-12.4063],[-56.1737,-12.3981],[-56.19,-12.382],[-56.2442,-12.4415],[-56.2528,-12.4116],[-56.2794,-12.3796],[-56.2817,-12.3648],[-56.3298,-12.3271],[-56.3566,-12.2661],[-56.3884,-12.2618],[-56.3917,-12.2549],[-56.4153,-12.2478],[-56.4803,-12.3216],[-56.5133,-12.3294],[-56.529,-12.3482],[-56.5434,-12.3431],[-56.5668,-12.3491],[-56.5771,-12.3388],[-56.6009,-12.337],[-56.6081,-12.3564],[-56.6204,-12.3673],[-56.6358,-12.3591],[-56.6305,-12.353],[-56.6863,-12.3183],[-56.7626,-12.3417],[-56.7888,-12.3678],[-56.8058,-12.374],[-56.8174,-12.3662],[-56.8466,-12.3717],[-56.8787,-12.3402],[-56.9082,-12.3247],[-56.9334,-12.2889],[-56.9543,-12.2888],[-56.9577,-12.3051],[-56.9778,-12.3095],[-56.9787,-12.3215],[-56.9719,-12.3293],[-56.9745,-12.3631],[-56.9653,-12.375],[-56.9684,-12.398],[-56.9488,-12.4045],[-56.9423,-12.4271],[-56.9575,-12.4419],[-56.9474,-12.4514],[-56.9531,-12.47],[-56.9437,-12.4785],[-56.943,-12.5122],[-56.9538,-12.5153],[-56.9561,-12.5252],[-56.9354,-12.5245],[-56.9311,-12.5335],[-56.9381,-12.5441],[-56.9306,-12.5605],[-56.9125,-12.5563],[-56.9014,-12.5627],[-56.8936,-12.6037],[-56.902,-12.6114],[-56.903,-12.6299],[-56.8673,-12.6587],[-56.8651,-12.6729],[-56.8449,-12.6807],[-56.8467,-12.6996],[-56.8347,-12.7127],[-56.8275,-12.7375],[-56.7979,-12.7596],[-56.7989,-12.79],[-56.7733,-12.8348],[-56.7536,-12.8205],[-56.7349,-12.8212],[-56.708,-12.8472],[-56.6537,-12.8567],[-56.6396,-12.8695],[-56.5823,-12.8833],[-56.5415,-12.8757],[-56.5023,-12.8832]]]}},{"type":"Feature","properties":{"code":"5108055","name":"Terra Nova do Norte"},"geometry":{"type":"Polygon","coordinates":[[[-55.1642,-10.7062],[-55.1562,-10.7349],[-55.1441,-10.7326],[-55.1114,-10.7438],[-55.1026,-10.7407],[-55.0929,-10.718],[-54.9963,-10.7262],[-54.9571,-10.7167],[-54.936,-10.7285],[-54.9016,-10.7177],[-54.883,-10.7283],[-54.8685,-10.7219],[-54.8643,-10.7132],[-54.8473,-10.7081],[-54.8348,-10.6799],[-54.819,-10.6703],[-54.8162,-10.636],[-54.798,-10.6199],[-54.7669,-10.6123],[-54.7643,-10.6055],[-54.7553,-10.6115],[-54.7147,-10.6066],[-54.6721,-10.594],[-54.6727,-10.569],[-54.6432,-10.5568],[-54.6399,-10.5374],[-54.6523,-10.5065],[-54.6444,-10.5051],[-54.6464,-10.4836],[-54.6525,-10.4794],[-54.6528,-10.4668],[-54.6668,-10.4539],[-54.6554,-10.4439],[-54.6647,-10.4298],[-54.6944,-10.4191],[-54.7002,-10.4252],[-54.7107,-10.4185],[-54.7129,-10.4087],[-54.721,-10.4127],[-55.0329,-10.3027],[-55.1663,-10.2179],[-55.1677,-10.2738],[-55.1552,-10.2942],[-55.1569,-10.3034],[-55.1702,-10.3068],[-55.1678,-10.3545],[-55.2017,-10.3799],[-55.2136,-10.416],[-55.2205,-10.4167],[-55.2261,-10.4288],[-55.2269,-10.4429],[-55.2702,-10.4881],[-55.2693,-10.4981],[-55.2811,-10.5143],[-55.3091,-10.502],[-55.321,-10.5086],[-55.3303,-10.5016],[-55.3342,-10.5075],[-55.3079,-10.5363],[-55.2825,-10.5412],[-55.2724,-10.5518],[-55.2585,-10.5528],[-55.2398,-10.566],[-55.2302,-10.6005],[-55.216,-10.6106],[-55.2151,-10.6243],[-55.1925,-10.6465],[-55.191,-10.6651],[-55.1766,-10.6727],[-55.1581,-10.7007],[-55.1642,-10.7062]]]}},{"type":"Feature","properties":{"code":"5108105","name":"Tesouro"},"geometry":{"type":"Polygon","coordinates":[[[-53.8044,-16.21],[-53.7728,-16.1985],[-53.7635,-16.2015],[-53.7325,-16.1961],[-53.7263,-16.1889],[-53.6977,-16.1873],[-53.7013,-16.1948],[-53.6741,-16.194],[-53.6722,-16.2055],[-53.662,-16.2036],[-53.6609,-16.2111],[-53.6262,-16.2265],[-53.6024,-16.2231],[-53.6119,-16.2071],[-53.605,-16.1895],[-53.5895,-16.1827],[-53.588,-16.1655],[-53.5688,-16.1562],[-53.5785,-16.148],[-53.5673,-16.1387],[-53.573,-16.1245],[-53.5617,-16.1232],[-53.5419,-16.1309],[-53.5404,-16.1379],[-53.495,-16.1427],[-53.4751,-16.1578],[-53.4594,-16.1773],[-53.4572,-16.1955],[-53.4457,-16.2104],[-53.4495,-16.2251],[-53.4246,-16.23],[-53.3919,-16.2685],[-53.3589,-16.2775],[-53.3452,-16.2683],[-53.3649,-16.2388],[-53.363,-16.2316],[-53.3355,-16.2237],[-53.3104,-16.2081],[-53.2867,-16.1841],[-53.2853,-16.1726],[-53.301,-16.1584],[-53.3085,-16.1173],[-53.2908,-16.0764],[-53.2666,-16.0671],[-53.2694,-16.0514],[-53.2553,-16.0212],[-53.2431,-16.0125],[-53.2137,-16.0133],[-53.2017,-15.9986],[-53.1627,-15.999],[-53.1455,-15.9812],[-53.1141,-15.9636],[-53.0747,-15.9563],[-53.0695,-15.9658],[-53.0497,-15.9498],[-53.0716,-15.929],[-53.0777,-15.9026],[-53.0675,-15.8822],[-53.0332,-15.8602],[-53.0273,-15.8281],[-53.037,-15.7957],[-53.0259,-15.7899],[-53.0449,-15.7643],[-53.0417,-15.7545],[-53.0466,-15.7462],[-53.0412,-15.7378],[-53.0583,-15.7281],[-53.0707,-15.7343],[-53.1046,-15.7285],[-53.1024,-15.7368],[-53.11,-15.7453],[-53.1151,-15.7383],[-53.1266,-15.7393],[-53.1544,-15.724],[-53.165,-15.7058],[-53.1622,-15.6957],[-53.1919,-15.6655],[-53.195,-15.6381],[-53.2416,-15.6259],[-53.2518,-15.5932],[-53.3117,-15.5864],[-53.3433,-15.5903],[-53.3635,-15.5784],[-53.4027,-15.5727],[-53.4108,-15.5789],[-53.4444,-15.5737],[-53.4749,-15.5812],[-53.4972,-15.5952],[-53.5158,-15.6407],[-53.5666,-15.6512],[-53.5783,-15.6612],[-53.5804,-15.6699],[-53.5734,-15.6819],[-53.5773,-15.6878],[-53.6009,-15.6954],[-53.6296,-15.7177],[-53.6608,-15.7159],[-53.6856,-15.7241],[-53.7525,-15.7121],[-53.775,-15.7199],[-53.7818,-15.7301],[-53.7795,-15.739],[-53.7716,-15.7402],[-53.7798,-15.7585],[-53.7687,-15.7611],[-53.7682,-15.7775],[-53.7813,-15.8153],[-53.7475,-15.8634],[-53.7766,-15.8988],[-53.783,-15.9249],[-53.8011,-15.9314],[-53.7842,-15.9485],[-53.8036,-15.9583],[-53.8124,-16.0013],[-53.8333,-16.0004],[-53.842,-16.0103],[-53.8506,-16.0085],[-53.8505,-15.9952],[-53.8608,-16.0023],[-53.8789,-16.0031],[-53.8703,-16.0266],[-53.8468,-16.0588],[-53.8295,-16.0599],[-53.8121,-16.087],[-53.8107,-16.094],[-53.8263,-16.1041],[-53.8323,-16.1194],[-53.8522,-16.1224],[-53.8546,-16.1327],[-53.8493,-16.1381],[-53.8575,-16.1499],[-53.8306,-16.1498],[-53.8325,-16.1568],[-53.8199,-16.166],[-53.8222,-16.1759],[-53.7933,-16.1829],[-53.7941,-16.1891],[-53.8053,-16.1934],[-53.8044,-16.21]]]}},{"type":"Feature","properties":{"code":"5108204","name":"Torixoréu"},"geometry":{"type":"Polygon","coordinates":[[[-52.6812,-16.3017],[-52.6592,-16.2807],[-52.6247,-16.2868],[-52.6113,-16.2722],[-52.5915,-16.2703],[-52.5763,-16.2495],[-52.5644,-16.2642],[-52.546,-16.2597],[-52.5689,-16.2339],[-52.5673,-16.2248],[-52.5453,-16.2226],[-52.5504,-16.1917],[-52.5436,-16.1804],[-52.5492,-16.165],[-52.5264,-16.1554],[-52.526,-16.1411],[-52.5137,-16.1336],[-52.5034,-16.1415],[-52.4717,-16.1267],[-52.4761,-16.1114],[-52.4846,-16.1092],[-52.4867,-16.0914],[-52.5165,-16.0876],[-52.5213,-16.0798],[-52.5409,-16.0787],[-52.5511,-16.0862],[-52.5585,-16.0721],[-52.5697,-16.0707],[-52.5799,-16.0964],[-52.607,-16.0999],[-52.6168,-16.1167],[-52.6302,-16.114],[-52.645,-16.0961],[-52.6505,-16.1093],[-52.6619,-16.1014],[-52.6579,-16.0907],[-52.6694,-16.0856],[-52.695,-16.0978],[-52.7156,-16.0827],[-52.7554,-16.0922],[-52.7601,-16.08],[-52.7804,-16.0715],[-52.7893,-16.051],[-52.8061,-16.0362],[-52.84,-16.0355],[-52.8689,-16.0598],[-52.8763,-16.0588],[-52.8788,-16.0658],[-52.8676,-16.0779],[-52.8911,-16.0815],[-52.8799,-16.1014],[-52.8835,-16.1109],[-52.9078,-16.1136],[-52.8967,-16.1267],[-52.9275,-16.1339],[-52.9709,-16.1254],[-52.9812,-16.1333],[-52.9785,-16.1446],[-52.9993,-16.1525],[-53.0081,-16.171],[-53.016,-16.165],[-53.0405,-16.1766],[-53.0449,-16.1707],[-53.0533,-16.1723],[-53.0542,-16.1822],[-53.0745,-16.1952],[-53.0815,-16.1904],[-53.0922,-16.1974],[-53.1007,-16.193],[-53.1168,-16.2167],[-53.1385,-16.2209],[-53.1463,-16.2447],[-53.1677,-16.2624],[-53.1707,-16.2826],[-53.1542,-16.3229],[-53.1586,-16.3338],[-53.1498,-16.345],[-53.154,-16.3756],[-53.148,-16.3801],[-53.1483,-16.393],[-53.1634,-16.4069],[-53.1917,-16.4177],[-53.2022,-16.4323],[-53.2109,-16.4559],[-53.2028,-16.4676],[-53.2096,-16.4737],[-53.203,-16.4815],[-53.2045,-16.4933],[-53.1881,-16.5017],[-53.1787,-16.5284],[-53.1678,-16.5281],[-53.1655,-16.5366],[-53.1442,-16.5349],[-53.1329,-16.5414],[-53.0751,-16.527],[-53.0714,-16.5297],[-53.0796,-16.5464],[-53.0523,-16.5448],[-53.0351,-16.5583],[-53.0065,-16.5513],[-52.9803,-16.5542],[-52.9612,-16.5699],[-52.9413,-16.5658],[-52.9201,-16.5497],[-52.9211,-16.5404],[-52.8944,-16.5262],[-52.8864,-16.5091],[-52.8593,-16.479],[-52.8492,-16.476],[-52.8368,-16.4565],[-52.784,-16.4313],[-52.778,-16.4349],[-52.7666,-16.4106],[-52.781,-16.3844],[-52.7734,-16.3569],[-52.7297,-16.3305],[-52.7246,-16.3117],[-52.7059,-16.2982],[-52.6812,-16.3017]]]}},{"type":"Feature","properties":{"code":"5108303","name":"União do Sul"},"geometry":{"type":"Polygon","coordinates":[[[-54.2863,-11.872],[-54.274,-11.8502],[-54.2478,-11.8316],[-54.2357,-11.8141],[-54.2284,-11.8134],[-54.2208,-11.7945],[-54.2015,-11.7853],[-54.1855,-11.7429],[-54.1705,-11.7361],[-54.1701,-11.7261],[-54.1558,-11.7168],[-54.1491,-11.6885],[-54.1434,-11.6889],[-54.1351,-11.6647],[-54.1221,-11.6621],[-54.1103,-11.6464],[-54.1126,-11.6383],[-54.0569,-11.6189],[-54.0576,-11.6127],[-54.0481,-11.6118],[-54.0347,-11.5945],[-54.0175,-11.5956],[-54.0058,-11.5851],[-54.0044,-11.5691],[-53.9972,-11.5726],[-53.9833,-11.5609],[-53.9816,-11.5462],[-53.9684,-11.5329],[-53.9442,-11.5383],[-53.9196,-11.5143],[-53.8762,-11.5123],[-53.8618,-11.4973],[-53.8529,-11.4818],[-53.8562,-11.4651],[-53.8382,-11.452],[-53.8429,-11.4362],[-53.8371,-11.4242],[-53.8431,-11.4131],[-53.8293,-11.3996],[-53.8403,-11.3977],[-53.8345,-11.367],[-53.7979,-11.342],[-53.798,-11.3277],[-53.7792,-11.2898],[-53.7921,-11.2865],[-53.8009,-11.268],[-53.8177,-11.2678],[-53.8296,-11.255],[-53.8859,-11.2425],[-53.9453,-11.2436],[-53.9652,-11.258],[-53.9849,-11.2488],[-53.9975,-11.2539],[-54.0174,-11.2481],[-54.0251,-11.2577],[-54.0635,-11.2701],[-54.0827,-11.2854],[-54.1102,-11.284],[-54.1288,-11.3005],[-54.1776,-11.2942],[-54.1901,-11.2998],[-54.2024,-11.3213],[-54.2266,-11.3278],[-54.2693,-11.358],[-54.3008,-11.3691],[-54.3172,-11.3539],[-54.338,-11.3535],[-54.352,-11.3422],[-54.3639,-11.3197],[-54.3685,-11.3253],[-54.3924,-11.3241],[-54.4227,-11.3122],[-54.4211,-11.3247],[-54.4473,-11.3646],[-54.4722,-11.3841],[-54.4806,-11.3993],[-54.5063,-11.4132],[-54.5297,-11.3913],[-54.5522,-11.3528],[-54.5548,-11.3328],[-54.5463,-11.32],[-54.5452,-11.3017],[-54.559,-11.2858],[-54.5576,-11.2591],[-54.5672,-11.24],[-54.5649,-11.2299],[-54.5861,-11.1901],[-54.6033,-11.1837],[-54.6084,-11.1944],[-54.6195,-11.1929],[-54.6223,-11.2082],[-54.6484,-11.2059],[-54.6485,-11.2244],[-54.6626,-11.2232],[-54.6732,-11.2478],[-54.6986,-11.2557],[-54.702,-11.2671],[-54.6984,-11.2863],[-54.6904,-11.2946],[-54.6932,-11.3037],[-54.6819,-11.3094],[-54.6936,-11.3317],[-54.6864,-11.345],[-54.6988,-11.3492],[-54.6918,-11.3833],[-54.7037,-11.3944],[-54.6983,-11.4011],[-54.7085,-11.4234],[-54.7013,-11.4332],[-54.7076,-11.4439],[-54.7017,-11.4525],[-54.7169,-11.4712],[-54.7092,-11.4857],[-54.7215,-11.4976],[-54.7125,-11.5022],[-54.731,-11.539],[-54.7203,-11.5483],[-54.7129,-11.5698],[-54.7279,-11.6492],[-54.7186,-11.6595],[-54.6844,-11.6583],[-54.6724,-11.6665],[-54.6518,-11.7142],[-54.6276,-11.707],[-54.6034,-11.6852],[-54.5767,-11.68],[-54.589,-11.727],[-54.584,-11.7542],[-54.6082,-11.7832],[-54.5953,-11.7794],[-54.5771,-11.8],[-54.5661,-11.8031],[-54.5824,-11.8409],[-54.6021,-11.846],[-54.6255,-11.8818],[-54.5792,-11.8767],[-54.5601,-11.8617],[-54.5384,-11.8609],[-54.5009,-11.8636],[-54.4739,-11.8847],[-54.4242,-11.8752],[-54.3895,-11.8835],[-54.2863,-11.872]]]}},{"type":"Feature","properties":{"code":"5108352","name":"Vale de São Domingos"},"geometry":{"type":"Polygon","coordinates":[[[-59.0854,-14.6647],[-59.0286,-14.7233],[-59.0406,-14.817],[-59.0277,-14.9186],[-59.0428,-14.9556],[-59.0346,-15.0254],[-59.0191,-15.0487],[-58.995,-15.0577],[-58.9648,-15.1263],[-58.9853,-15.1418],[-58.99,-15.1644],[-59.0118,-15.197],[-59.0138,-15.2327],[-59.0197,-15.2435],[-59.0413,-15.2458],[-59.0623,-15.2262],[-59.0953,-15.2183],[-59.1183,-15.2321],[-59.1489,-15.2291],[-59.1731,-15.2697],[-59.2225,-15.25],[-59.2256,-15.257],[-59.2133,-15.2919],[-59.1987,-15.2999],[-59.1817,-15.2994],[-59.1613,-15.3203],[-59.1934,-15.3318],[-59.197,-15.3668],[-59.1409,-15.4025],[-59.1041,-15.4409],[-59.0931,-15.4669],[-59.0891,-15.4638],[-59.0932,-15.4526],[-59.0873,-15.4484],[-59.0583,-15.4587],[-59.0299,-15.434],[-59.0289,-15.4244],[-59.0131,-15.4183],[-59.0186,-15.3981],[-59.0091,-15.3947],[-59.0029,-15.3648],[-59.0247,-15.3236],[-59.0032,-15.3174],[-58.9847,-15.3211],[-58.9797,-15.3123],[-58.9421,-15.2966],[-58.9343,-15.2785],[-58.9258,-15.2744],[-58.9258,-15.2426],[-58.9336,-15.2234],[-58.9244,-15.2092],[-58.9379,-15.2095],[-58.9616,-15.1922],[-58.9589,-15.183],[-58.936,-15.1722],[-58.9182,-15.1644],[-58.9099,-15.1678],[-58.8984,-15.1559],[-58.883,-15.1576],[-58.8739,-15.0632],[-58.8827,-15.0471],[-58.8827,-15.0178],[-58.8542,-15.0001],[-58.8596,-14.9648],[-58.8513,-14.9215],[-58.7827,-14.8036],[-58.8003,-14.7801],[-58.7954,-14.7645],[-58.7763,-14.7488],[-58.7623,-14.7196],[-58.7751,-14.674],[-58.7618,-14.6574],[-58.7567,-14.5937],[-58.7744,-14.6015],[-58.8661,-14.5989],[-58.9663,-14.5866],[-59.0534,-14.6524],[-59.0854,-14.6647]]]}},{"type":"Feature","properties":{"code":"5108402","name":"Várzea Grande"},"geometry":{"type":"Polygon","coordinates":[[[-56.1459,-15.7697],[-56.1439,-15.7576],[-56.1244,-15.7557],[-56.1113,-15.7424],[-56.1031,-15.7189],[-56.1136,-15.6987],[-56.1115,-15.6916],[-56.0696,-15.6776],[-56.0702,-15.6443],[-56.1042,-15.6159],[-56.1298,-15.6281],[-56.1433,-15.5998],[-56.144,-15.5917],[-56.1344,-15.5818],[-56.1421,-15.5613],[-56.1638,-15.5589],[-56.1724,-15.5501],[-56.1734,-15.5338],[-56.1926,-15.5206],[-56.1841,-15.5086],[-56.2008,-15.4987],[-56.2174,-15.472],[-56.2451,-15.4603],[-56.2452,-15.4314],[-56.2326,-15.4113],[-56.2416,-15.3723],[-56.2469,-15.3624],[-56.2787,-15.3401],[-56.3045,-15.3602],[-56.3098,-15.376],[-56.3288,-15.3843],[-56.33,-15.3915],[-56.3479,-15.4004],[-56.3555,-15.4123],[-56.3789,-15.4098],[-56.3979,-15.4224],[-56.4003,-15.4331],[-56.4088,-15.4343],[-56.4171,-15.447],[-56.4246,-15.4677],[-56.3984,-15.4923],[-56.4,-15.5155],[-56.3898,-15.5238],[-56.2151,-15.617],[-56.213,-15.6345],[-56.264,-15.6841],[-56.2643,-15.7115],[-56.2447,-15.7338],[-56.2453,-15.76],[-56.1923,-15.7773],[-56.1726,-15.7523],[-56.1547,-15.7518],[-56.1459,-15.7697]]]}},{"type":"Feature","properties":{"code":"5108501","name":"Vera"},"geometry":{"type":"MultiPolygon","coordinates":[[[[-55.3069,-12.0896],[-55.3733,-12.1871],[-55.3998,-12.1543],[-55.4073,-12.1577],[-55.4301,-12.1501],[-55.4364,-12.1628],[-55.4607,-12.1524],[-55.4739,-12.1571],[-55.4936,-12.1469],[-55.5102,-12.1559],[-55.5212,-12.1531],[-55.5353,-12.1783],[-55.5742,-12.1765],[-55.5839,-12.181],[-55.5858,-12.1902],[-55.5885,-12.2659],[-55.5813,-12.2636],[-55.5644,-12.2744],[-55.5709,-12.3254],[-55.5674,-12.3389],[-55.5493,-12.38],[-55.5236,-12.4176],[-55.5281,-12.4352],[-55.523,-12.4538],[-55.5369,-12.4718],[-55.5428,-12.503],[-55.5794,-12.5389],[-55.5783,-12.5919],[-55.5685,-12.6328],[-55.5595,-12.6467],[-55.5036,-12.6853],[-55.5023,-12.7098],[-55.4868,-12.7183],[-55.4911,-12.737],[-55.4472,-12.7723],[-55.4515,-12.7974],[-55.4683,-12.819],[-55.4679,-12.8513],[-55.4567,-12.8562],[-55.3769,-12.8562],[-55.375,-12.831],[-55.397,-12.7966],[-55.3862,-12.7825],[-55.3762,-12.7494],[-55.3681,-12.74],[-55.3369,-12.7322],[-55.3056,-12.697],[-55.2907,-12.6898],[-55.2647,-12.6484],[-55.2474,-12.6463],[-55.2316,-12.6348],[-55.2283,-12.6163],[-55.2394,-12.6068],[-55.232,-12.5986],[-55.1935,-12.5927],[-55.1841,-12.5783],[-55.1571,-12.5762],[-55.1547,-12.5615],[-55.1389,-12.5503],[-55.1371,-12.5365],[-55.1162,-12.5067],[-55.1179,-12.4928],[-55.1002,-12.4725],[-55.1021,-12.4538],[-55.0913,-12.4263],[-55.0926,-12.3985],[-55.0776,-12.3862],[-55.0716,-12.3667],[-55.0848,-12.3457],[-55.0805,-12.3379],[-55.0928,-12.3158],[-55.0869,-12.306],[-55.1071,-12.2721],[-55.1098,-12.2491],[-55.1312,-12.2338],[-55.1377,-12.214],[-55.1345,-12.2054],[-55.1191,-12.197],[-55.1385,-12.161],[-55.1298,-12.1371],[-55.141,-12.1204],[-55.169,-12.1203],[-55.1886,-12.128],[-55.2251,-12.1149],[-55.2483,-12.1233],[-55.2878,-12.1131],[-55.3069,-12.0896]]],[[[-55.1454,-13.443],[-55.156,-13.4528],[-55.1611,-13.4735],[-55.154,-13.5259],[-55.0851,-13.6634],[-55.1224,-13.5019],[-55.1328,-13.4894],[-55.1454,-13.443]]]]}},{"type":"Feature","properties":{"code":"5108600","name":"Vila Rica"},"geometry":{"type":"Polygon","coordinates":[[[-51.1531,-10.2541],[-51.1195,-10.2508],[-51.1097,-10.2676],[-51.0963,-10.2672],[-51.0835,-10.2555],[-51.0733,-10.2575],[-51.057,-10.2497],[-51.0503,-10.2373],[-51.0397,-10.2383],[-51.0347,-10.2261],[-51.0215,-10.2334],[-50.9819,-10.2082],[-50.9612,-10.215],[-50.9426,-10.2323],[-50.9356,-10.2435],[-50.9364,-10.2643],[-50.9059,-10.275],[-50.8908,-10.2706],[-50.8812,-10.2765],[-50.862,-10.2658],[-50.8165,-10.2771],[-50.8049,-10.267],[-50.79,-10.2663],[-50.775,-10.2797],[-50.7706,-10.2728],[-50.7522,-10.282],[-50.7456,-10.2948],[-50.7337,-10.2939],[-50.7199,-10.3065],[-50.7092,-10.3063],[-50.6995,-10.2946],[-50.6399,-10.2999],[-50.634,-10.3059],[-50.6182,-10.3013],[-50.6189,-10.3118],[-50.6094,-10.3175],[-50.5882,-10.3227],[-50.585,-10.317],[-50.5701,-10.3245],[-50.587,-10.2876],[-50.5881,-10.2637],[-50.6202,-10.2519],[-50.656,-10.2026],[-50.6095,-10.0756],[-50.7702,-9.9952],[-50.7696,-9.966],[-50.7807,-9.9398],[-50.8029,-9.923],[-50.8305,-9.8641],[-50.8445,-9.8673],[-50.846,-9.8006],[-52.2567,-9.7077],[-52.2489,-9.7217],[-52.2285,-9.7294],[-52.2175,-9.7626],[-52.2435,-9.7676],[-52.2634,-9.7622],[-52.2749,-9.7686],[-52.2717,-9.7793],[-52.2499,-9.7903],[-52.2149,-9.7915],[-52.211,-9.7788],[-52.2036,-9.7772],[-52.1907,-9.7982],[-52.1918,-9.8393],[-52.2037,-9.8511],[-52.2147,-9.8505],[-52.225,-9.8377],[-52.2442,-9.854],[-52.2393,-9.8655],[-52.2218,-9.8773],[-52.2237,-9.9482],[-52.2082,-9.9848],[-52.2134,-10.0162],[-52.1863,-10.0269],[-52.1742,-10.0091],[-52.154,-10.0041],[-52.1526,-10.0393],[-52.1459,-10.0443],[-52.1351,-10.0348],[-52.103,-10.0546],[-52.0925,-10.0855],[-52.08,-10.0942],[-52.0661,-10.0981],[-52.0224,-10.0769],[-52.007,-10.0918],[-51.9779,-10.0752],[-51.9497,-10.0959],[-51.9161,-10.1045],[-51.9136,-10.0968],[-51.9064,-10.1029],[-51.8966,-10.0964],[-51.8575,-10.1094],[-51.7962,-10.1034],[-51.7912,-10.1098],[-51.7527,-10.1176],[-51.7428,-10.1038],[-51.7484,-10.0915],[-51.729,-10.0702],[-51.7182,-10.0679],[-51.7096,-10.0788],[-51.701,-10.0733],[-51.6729,-10.0756],[-51.6688,-10.1013],[-51.6536,-10.0993],[-51.6247,-10.1077],[-51.6039,-10.1392],[-51.5871,-10.15],[-51.564,-10.1513],[-51.5419,-10.1294],[-51.5226,-10.1215],[-51.4694,-10.1287],[-51.4627,-10.1223],[-51.4263,-10.1607],[-51.4027,-10.1736],[-51.366,-10.168],[-51.3593,-10.1778],[-51.3609,-10.1904],[-51.3694,-10.193],[-51.3653,-10.2065],[-51.3378,-10.236],[-51.3107,-10.2499],[-51.2996,-10.2513],[-51.2824,-10.2359],[-51.2424,-10.2234],[-51.2032,-10.2405],[-51.1968,-10.2362],[-51.1621,-10.2447],[-51.1531,-10.2541]]]}},{"type":"Feature","properties":{"code":"5108808","name":"Nova Guarita"},"geometry":{"type":"Polygon","coordinates":[[[-55.57,-10.1266],[-55.5476,-10.1324],[-55.517,-10.1608],[-55.5079,-10.1894],[-55.4749,-10.2128],[-55.4657,-10.2288],[-55.4753,-10.2352],[-55.4734,-10.2888],[-55.4469,-10.3841],[-55.438,-10.3924],[-55.4305,-10.4402],[-55.4163,-10.4531],[-55.3995,-10.4601],[-55.3875,-10.4577],[-55.3559,-10.4744],[-55.321,-10.5086],[-55.3091,-10.502],[-55.2811,-10.5143],[-55.2693,-10.4981],[-55.2702,-10.4881],[-55.2269,-10.4429],[-55.2261,-10.4288],[-55.2205,-10.4167],[-55.2136,-10.416],[-55.2017,-10.3799],[-55.1678,-10.3545],[-55.1702,-10.3068],[-55.1569,-10.3034],[-55.1552,-10.2942],[-55.1677,-10.2738],[-55.1663,-10.2179],[-55.1728,-10.2117],[-55.1826,-10.2144],[-55.2016,-10.2075],[-55.2093,-10.2295],[-55.22,-10.2265],[-55.2184,-10.2078],[-55.2422,-10.1461],[-55.2435,-10.1341],[-55.2291,-10.1175],[-55.2405,-10.0941],[-55.248,-10.0947],[-55.2662,-10.1159],[-55.2761,-10.1473],[-55.3517,-10.1873],[-55.3747,-10.169],[-55.4176,-10.1633],[-55.4624,-10.1228],[-55.4772,-10.1261],[-55.4974,-10.0962],[-55.5229,-10.0974],[-55.5445,-10.0635],[-55.5576,-10.057],[-55.57,-10.1266]]]}},{"type":"Feature","properties":{"code":"5108857","name":"Nova Marilândia"},"geometry":{"type":"Polygon","coordinates":[[[-57.7198,-14.3754],[-57.6799,-14.3933],[-57.6713,-14.4191],[-57.6479,-14.4327],[-57.6538,-14.4046],[-57.6432,-14.377],[-57.6296,-14.3803],[-57.6174,-14.3964],[-57.5862,-14.3801],[-57.5727,-14.3556],[-57.585,-14.3381],[-57.5579,-14.3404],[-57.5442,-14.3617],[-57.5092,-14.3262],[-57.4845,-14.3281],[-57.455,-14.3448],[-57.4385,-14.347],[-57.4431,-14.3292],[-57.4363,-14.3076],[-57.3928,-14.3509],[-57.3672,-14.3312],[-57.3562,-14.3296],[-57.3523,-14.3591],[-57.3402,-14.3561],[-57.3184,-14.3762],[-57.3051,-14.3814],[-57.2949,-14.378],[-57.2982,-14.4262],[-57.2889,-14.4195],[-57.2422,-14.4207],[-57.2314,-14.4141],[-57.2008,-14.4131],[-57.1479,-14.3931],[-57.1405,-14.3947],[-57.1477,-14.4063],[-57.1427,-14.4207],[-57.1309,-14.4131],[-57.0158,-14.4253],[-57.004,-14.4174],[-56.9933,-14.4337],[-56.9773,-14.4356],[-56.984,-14.4222],[-56.9729,-14.4118],[-56.9229,-14.3899],[-56.9143,-14.3766],[-56.8956,-14.37],[-56.8791,-14.3522],[-56.8808,-14.2988],[-56.8667,-14.2635],[-56.8745,-14.2532],[-56.8717,-14.2381],[-56.8768,-14.227],[-56.9479,-14.1762],[-56.9517,-14.1723],[-56.9392,-14.1647],[-56.9492,-14.1621],[-57.0014,-14.1928],[-57.0536,-14.1994],[-57.0815,-14.1889],[-57.0807,-14.1577],[-57.0892,-14.1563],[-57.1119,-14.1729],[-57.1213,-14.1734],[-57.1333,-14.1618],[-57.1463,-14.1624],[-57.1745,-14.1865],[-57.1971,-14.1896],[-57.2381,-14.1681],[-57.3056,-14.1731],[-57.3348,-14.1864],[-57.3527,-14.1844],[-57.3656,-14.1772],[-57.377,-14.1556],[-57.3926,-14.1544],[-57.4101,-14.163],[-57.4263,-14.1857],[-57.4528,-14.1894],[-57.4753,-14.2093],[-57.5081,-14.2225],[-57.5338,-14.2214],[-57.5472,-14.2289],[-57.5596,-14.2256],[-57.5695,-14.2048],[-57.5891,-14.1943],[-57.6237,-14.2033],[-57.657,-14.2362],[-57.6756,-14.2868],[-57.7329,-14.3034],[-57.7198,-14.3754]]]}},{"type":"Feature","properties":{"code":"5108907","name":"Nova Maringá"},"geometry":{"type":"Polygon","coordinates":[[[-57.2803,-13.8076],[-57.2757,-13.7735],[-57.2503,-13.7478],[-57.2529,-13.7275],[-57.2349,-13.711],[-57.224,-13.7135],[-57.2203,-13.7036],[-57.1905,-13.7007],[-57.1827,-13.6853],[-57.1737,-13.6848],[-57.1706,-13.6702],[-57.1533,-13.6714],[-57.1408,-13.6613],[-57.1027,-13.5794],[-57.0881,-13.5788],[-57.0676,-13.5489],[-57.0372,-13.5454],[-57.0301,-13.5629],[-57.0042,-13.5364],[-56.9952,-13.5191],[-57.0005,-13.5121],[-56.9946,-13.4918],[-57.0145,-13.4673],[-57.0115,-13.4631],[-57.0223,-13.4426],[-57.0184,-13.4358],[-57.0231,-13.4285],[-57.0156,-13.4213],[-57.0212,-13.4051],[-57.0138,-13.394],[-57.0174,-13.3667],[-56.989,-13.321],[-56.9883,-13.3071],[-56.9617,-13.292],[-56.9585,-13.2621],[-56.9505,-13.2543],[-56.9517,-13.2331],[-56.9317,-13.2173],[-56.9068,-13.208],[-56.8981,-13.1933],[-56.8919,-13.1932],[-56.8902,-13.1799],[-56.8708,-13.1615],[-56.8757,-13.1552],[-56.8685,-13.1465],[-56.8675,-13.1284],[-56.8344,-13.0766],[-56.8375,-13.0617],[-56.8293,-13.0425],[-56.7702,-12.9817],[-56.7437,-12.9693],[-56.7399,-12.9547],[-56.7626,-12.9073],[-56.7574,-12.8997],[-56.7631,-12.8968],[-56.7627,-12.8846],[-56.7524,-12.8678],[-56.7585,-12.8472],[-56.7733,-12.8348],[-56.7989,-12.79],[-56.7979,-12.7596],[-56.8275,-12.7375],[-56.8347,-12.7127],[-56.8467,-12.6996],[-56.8449,-12.6807],[-56.8651,-12.6729],[-56.8673,-12.6587],[-56.903,-12.6299],[-56.902,-12.6114],[-56.8936,-12.6037],[-56.9014,-12.5627],[-56.9125,-12.5563],[-56.9306,-12.5605],[-56.9381,-12.5441],[-56.9311,-12.5335],[-56.9354,-12.5245],[-56.9561,-12.5252],[-56.9538,-12.5153],[-56.943,-12.5122],[-56.9437,-12.4785],[-56.9531,-12.47],[-56.9474,-12.4514],[-56.9575,-12.4419],[-56.9423,-12.4271],[-56.9488,-12.4045],[-56.9684,-12.398],[-56.9653,-12.375],[-56.9745,-12.3631],[-56.9719,-12.3293],[-56.9787,-12.3215],[-56.9778,-12.3095],[-56.9577,-12.3051],[-56.9562,-12.2992],[-56.9614,-12.295],[-56.9749,-12.3018],[-56.9794,-12.2927],[-57.0078,-12.2836],[-57.0222,-12.2656],[-57.0403,-12.2555],[-57.0368,-12.23],[-57.0457,-12.2245],[-57.0467,-12.2052],[-57.0581,-12.1916],[-57.0759,-12.1846],[-57.0686,-12.1593],[-57.1063,-12.0821],[-57.124,-12.0686],[-57.136,-12.0455],[-57.1347,-12.0231],[-57.1427,-12.0147],[-57.1507,-11.9767],[-57.163,-11.9599],[-57.1646,-11.9356],[-57.1883,-11.8907],[-57.1964,-11.8457],[-57.2366,-11.8251],[-57.2508,-11.804],[-57.3083,-11.7552],[-57.3508,-11.7717],[-57.3686,-11.7412],[-57.3553,-11.7379],[-57.3529,-11.7263],[-57.3611,-11.7121],[-57.3707,-11.7091],[-57.3854,-11.7227],[-57.4057,-11.7198],[-57.4154,-11.7417],[-57.3949,-11.793],[-57.3921,-11.8225],[-57.3971,-11.8399],[-57.431,-11.8643],[-57.4343,-11.8809],[-57.4287,-11.8908],[-57.4367,-11.9094],[-57.4216,-11.9632],[-57.4282,-12.0],[-57.4085,-12.0207],[-57.4224,-12.0662],[-57.4034,-12.1006],[-57.5049,-12.0868],[-57.5436,-12.0663],[-57.5617,-12.0717],[-57.6051,-12.1014],[-57.6149,-12.1017],[-57.6162,-12.1284],[-57.6389,-12.1394],[-57.6496,-12.1382],[-57.6689,-12.1528],[-57.6792,-12.1696],[-57.7139,-12.1877],[-57.7341,-12.2093],[-57.7208,-12.2194],[-57.6849,-12.2241],[-57.6696,-12.2464],[-57.6588,-12.2464],[-57.6412,-12.2595],[-57.6516,-12.2884],[-57.6325,-12.2932],[-57.6234,-12.3224],[-57.6124,-12.3277],[-57.6259,-12.3409],[-57.5894,-12.3538],[-57.5639,-12.3812],[-57.5365,-12.3856],[-57.5362,-12.3992],[-57.5297,-12.4057],[-57.5201,-12.4034],[-57.4944,-12.4128],[-57.4944,-12.4217],[-57.4788,-12.4246],[-57.4681,-12.4375],[-57.4723,-12.4442],[-57.4413,-12.4662],[-57.4344,-12.4817],[-57.4391,-12.5076],[-57.4326,-12.5181],[-57.4415,-12.5784],[-57.4304,-12.6141],[-57.4171,-12.6278],[-57.4121,-12.6818],[-57.3963,-12.7117],[-57.4062,-12.7322],[-57.4105,-12.7671],[-57.3704,-12.8513],[-57.3491,-12.8747],[-57.3171,-12.8959],[-57.3061,-12.9177],[-57.2927,-12.9259],[-57.3032,-12.9387],[-57.3005,-12.9608],[-57.3078,-12.9644],[-57.3131,-12.9882],[-57.3102,-13.0121],[-57.3195,-13.0283],[-57.324,-13.026],[-57.3271,-13.0443],[-57.3467,-13.0485],[-57.3668,-13.0737],[-57.4062,-13.1031],[-57.4106,-13.1152],[-57.4315,-13.1196],[-57.4513,-13.1381],[-57.4655,-13.1398],[-57.4718,-13.1496],[-57.4867,-13.1549],[-57.4851,-13.1766],[-57.4978,-13.1788],[-57.5086,-13.1956],[-57.5052,-13.2039],[-57.5149,-13.209],[-57.5245,-13.2299],[-57.5385,-13.2378],[-57.5563,-13.2735],[-57.576,-13.2857],[-57.6188,-13.3408],[-57.6133,-13.3512],[-57.6216,-13.3621],[-57.6221,-13.3937],[-57.63,-13.4118],[-57.6089,-13.4167],[-57.5953,-13.4362],[-57.5679,-13.452],[-57.5557,-13.4908],[-57.5584,-13.5027],[-57.5418,-13.5333],[-57.5383,-13.5609],[-57.5432,-13.582],[-57.4517,-13.58],[-57.3752,-13.5555],[-57.3574,-13.552],[-57.348,-13.5566],[-57.3657,-13.5864],[-57.349,-13.601],[-57.3345,-13.5995],[-57.3303,-13.6244],[-57.346,-13.6473],[-57.3414,-13.6555],[-57.3519,-13.6658],[-57.3485,-13.6782],[-57.3576,-13.6974],[-57.3533,-13.7382],[-57.2803,-13.8076]]]}},{"type":"Feature","properties":{"code":"5108956","name":"Nova Monte Verde"},"geometry":{"type":"Polygon","coordinates":[[[-57.5996,-10.2495],[-57.5864,-10.2503],[-57.5797,-10.2612],[-57.5413,-10.277],[-57.5307,-10.2717],[-57.5,-10.2727],[-57.4522,-10.2541],[-57.4312,-10.2668],[-57.3846,-10.2783],[-57.3792,-10.2873],[-57.3612,-10.2808],[-57.3511,-10.2863],[-57.3322,-10.2769],[-57.3136,-10.281],[-57.2978,-10.2717],[-57.2783,-10.2709],[-57.2481,-10.2925],[-57.2092,-10.2951],[-57.1623,-10.3254],[-57.1531,-10.3123],[-57.0933,-10.3145],[-57.0754,-10.3035],[-57.0496,-10.3111],[-56.9985,-10.2918],[-56.9866,-10.2939],[-56.9567,-10.2784],[-56.9311,-10.2761],[-56.9263,-10.2707],[-56.9373,-10.2577],[-56.9307,-10.2428],[-56.944,-10.2219],[-56.9432,-10.1935],[-56.9518,-10.1812],[-56.9418,-10.1657],[-56.9458,-10.1524],[-56.929,-10.1488],[-56.9327,-10.1421],[-56.9456,-10.1452],[-56.9577,-10.1247],[-56.9726,-10.1227],[-56.9496,-10.0982],[-56.9488,-10.0844],[-56.9377,-10.0694],[-56.8992,-10.0543],[-56.9108,-10.0491],[-56.9037,-10.0414],[-56.9055,-10.0329],[-56.9301,-9.9919],[-56.9241,-9.9606],[-56.9413,-9.9493],[-56.938,-9.9363],[-56.9224,-9.9277],[-56.9192,-9.9187],[-56.8975,-9.9098],[-56.8932,-9.8935],[-56.908,-9.883],[-56.9094,-9.8709],[-56.8916,-9.8518],[-56.864,-9.8478],[-56.8516,-9.8694],[-56.8417,-9.858],[-56.8517,-9.8524],[-56.8654,-9.8186],[-56.853,-9.8156],[-56.8501,-9.7947],[-56.8661,-9.7966],[-56.8841,-9.7812],[-56.8874,-9.7711],[-56.878,-9.7506],[-56.89,-9.7392],[-56.8828,-9.7243],[-56.8962,-9.7139],[-56.9148,-9.6701],[-56.9277,-9.665],[-56.9202,-9.6479],[-56.9283,-9.637],[-56.9261,-9.627],[-56.9391,-9.6194],[-56.9416,-9.5938],[-56.9657,-9.5884],[-56.9636,-9.5758],[-56.9694,-9.5736],[-56.9754,-9.5801],[-56.9822,-9.5593],[-56.9956,-9.566],[-57.0039,-9.5522],[-57.0151,-9.5588],[-57.02,-9.5424],[-57.0479,-9.5384],[-57.0545,-9.5294],[-57.0542,-9.537],[-57.0742,-9.5587],[-57.1108,-9.5738],[-57.114,-9.5839],[-57.1089,-9.5925],[-57.1327,-9.6172],[-57.1313,-9.6261],[-57.1449,-9.6476],[-57.1444,-9.6622],[-57.1643,-9.6679],[-57.1725,-9.7203],[-57.1931,-9.7483],[-57.1889,-9.791],[-57.2085,-9.7867],[-57.2115,-9.7938],[-57.2228,-9.7967],[-57.2254,-9.7885],[-57.245,-9.794],[-57.2561,-9.7882],[-57.2718,-9.8022],[-57.2692,-9.8215],[-57.2938,-9.8081],[-57.2881,-9.7938],[-57.2919,-9.7796],[-57.3185,-9.78],[-57.3242,-9.775],[-57.3292,-9.7579],[-57.3221,-9.7442],[-57.332,-9.698],[-57.3402,-9.6856],[-57.3529,-9.6884],[-57.3729,-9.6822],[-57.4029,-9.6958],[-57.4264,-9.6918],[-57.4486,-9.7285],[-57.4969,-9.7361],[-57.5099,-9.7507],[-57.5471,-9.763],[-57.5628,-9.7786],[-57.5971,-9.7554],[-57.5943,-9.7479],[-57.6179,-9.7406],[-57.6288,-9.7087],[-57.6427,-9.7123],[-57.6483,-9.7026],[-57.657,-9.7034],[-57.6688,-9.7174],[-57.6194,-9.7472],[-57.6145,-9.7617],[-57.6738,-9.8246],[-57.6722,-9.8324],[-57.6856,-9.845],[-57.6965,-9.8719],[-57.676,-9.8669],[-57.6772,-9.8814],[-57.6455,-9.8985],[-57.6543,-9.9193],[-57.6488,-9.9373],[-57.6608,-9.9609],[-57.6318,-10.0024],[-57.6243,-10.0088],[-57.6142,-10.0025],[-57.6216,-10.027],[-57.6107,-10.0487],[-57.5982,-10.0573],[-57.602,-10.0698],[-57.5947,-10.0754],[-57.5962,-10.0851],[-57.584,-10.0937],[-57.5845,-10.1279],[-57.5793,-10.1347],[-57.5884,-10.1395],[-57.5767,-10.1637],[-57.5861,-10.1628],[-57.5898,-10.1848],[-57.6005,-10.1955],[-57.5996,-10.2495]]]}}]}